run_id,model_id,universe_id,base_commit,point_in_time_universe,survivorship_bias,classification,ticker,name,sector,signal_date,score
0f6c05bff4831033,tgs_stable_v2_universe_lab,U15,43d5dd5aa6be3b0638b5af83976e61a214bd9c37,False,True,survivorship-biased exploratory evidence; not Formal Candidate,8001.T,Itochu Corp.,Trading companies,2004-11-05,120
0f6c05bff4831033,tgs_stable_v2_universe_lab,U15,43d5dd5aa6be3b0638b5af83976e61a214bd9c37,False,True,survivorship-biased exploratory evidence; not Formal Candidate,5801.T,"The Furukawa Electric Co., Ltd.",Nonferrous metals,2004-11-08,90
0f6c05bff4831033,tgs_stable_v2_universe_lab,U15,43d5dd5aa6be3b0638b5af83976e61a214bd9c37,False,True,survivorship-biased exploratory evidence; not Formal Candidate,5803.T,Fujikura Ltd.,Nonferrous metals,2004-11-08,90
0f6c05bff4831033,tgs_stable_v2_universe_lab,U15,43d5dd5aa6be3b0638b5af83976e61a214bd9c37,False,True,survivorship-biased exploratory evidence; not Formal Candidate,8001.T,Itochu Corp.,Trading companies,2004-11-08,100
0f6c05bff4831033,tgs_stable_v2_universe_lab,U15,43d5dd5aa6be3b0638b5af83976e61a214bd9c37,False,True,survivorship-biased exploratory evidence; not Formal Candidate,5801.T,"The Furukawa Electric Co., Ltd.",Nonferrous metals,2004-11-09,90
0f6c05bff4831033,tgs_stable_v2_universe_lab,U15,43d5dd5aa6be3b0638b5af83976e61a214bd9c37,False,True,survivorship-biased exploratory evidence; not Formal Candidate,5803.T,Fujikura Ltd.,Nonferrous metals,2004-11-09,90
0f6c05bff4831033,tgs_stable_v2_universe_lab,U15,43d5dd5aa6be3b0638b5af83976e61a214bd9c37,False,True,survivorship-biased exploratory evidence; not Formal Candidate,8001.T,Itochu Corp.,Trading companies,2004-11-09,100
0f6c05bff4831033,tgs_stable_v2_universe_lab,U15,43d5dd5aa6be3b0638b5af83976e61a214bd9c37,False,True,survivorship-biased exploratory evidence; not Formal Candidate,8001.T,Itochu Corp.,Trading companies,2004-11-10,100
0f6c05bff4831033,tgs_stable_v2_universe_lab,U15,43d5dd5aa6be3b0638b5af83976e61a214bd9c37,False,True,survivorship-biased exploratory evidence; not Formal Candidate,5801.T,"The Furukawa Electric Co., Ltd.",Nonferrous metals,2004-11-11,90
0f6c05bff4831033,tgs_stable_v2_universe_lab,U15,43d5dd5aa6be3b0638b5af83976e61a214bd9c37,False,True,survivorship-biased exploratory evidence; not Formal Candidate,8001.T,Itochu Corp.,Trading companies,2004-11-11,100
0f6c05bff4831033,tgs_stable_v2_universe_lab,U15,43d5dd5aa6be3b0638b5af83976e61a214bd9c37,False,True,survivorship-biased exploratory evidence; not Formal Candidate,5802.T,"Sumitomo Electric Industries, Ltd.",Nonferrous metals,2004-11-12,100
0f6c05bff4831033,tgs_stable_v2_universe_lab,U15,43d5dd5aa6be3b0638b5af83976e61a214bd9c37,False,True,survivorship-biased exploratory evidence; not Formal Candidate,5802.T,"Sumitomo Electric Industries, Ltd.",Nonferrous metals,2004-11-16,100
0f6c05bff4831033,tgs_stable_v2_universe_lab,U15,43d5dd5aa6be3b0638b5af83976e61a214bd9c37,False,True,survivorship-biased exploratory evidence; not Formal Candidate,5802.T,"Sumitomo Electric Industries, Ltd.",Nonferrous metals,2004-11-17,100
0f6c05bff4831033,tgs_stable_v2_universe_lab,U15,43d5dd5aa6be3b0638b5af83976e61a214bd9c37,False,True,survivorship-biased exploratory evidence; not Formal Candidate,5802.T,"Sumitomo Electric Industries, Ltd.",Nonferrous metals,2004-11-18,100
0f6c05bff4831033,tgs_stable_v2_universe_lab,U15,43d5dd5aa6be3b0638b5af83976e61a214bd9c37,False,True,survivorship-biased exploratory evidence; not Formal Candidate,8031.T,"Mitsui & Co., Ltd.",Trading companies,2004-11-25,90
0f6c05bff4831033,tgs_stable_v2_universe_lab,U15,43d5dd5aa6be3b0638b5af83976e61a214bd9c37,False,True,survivorship-biased exploratory evidence; not Formal Candidate,8053.T,Sumitomo Corp.,Trading companies,2004-11-30,90
0f6c05bff4831033,tgs_stable_v2_universe_lab,U15,43d5dd5aa6be3b0638b5af83976e61a214bd9c37,False,True,survivorship-biased exploratory evidence; not Formal Candidate,8058.T,Mitsubishi Corp.,Trading companies,2004-12-02,90
0f6c05bff4831033,tgs_stable_v2_universe_lab,U15,43d5dd5aa6be3b0638b5af83976e61a214bd9c37,False,True,survivorship-biased exploratory evidence; not Formal Candidate,8801.T,"Mitsui Fudosan Co., Ltd.",Real estate,2004-12-03,100
0f6c05bff4831033,tgs_stable_v2_universe_lab,U15,43d5dd5aa6be3b0638b5af83976e61a214bd9c37,False,True,survivorship-biased exploratory evidence; not Formal Candidate,8801.T,"Mitsui Fudosan Co., Ltd.",Real estate,2004-12-06,100
0f6c05bff4831033,tgs_stable_v2_universe_lab,U15,43d5dd5aa6be3b0638b5af83976e61a214bd9c37,False,True,survivorship-biased exploratory evidence; not Formal Candidate,8801.T,"Mitsui Fudosan Co., Ltd.",Real estate,2004-12-07,100
0f6c05bff4831033,tgs_stable_v2_universe_lab,U15,43d5dd5aa6be3b0638b5af83976e61a214bd9c37,False,True,survivorship-biased exploratory evidence; not Formal Candidate,8053.T,Sumitomo Corp.,Trading companies,2004-12-08,90
0f6c05bff4831033,tgs_stable_v2_universe_lab,U15,43d5dd5aa6be3b0638b5af83976e61a214bd9c37,False,True,survivorship-biased exploratory evidence; not Formal Candidate,8801.T,"Mitsui Fudosan Co., Ltd.",Real estate,2004-12-08,100
0f6c05bff4831033,tgs_stable_v2_universe_lab,U15,43d5dd5aa6be3b0638b5af83976e61a214bd9c37,False,True,survivorship-biased exploratory evidence; not Formal Candidate,8801.T,"Mitsui Fudosan Co., Ltd.",Real estate,2004-12-09,100
0f6c05bff4831033,tgs_stable_v2_universe_lab,U15,43d5dd5aa6be3b0638b5af83976e61a214bd9c37,False,True,survivorship-biased exploratory evidence; not Formal Candidate,5802.T,"Sumitomo Electric Industries, Ltd.",Nonferrous metals,2004-12-10,90
0f6c05bff4831033,tgs_stable_v2_universe_lab,U15,43d5dd5aa6be3b0638b5af83976e61a214bd9c37,False,True,survivorship-biased exploratory evidence; not Formal Candidate,8015.T,Toyota Tsusho Corp.,Trading companies,2004-12-10,90
0f6c05bff4831033,tgs_stable_v2_universe_lab,U15,43d5dd5aa6be3b0638b5af83976e61a214bd9c37,False,True,survivorship-biased exploratory evidence; not Formal Candidate,8053.T,Sumitomo Corp.,Trading companies,2004-12-10,90
0f6c05bff4831033,tgs_stable_v2_universe_lab,U15,43d5dd5aa6be3b0638b5af83976e61a214bd9c37,False,True,survivorship-biased exploratory evidence; not Formal Candidate,8058.T,Mitsubishi Corp.,Trading companies,2004-12-10,90
0f6c05bff4831033,tgs_stable_v2_universe_lab,U15,43d5dd5aa6be3b0638b5af83976e61a214bd9c37,False,True,survivorship-biased exploratory evidence; not Formal Candidate,8058.T,Mitsubishi Corp.,Trading companies,2004-12-13,90
0f6c05bff4831033,tgs_stable_v2_universe_lab,U15,43d5dd5aa6be3b0638b5af83976e61a214bd9c37,False,True,survivorship-biased exploratory evidence; not Formal Candidate,8015.T,Toyota Tsusho Corp.,Trading companies,2004-12-15,90
0f6c05bff4831033,tgs_stable_v2_universe_lab,U15,43d5dd5aa6be3b0638b5af83976e61a214bd9c37,False,True,survivorship-biased exploratory evidence; not Formal Candidate,8801.T,"Mitsui Fudosan Co., Ltd.",Real estate,2004-12-24,100
0f6c05bff4831033,tgs_stable_v2_universe_lab,U15,43d5dd5aa6be3b0638b5af83976e61a214bd9c37,False,True,survivorship-biased exploratory evidence; not Formal Candidate,8801.T,"Mitsui Fudosan Co., Ltd.",Real estate,2004-12-27,100
0f6c05bff4831033,tgs_stable_v2_universe_lab,U15,43d5dd5aa6be3b0638b5af83976e61a214bd9c37,False,True,survivorship-biased exploratory evidence; not Formal Candidate,8801.T,"Mitsui Fudosan Co., Ltd.",Real estate,2004-12-28,100
0f6c05bff4831033,tgs_stable_v2_universe_lab,U15,43d5dd5aa6be3b0638b5af83976e61a214bd9c37,False,True,survivorship-biased exploratory evidence; not Formal Candidate,8801.T,"Mitsui Fudosan Co., Ltd.",Real estate,2004-12-29,100
0f6c05bff4831033,tgs_stable_v2_universe_lab,U15,43d5dd5aa6be3b0638b5af83976e61a214bd9c37,False,True,survivorship-biased exploratory evidence; not Formal Candidate,8801.T,"Mitsui Fudosan Co., Ltd.",Real estate,2004-12-30,100
0f6c05bff4831033,tgs_stable_v2_universe_lab,U15,43d5dd5aa6be3b0638b5af83976e61a214bd9c37,False,True,survivorship-biased exploratory evidence; not Formal Candidate,6301.T,Komatsu Ltd.,Machinery,2005-01-07,100
0f6c05bff4831033,tgs_stable_v2_universe_lab,U15,43d5dd5aa6be3b0638b5af83976e61a214bd9c37,False,True,survivorship-biased exploratory evidence; not Formal Candidate,8802.T,"Mitsubishi Estate Co., Ltd.",Real estate,2005-01-07,100
0f6c05bff4831033,tgs_stable_v2_universe_lab,U15,43d5dd5aa6be3b0638b5af83976e61a214bd9c37,False,True,survivorship-biased exploratory evidence; not Formal Candidate,8058.T,Mitsubishi Corp.,Trading companies,2005-01-11,90
0f6c05bff4831033,tgs_stable_v2_universe_lab,U15,43d5dd5aa6be3b0638b5af83976e61a214bd9c37,False,True,survivorship-biased exploratory evidence; not Formal Candidate,8802.T,"Mitsubishi Estate Co., Ltd.",Real estate,2005-01-11,100
0f6c05bff4831033,tgs_stable_v2_universe_lab,U15,43d5dd5aa6be3b0638b5af83976e61a214bd9c37,False,True,survivorship-biased exploratory evidence; not Formal Candidate,6301.T,Komatsu Ltd.,Machinery,2005-01-12,100
0f6c05bff4831033,tgs_stable_v2_universe_lab,U15,43d5dd5aa6be3b0638b5af83976e61a214bd9c37,False,True,survivorship-biased exploratory evidence; not Formal Candidate,8802.T,"Mitsubishi Estate Co., Ltd.",Real estate,2005-01-12,100
0f6c05bff4831033,tgs_stable_v2_universe_lab,U15,43d5dd5aa6be3b0638b5af83976e61a214bd9c37,False,True,survivorship-biased exploratory evidence; not Formal Candidate,6301.T,Komatsu Ltd.,Machinery,2005-01-13,100
0f6c05bff4831033,tgs_stable_v2_universe_lab,U15,43d5dd5aa6be3b0638b5af83976e61a214bd9c37,False,True,survivorship-biased exploratory evidence; not Formal Candidate,8802.T,"Mitsubishi Estate Co., Ltd.",Real estate,2005-01-13,100
0f6c05bff4831033,tgs_stable_v2_universe_lab,U15,43d5dd5aa6be3b0638b5af83976e61a214bd9c37,False,True,survivorship-biased exploratory evidence; not Formal Candidate,5802.T,"Sumitomo Electric Industries, Ltd.",Nonferrous metals,2005-01-14,90
0f6c05bff4831033,tgs_stable_v2_universe_lab,U15,43d5dd5aa6be3b0638b5af83976e61a214bd9c37,False,True,survivorship-biased exploratory evidence; not Formal Candidate,6301.T,Komatsu Ltd.,Machinery,2005-01-14,90
0f6c05bff4831033,tgs_stable_v2_universe_lab,U15,43d5dd5aa6be3b0638b5af83976e61a214bd9c37,False,True,survivorship-biased exploratory evidence; not Formal Candidate,6367.T,"Daikin Industries, Ltd.",Machinery,2005-01-14,90
0f6c05bff4831033,tgs_stable_v2_universe_lab,U15,43d5dd5aa6be3b0638b5af83976e61a214bd9c37,False,True,survivorship-biased exploratory evidence; not Formal Candidate,8002.T,Marubeni Corp.,Trading companies,2005-01-14,100
0f6c05bff4831033,tgs_stable_v2_universe_lab,U15,43d5dd5aa6be3b0638b5af83976e61a214bd9c37,False,True,survivorship-biased exploratory evidence; not Formal Candidate,8801.T,"Mitsui Fudosan Co., Ltd.",Real estate,2005-01-14,90
0f6c05bff4831033,tgs_stable_v2_universe_lab,U15,43d5dd5aa6be3b0638b5af83976e61a214bd9c37,False,True,survivorship-biased exploratory evidence; not Formal Candidate,8802.T,"Mitsubishi Estate Co., Ltd.",Real estate,2005-01-14,90
0f6c05bff4831033,tgs_stable_v2_universe_lab,U15,43d5dd5aa6be3b0638b5af83976e61a214bd9c37,False,True,survivorship-biased exploratory evidence; not Formal Candidate,8002.T,Marubeni Corp.,Trading companies,2005-01-17,100
0f6c05bff4831033,tgs_stable_v2_universe_lab,U15,43d5dd5aa6be3b0638b5af83976e61a214bd9c37,False,True,survivorship-biased exploratory evidence; not Formal Candidate,8801.T,"Mitsui Fudosan Co., Ltd.",Real estate,2005-01-17,90
0f6c05bff4831033,tgs_stable_v2_universe_lab,U15,43d5dd5aa6be3b0638b5af83976e61a214bd9c37,False,True,survivorship-biased exploratory evidence; not Formal Candidate,8801.T,"Mitsui Fudosan Co., Ltd.",Real estate,2005-01-18,90
0f6c05bff4831033,tgs_stable_v2_universe_lab,U15,43d5dd5aa6be3b0638b5af83976e61a214bd9c37,False,True,survivorship-biased exploratory evidence; not Formal Candidate,5802.T,"Sumitomo Electric Industries, Ltd.",Nonferrous metals,2005-01-19,90
0f6c05bff4831033,tgs_stable_v2_universe_lab,U15,43d5dd5aa6be3b0638b5af83976e61a214bd9c37,False,True,survivorship-biased exploratory evidence; not Formal Candidate,6273.T,SMC Corporation,Machinery,2005-01-19,90
0f6c05bff4831033,tgs_stable_v2_universe_lab,U15,43d5dd5aa6be3b0638b5af83976e61a214bd9c37,False,True,survivorship-biased exploratory evidence; not Formal Candidate,8002.T,Marubeni Corp.,Trading companies,2005-01-19,100
0f6c05bff4831033,tgs_stable_v2_universe_lab,U15,43d5dd5aa6be3b0638b5af83976e61a214bd9c37,False,True,survivorship-biased exploratory evidence; not Formal Candidate,6367.T,"Daikin Industries, Ltd.",Machinery,2005-01-20,90
0f6c05bff4831033,tgs_stable_v2_universe_lab,U15,43d5dd5aa6be3b0638b5af83976e61a214bd9c37,False,True,survivorship-biased exploratory evidence; not Formal Candidate,8002.T,Marubeni Corp.,Trading companies,2005-01-20,100
0f6c05bff4831033,tgs_stable_v2_universe_lab,U15,43d5dd5aa6be3b0638b5af83976e61a214bd9c37,False,True,survivorship-biased exploratory evidence; not Formal Candidate,8031.T,"Mitsui & Co., Ltd.",Trading companies,2005-01-21,100
0f6c05bff4831033,tgs_stable_v2_universe_lab,U15,43d5dd5aa6be3b0638b5af83976e61a214bd9c37,False,True,survivorship-biased exploratory evidence; not Formal Candidate,8031.T,"Mitsui & Co., Ltd.",Trading companies,2005-01-24,100
0f6c05bff4831033,tgs_stable_v2_universe_lab,U15,43d5dd5aa6be3b0638b5af83976e61a214bd9c37,False,True,survivorship-biased exploratory evidence; not Formal Candidate,8031.T,"Mitsui & Co., Ltd.",Trading companies,2005-01-25,100
0f6c05bff4831033,tgs_stable_v2_universe_lab,U15,43d5dd5aa6be3b0638b5af83976e61a214bd9c37,False,True,survivorship-biased exploratory evidence; not Formal Candidate,8031.T,"Mitsui & Co., Ltd.",Trading companies,2005-01-26,100
0f6c05bff4831033,tgs_stable_v2_universe_lab,U15,43d5dd5aa6be3b0638b5af83976e61a214bd9c37,False,True,survivorship-biased exploratory evidence; not Formal Candidate,8031.T,"Mitsui & Co., Ltd.",Trading companies,2005-01-27,100
0f6c05bff4831033,tgs_stable_v2_universe_lab,U15,43d5dd5aa6be3b0638b5af83976e61a214bd9c37,False,True,survivorship-biased exploratory evidence; not Formal Candidate,8001.T,Itochu Corp.,Trading companies,2005-01-28,100
0f6c05bff4831033,tgs_stable_v2_universe_lab,U15,43d5dd5aa6be3b0638b5af83976e61a214bd9c37,False,True,survivorship-biased exploratory evidence; not Formal Candidate,8001.T,Itochu Corp.,Trading companies,2005-01-31,100
0f6c05bff4831033,tgs_stable_v2_universe_lab,U15,43d5dd5aa6be3b0638b5af83976e61a214bd9c37,False,True,survivorship-biased exploratory evidence; not Formal Candidate,8002.T,Marubeni Corp.,Trading companies,2005-01-31,90
0f6c05bff4831033,tgs_stable_v2_universe_lab,U15,43d5dd5aa6be3b0638b5af83976e61a214bd9c37,False,True,survivorship-biased exploratory evidence; not Formal Candidate,8001.T,Itochu Corp.,Trading companies,2005-02-01,100
0f6c05bff4831033,tgs_stable_v2_universe_lab,U15,43d5dd5aa6be3b0638b5af83976e61a214bd9c37,False,True,survivorship-biased exploratory evidence; not Formal Candidate,5802.T,"Sumitomo Electric Industries, Ltd.",Nonferrous metals,2005-02-02,90
0f6c05bff4831033,tgs_stable_v2_universe_lab,U15,43d5dd5aa6be3b0638b5af83976e61a214bd9c37,False,True,survivorship-biased exploratory evidence; not Formal Candidate,8001.T,Itochu Corp.,Trading companies,2005-02-02,100
0f6c05bff4831033,tgs_stable_v2_universe_lab,U15,43d5dd5aa6be3b0638b5af83976e61a214bd9c37,False,True,survivorship-biased exploratory evidence; not Formal Candidate,6301.T,Komatsu Ltd.,Machinery,2005-02-03,90
0f6c05bff4831033,tgs_stable_v2_universe_lab,U15,43d5dd5aa6be3b0638b5af83976e61a214bd9c37,False,True,survivorship-biased exploratory evidence; not Formal Candidate,8001.T,Itochu Corp.,Trading companies,2005-02-03,100
0f6c05bff4831033,tgs_stable_v2_universe_lab,U15,43d5dd5aa6be3b0638b5af83976e61a214bd9c37,False,True,survivorship-biased exploratory evidence; not Formal Candidate,5801.T,"The Furukawa Electric Co., Ltd.",Nonferrous metals,2005-02-09,90
0f6c05bff4831033,tgs_stable_v2_universe_lab,U15,43d5dd5aa6be3b0638b5af83976e61a214bd9c37,False,True,survivorship-biased exploratory evidence; not Formal Candidate,5802.T,"Sumitomo Electric Industries, Ltd.",Nonferrous metals,2005-02-15,90
0f6c05bff4831033,tgs_stable_v2_universe_lab,U15,43d5dd5aa6be3b0638b5af83976e61a214bd9c37,False,True,survivorship-biased exploratory evidence; not Formal Candidate,8801.T,"Mitsui Fudosan Co., Ltd.",Real estate,2005-02-17,90
0f6c05bff4831033,tgs_stable_v2_universe_lab,U15,43d5dd5aa6be3b0638b5af83976e61a214bd9c37,False,True,survivorship-biased exploratory evidence; not Formal Candidate,8801.T,"Mitsui Fudosan Co., Ltd.",Real estate,2005-02-18,90
0f6c05bff4831033,tgs_stable_v2_universe_lab,U15,43d5dd5aa6be3b0638b5af83976e61a214bd9c37,False,True,survivorship-biased exploratory evidence; not Formal Candidate,8058.T,Mitsubishi Corp.,Trading companies,2005-02-23,100
0f6c05bff4831033,tgs_stable_v2_universe_lab,U15,43d5dd5aa6be3b0638b5af83976e61a214bd9c37,False,True,survivorship-biased exploratory evidence; not Formal Candidate,8031.T,"Mitsui & Co., Ltd.",Trading companies,2005-03-03,90
0f6c05bff4831033,tgs_stable_v2_universe_lab,U15,43d5dd5aa6be3b0638b5af83976e61a214bd9c37,False,True,survivorship-biased exploratory evidence; not Formal Candidate,8802.T,"Mitsubishi Estate Co., Ltd.",Real estate,2005-03-04,90
0f6c05bff4831033,tgs_stable_v2_universe_lab,U15,43d5dd5aa6be3b0638b5af83976e61a214bd9c37,False,True,survivorship-biased exploratory evidence; not Formal Candidate,8802.T,"Mitsubishi Estate Co., Ltd.",Real estate,2005-03-07,90
0f6c05bff4831033,tgs_stable_v2_universe_lab,U15,43d5dd5aa6be3b0638b5af83976e61a214bd9c37,False,True,survivorship-biased exploratory evidence; not Formal Candidate,8053.T,Sumitomo Corp.,Trading companies,2005-03-09,90
0f6c05bff4831033,tgs_stable_v2_universe_lab,U15,43d5dd5aa6be3b0638b5af83976e61a214bd9c37,False,True,survivorship-biased exploratory evidence; not Formal Candidate,5803.T,Fujikura Ltd.,Nonferrous metals,2005-03-11,90
0f6c05bff4831033,tgs_stable_v2_universe_lab,U15,43d5dd5aa6be3b0638b5af83976e61a214bd9c37,False,True,survivorship-biased exploratory evidence; not Formal Candidate,6301.T,Komatsu Ltd.,Machinery,2005-03-11,90
0f6c05bff4831033,tgs_stable_v2_universe_lab,U15,43d5dd5aa6be3b0638b5af83976e61a214bd9c37,False,True,survivorship-biased exploratory evidence; not Formal Candidate,8001.T,Itochu Corp.,Trading companies,2005-03-11,90
0f6c05bff4831033,tgs_stable_v2_universe_lab,U15,43d5dd5aa6be3b0638b5af83976e61a214bd9c37,False,True,survivorship-biased exploratory evidence; not Formal Candidate,8031.T,"Mitsui & Co., Ltd.",Trading companies,2005-03-11,90
0f6c05bff4831033,tgs_stable_v2_universe_lab,U15,43d5dd5aa6be3b0638b5af83976e61a214bd9c37,False,True,survivorship-biased exploratory evidence; not Formal Candidate,8053.T,Sumitomo Corp.,Trading companies,2005-03-11,90
0f6c05bff4831033,tgs_stable_v2_universe_lab,U15,43d5dd5aa6be3b0638b5af83976e61a214bd9c37,False,True,survivorship-biased exploratory evidence; not Formal Candidate,8058.T,Mitsubishi Corp.,Trading companies,2005-03-11,90
0f6c05bff4831033,tgs_stable_v2_universe_lab,U15,43d5dd5aa6be3b0638b5af83976e61a214bd9c37,False,True,survivorship-biased exploratory evidence; not Formal Candidate,8801.T,"Mitsui Fudosan Co., Ltd.",Real estate,2005-03-11,90
0f6c05bff4831033,tgs_stable_v2_universe_lab,U15,43d5dd5aa6be3b0638b5af83976e61a214bd9c37,False,True,survivorship-biased exploratory evidence; not Formal Candidate,5802.T,"Sumitomo Electric Industries, Ltd.",Nonferrous metals,2005-03-14,90
0f6c05bff4831033,tgs_stable_v2_universe_lab,U15,43d5dd5aa6be3b0638b5af83976e61a214bd9c37,False,True,survivorship-biased exploratory evidence; not Formal Candidate,5802.T,"Sumitomo Electric Industries, Ltd.",Nonferrous metals,2005-03-15,90
0f6c05bff4831033,tgs_stable_v2_universe_lab,U15,43d5dd5aa6be3b0638b5af83976e61a214bd9c37,False,True,survivorship-biased exploratory evidence; not Formal Candidate,8802.T,"Mitsubishi Estate Co., Ltd.",Real estate,2005-03-15,90
0f6c05bff4831033,tgs_stable_v2_universe_lab,U15,43d5dd5aa6be3b0638b5af83976e61a214bd9c37,False,True,survivorship-biased exploratory evidence; not Formal Candidate,5802.T,"Sumitomo Electric Industries, Ltd.",Nonferrous metals,2005-03-17,90
0f6c05bff4831033,tgs_stable_v2_universe_lab,U15,43d5dd5aa6be3b0638b5af83976e61a214bd9c37,False,True,survivorship-biased exploratory evidence; not Formal Candidate,8001.T,Itochu Corp.,Trading companies,2005-03-17,90
0f6c05bff4831033,tgs_stable_v2_universe_lab,U15,43d5dd5aa6be3b0638b5af83976e61a214bd9c37,False,True,survivorship-biased exploratory evidence; not Formal Candidate,5802.T,"Sumitomo Electric Industries, Ltd.",Nonferrous metals,2005-03-18,90
0f6c05bff4831033,tgs_stable_v2_universe_lab,U15,43d5dd5aa6be3b0638b5af83976e61a214bd9c37,False,True,survivorship-biased exploratory evidence; not Formal Candidate,5802.T,"Sumitomo Electric Industries, Ltd.",Nonferrous metals,2005-03-22,90
0f6c05bff4831033,tgs_stable_v2_universe_lab,U15,43d5dd5aa6be3b0638b5af83976e61a214bd9c37,False,True,survivorship-biased exploratory evidence; not Formal Candidate,8015.T,Toyota Tsusho Corp.,Trading companies,2005-03-22,100
0f6c05bff4831033,tgs_stable_v2_universe_lab,U15,43d5dd5aa6be3b0638b5af83976e61a214bd9c37,False,True,survivorship-biased exploratory evidence; not Formal Candidate,8058.T,Mitsubishi Corp.,Trading companies,2005-03-23,90
0f6c05bff4831033,tgs_stable_v2_universe_lab,U15,43d5dd5aa6be3b0638b5af83976e61a214bd9c37,False,True,survivorship-biased exploratory evidence; not Formal Candidate,8801.T,"Mitsui Fudosan Co., Ltd.",Real estate,2005-03-23,90
0f6c05bff4831033,tgs_stable_v2_universe_lab,U15,43d5dd5aa6be3b0638b5af83976e61a214bd9c37,False,True,survivorship-biased exploratory evidence; not Formal Candidate,8802.T,"Mitsubishi Estate Co., Ltd.",Real estate,2005-03-23,90
0f6c05bff4831033,tgs_stable_v2_universe_lab,U15,43d5dd5aa6be3b0638b5af83976e61a214bd9c37,False,True,survivorship-biased exploratory evidence; not Formal Candidate,8058.T,Mitsubishi Corp.,Trading companies,2005-03-24,90
0f6c05bff4831033,tgs_stable_v2_universe_lab,U15,43d5dd5aa6be3b0638b5af83976e61a214bd9c37,False,True,survivorship-biased exploratory evidence; not Formal Candidate,6273.T,SMC Corporation,Machinery,2005-03-30,90
0f6c05bff4831033,tgs_stable_v2_universe_lab,U15,43d5dd5aa6be3b0638b5af83976e61a214bd9c37,False,True,survivorship-biased exploratory evidence; not Formal Candidate,8002.T,Marubeni Corp.,Trading companies,2005-03-30,90
0f6c05bff4831033,tgs_stable_v2_universe_lab,U15,43d5dd5aa6be3b0638b5af83976e61a214bd9c37,False,True,survivorship-biased exploratory evidence; not Formal Candidate,8015.T,Toyota Tsusho Corp.,Trading companies,2005-04-18,90
0f6c05bff4831033,tgs_stable_v2_universe_lab,U15,43d5dd5aa6be3b0638b5af83976e61a214bd9c37,False,True,survivorship-biased exploratory evidence; not Formal Candidate,5803.T,Fujikura Ltd.,Nonferrous metals,2005-05-13,100
0f6c05bff4831033,tgs_stable_v2_universe_lab,U15,43d5dd5aa6be3b0638b5af83976e61a214bd9c37,False,True,survivorship-biased exploratory evidence; not Formal Candidate,8015.T,Toyota Tsusho Corp.,Trading companies,2005-05-13,100
0f6c05bff4831033,tgs_stable_v2_universe_lab,U15,43d5dd5aa6be3b0638b5af83976e61a214bd9c37,False,True,survivorship-biased exploratory evidence; not Formal Candidate,5803.T,Fujikura Ltd.,Nonferrous metals,2005-05-16,100
0f6c05bff4831033,tgs_stable_v2_universe_lab,U15,43d5dd5aa6be3b0638b5af83976e61a214bd9c37,False,True,survivorship-biased exploratory evidence; not Formal Candidate,8015.T,Toyota Tsusho Corp.,Trading companies,2005-05-16,120
0f6c05bff4831033,tgs_stable_v2_universe_lab,U15,43d5dd5aa6be3b0638b5af83976e61a214bd9c37,False,True,survivorship-biased exploratory evidence; not Formal Candidate,5803.T,Fujikura Ltd.,Nonferrous metals,2005-05-17,100
0f6c05bff4831033,tgs_stable_v2_universe_lab,U15,43d5dd5aa6be3b0638b5af83976e61a214bd9c37,False,True,survivorship-biased exploratory evidence; not Formal Candidate,8015.T,Toyota Tsusho Corp.,Trading companies,2005-05-17,120
0f6c05bff4831033,tgs_stable_v2_universe_lab,U15,43d5dd5aa6be3b0638b5af83976e61a214bd9c37,False,True,survivorship-biased exploratory evidence; not Formal Candidate,5803.T,Fujikura Ltd.,Nonferrous metals,2005-05-18,100
0f6c05bff4831033,tgs_stable_v2_universe_lab,U15,43d5dd5aa6be3b0638b5af83976e61a214bd9c37,False,True,survivorship-biased exploratory evidence; not Formal Candidate,8015.T,Toyota Tsusho Corp.,Trading companies,2005-05-18,100
0f6c05bff4831033,tgs_stable_v2_universe_lab,U15,43d5dd5aa6be3b0638b5af83976e61a214bd9c37,False,True,survivorship-biased exploratory evidence; not Formal Candidate,5803.T,Fujikura Ltd.,Nonferrous metals,2005-05-19,100
0f6c05bff4831033,tgs_stable_v2_universe_lab,U15,43d5dd5aa6be3b0638b5af83976e61a214bd9c37,False,True,survivorship-biased exploratory evidence; not Formal Candidate,8015.T,Toyota Tsusho Corp.,Trading companies,2005-05-19,100
0f6c05bff4831033,tgs_stable_v2_universe_lab,U15,43d5dd5aa6be3b0638b5af83976e61a214bd9c37,False,True,survivorship-biased exploratory evidence; not Formal Candidate,8015.T,Toyota Tsusho Corp.,Trading companies,2005-05-27,90
0f6c05bff4831033,tgs_stable_v2_universe_lab,U15,43d5dd5aa6be3b0638b5af83976e61a214bd9c37,False,True,survivorship-biased exploratory evidence; not Formal Candidate,8015.T,Toyota Tsusho Corp.,Trading companies,2005-05-30,90
0f6c05bff4831033,tgs_stable_v2_universe_lab,U15,43d5dd5aa6be3b0638b5af83976e61a214bd9c37,False,True,survivorship-biased exploratory evidence; not Formal Candidate,8015.T,Toyota Tsusho Corp.,Trading companies,2005-05-31,90
0f6c05bff4831033,tgs_stable_v2_universe_lab,U15,43d5dd5aa6be3b0638b5af83976e61a214bd9c37,False,True,survivorship-biased exploratory evidence; not Formal Candidate,8015.T,Toyota Tsusho Corp.,Trading companies,2005-06-02,90
0f6c05bff4831033,tgs_stable_v2_universe_lab,U15,43d5dd5aa6be3b0638b5af83976e61a214bd9c37,False,True,survivorship-biased exploratory evidence; not Formal Candidate,5803.T,Fujikura Ltd.,Nonferrous metals,2005-06-10,90
0f6c05bff4831033,tgs_stable_v2_universe_lab,U15,43d5dd5aa6be3b0638b5af83976e61a214bd9c37,False,True,survivorship-biased exploratory evidence; not Formal Candidate,6301.T,Komatsu Ltd.,Machinery,2005-06-10,100
0f6c05bff4831033,tgs_stable_v2_universe_lab,U15,43d5dd5aa6be3b0638b5af83976e61a214bd9c37,False,True,survivorship-biased exploratory evidence; not Formal Candidate,6301.T,Komatsu Ltd.,Machinery,2005-06-13,100
0f6c05bff4831033,tgs_stable_v2_universe_lab,U15,43d5dd5aa6be3b0638b5af83976e61a214bd9c37,False,True,survivorship-biased exploratory evidence; not Formal Candidate,6301.T,Komatsu Ltd.,Machinery,2005-06-14,100
0f6c05bff4831033,tgs_stable_v2_universe_lab,U15,43d5dd5aa6be3b0638b5af83976e61a214bd9c37,False,True,survivorship-biased exploratory evidence; not Formal Candidate,5803.T,Fujikura Ltd.,Nonferrous metals,2005-06-16,90
0f6c05bff4831033,tgs_stable_v2_universe_lab,U15,43d5dd5aa6be3b0638b5af83976e61a214bd9c37,False,True,survivorship-biased exploratory evidence; not Formal Candidate,6301.T,Komatsu Ltd.,Machinery,2005-06-16,100
0f6c05bff4831033,tgs_stable_v2_universe_lab,U15,43d5dd5aa6be3b0638b5af83976e61a214bd9c37,False,True,survivorship-biased exploratory evidence; not Formal Candidate,6367.T,"Daikin Industries, Ltd.",Machinery,2005-06-17,100
0f6c05bff4831033,tgs_stable_v2_universe_lab,U15,43d5dd5aa6be3b0638b5af83976e61a214bd9c37,False,True,survivorship-biased exploratory evidence; not Formal Candidate,8002.T,Marubeni Corp.,Trading companies,2005-06-17,100
0f6c05bff4831033,tgs_stable_v2_universe_lab,U15,43d5dd5aa6be3b0638b5af83976e61a214bd9c37,False,True,survivorship-biased exploratory evidence; not Formal Candidate,6367.T,"Daikin Industries, Ltd.",Machinery,2005-06-20,100
0f6c05bff4831033,tgs_stable_v2_universe_lab,U15,43d5dd5aa6be3b0638b5af83976e61a214bd9c37,False,True,survivorship-biased exploratory evidence; not Formal Candidate,8058.T,Mitsubishi Corp.,Trading companies,2005-06-23,100
0f6c05bff4831033,tgs_stable_v2_universe_lab,U15,43d5dd5aa6be3b0638b5af83976e61a214bd9c37,False,True,survivorship-biased exploratory evidence; not Formal Candidate,8001.T,Itochu Corp.,Trading companies,2005-06-24,100
0f6c05bff4831033,tgs_stable_v2_universe_lab,U15,43d5dd5aa6be3b0638b5af83976e61a214bd9c37,False,True,survivorship-biased exploratory evidence; not Formal Candidate,8001.T,Itochu Corp.,Trading companies,2005-06-27,100
0f6c05bff4831033,tgs_stable_v2_universe_lab,U15,43d5dd5aa6be3b0638b5af83976e61a214bd9c37,False,True,survivorship-biased exploratory evidence; not Formal Candidate,8031.T,"Mitsui & Co., Ltd.",Trading companies,2005-06-27,100
0f6c05bff4831033,tgs_stable_v2_universe_lab,U15,43d5dd5aa6be3b0638b5af83976e61a214bd9c37,False,True,survivorship-biased exploratory evidence; not Formal Candidate,8001.T,Itochu Corp.,Trading companies,2005-06-28,100
0f6c05bff4831033,tgs_stable_v2_universe_lab,U15,43d5dd5aa6be3b0638b5af83976e61a214bd9c37,False,True,survivorship-biased exploratory evidence; not Formal Candidate,8031.T,"Mitsui & Co., Ltd.",Trading companies,2005-06-28,100
0f6c05bff4831033,tgs_stable_v2_universe_lab,U15,43d5dd5aa6be3b0638b5af83976e61a214bd9c37,False,True,survivorship-biased exploratory evidence; not Formal Candidate,8001.T,Itochu Corp.,Trading companies,2005-06-29,100
0f6c05bff4831033,tgs_stable_v2_universe_lab,U15,43d5dd5aa6be3b0638b5af83976e61a214bd9c37,False,True,survivorship-biased exploratory evidence; not Formal Candidate,8001.T,Itochu Corp.,Trading companies,2005-06-30,100
0f6c05bff4831033,tgs_stable_v2_universe_lab,U15,43d5dd5aa6be3b0638b5af83976e61a214bd9c37,False,True,survivorship-biased exploratory evidence; not Formal Candidate,8802.T,"Mitsubishi Estate Co., Ltd.",Real estate,2005-07-06,100
0f6c05bff4831033,tgs_stable_v2_universe_lab,U15,43d5dd5aa6be3b0638b5af83976e61a214bd9c37,False,True,survivorship-biased exploratory evidence; not Formal Candidate,8802.T,"Mitsubishi Estate Co., Ltd.",Real estate,2005-07-07,100
0f6c05bff4831033,tgs_stable_v2_universe_lab,U15,43d5dd5aa6be3b0638b5af83976e61a214bd9c37,False,True,survivorship-biased exploratory evidence; not Formal Candidate,6367.T,"Daikin Industries, Ltd.",Machinery,2005-07-08,90
0f6c05bff4831033,tgs_stable_v2_universe_lab,U15,43d5dd5aa6be3b0638b5af83976e61a214bd9c37,False,True,survivorship-biased exploratory evidence; not Formal Candidate,8001.T,Itochu Corp.,Trading companies,2005-07-08,90
0f6c05bff4831033,tgs_stable_v2_universe_lab,U15,43d5dd5aa6be3b0638b5af83976e61a214bd9c37,False,True,survivorship-biased exploratory evidence; not Formal Candidate,8801.T,"Mitsui Fudosan Co., Ltd.",Real estate,2005-07-08,100
0f6c05bff4831033,tgs_stable_v2_universe_lab,U15,43d5dd5aa6be3b0638b5af83976e61a214bd9c37,False,True,survivorship-biased exploratory evidence; not Formal Candidate,8801.T,"Mitsui Fudosan Co., Ltd.",Real estate,2005-07-11,100
0f6c05bff4831033,tgs_stable_v2_universe_lab,U15,43d5dd5aa6be3b0638b5af83976e61a214bd9c37,False,True,survivorship-biased exploratory evidence; not Formal Candidate,5803.T,Fujikura Ltd.,Nonferrous metals,2005-07-12,90
0f6c05bff4831033,tgs_stable_v2_universe_lab,U15,43d5dd5aa6be3b0638b5af83976e61a214bd9c37,False,True,survivorship-biased exploratory evidence; not Formal Candidate,8801.T,"Mitsui Fudosan Co., Ltd.",Real estate,2005-07-12,100
0f6c05bff4831033,tgs_stable_v2_universe_lab,U15,43d5dd5aa6be3b0638b5af83976e61a214bd9c37,False,True,survivorship-biased exploratory evidence; not Formal Candidate,8801.T,"Mitsui Fudosan Co., Ltd.",Real estate,2005-07-13,100
0f6c05bff4831033,tgs_stable_v2_universe_lab,U15,43d5dd5aa6be3b0638b5af83976e61a214bd9c37,False,True,survivorship-biased exploratory evidence; not Formal Candidate,8801.T,"Mitsui Fudosan Co., Ltd.",Real estate,2005-07-14,100
0f6c05bff4831033,tgs_stable_v2_universe_lab,U15,43d5dd5aa6be3b0638b5af83976e61a214bd9c37,False,True,survivorship-biased exploratory evidence; not Formal Candidate,5803.T,Fujikura Ltd.,Nonferrous metals,2005-07-15,90
0f6c05bff4831033,tgs_stable_v2_universe_lab,U15,43d5dd5aa6be3b0638b5af83976e61a214bd9c37,False,True,survivorship-biased exploratory evidence; not Formal Candidate,8031.T,"Mitsui & Co., Ltd.",Trading companies,2005-07-15,90
0f6c05bff4831033,tgs_stable_v2_universe_lab,U15,43d5dd5aa6be3b0638b5af83976e61a214bd9c37,False,True,survivorship-biased exploratory evidence; not Formal Candidate,8053.T,Sumitomo Corp.,Trading companies,2005-07-15,120
0f6c05bff4831033,tgs_stable_v2_universe_lab,U15,43d5dd5aa6be3b0638b5af83976e61a214bd9c37,False,True,survivorship-biased exploratory evidence; not Formal Candidate,8058.T,Mitsubishi Corp.,Trading companies,2005-07-15,90
0f6c05bff4831033,tgs_stable_v2_universe_lab,U15,43d5dd5aa6be3b0638b5af83976e61a214bd9c37,False,True,survivorship-biased exploratory evidence; not Formal Candidate,8031.T,"Mitsui & Co., Ltd.",Trading companies,2005-07-19,90
0f6c05bff4831033,tgs_stable_v2_universe_lab,U15,43d5dd5aa6be3b0638b5af83976e61a214bd9c37,False,True,survivorship-biased exploratory evidence; not Formal Candidate,8053.T,Sumitomo Corp.,Trading companies,2005-07-19,100
0f6c05bff4831033,tgs_stable_v2_universe_lab,U15,43d5dd5aa6be3b0638b5af83976e61a214bd9c37,False,True,survivorship-biased exploratory evidence; not Formal Candidate,8058.T,Mitsubishi Corp.,Trading companies,2005-07-19,90
0f6c05bff4831033,tgs_stable_v2_universe_lab,U15,43d5dd5aa6be3b0638b5af83976e61a214bd9c37,False,True,survivorship-biased exploratory evidence; not Formal Candidate,8053.T,Sumitomo Corp.,Trading companies,2005-07-20,100
0f6c05bff4831033,tgs_stable_v2_universe_lab,U15,43d5dd5aa6be3b0638b5af83976e61a214bd9c37,False,True,survivorship-biased exploratory evidence; not Formal Candidate,8053.T,Sumitomo Corp.,Trading companies,2005-07-21,100
0f6c05bff4831033,tgs_stable_v2_universe_lab,U15,43d5dd5aa6be3b0638b5af83976e61a214bd9c37,False,True,survivorship-biased exploratory evidence; not Formal Candidate,5802.T,"Sumitomo Electric Industries, Ltd.",Nonferrous metals,2005-07-22,100
0f6c05bff4831033,tgs_stable_v2_universe_lab,U15,43d5dd5aa6be3b0638b5af83976e61a214bd9c37,False,True,survivorship-biased exploratory evidence; not Formal Candidate,5802.T,"Sumitomo Electric Industries, Ltd.",Nonferrous metals,2005-07-25,100
0f6c05bff4831033,tgs_stable_v2_universe_lab,U15,43d5dd5aa6be3b0638b5af83976e61a214bd9c37,False,True,survivorship-biased exploratory evidence; not Formal Candidate,8001.T,Itochu Corp.,Trading companies,2005-07-25,90
0f6c05bff4831033,tgs_stable_v2_universe_lab,U15,43d5dd5aa6be3b0638b5af83976e61a214bd9c37,False,True,survivorship-biased exploratory evidence; not Formal Candidate,8058.T,Mitsubishi Corp.,Trading companies,2005-07-25,90
0f6c05bff4831033,tgs_stable_v2_universe_lab,U15,43d5dd5aa6be3b0638b5af83976e61a214bd9c37,False,True,survivorship-biased exploratory evidence; not Formal Candidate,5802.T,"Sumitomo Electric Industries, Ltd.",Nonferrous metals,2005-07-26,100
0f6c05bff4831033,tgs_stable_v2_universe_lab,U15,43d5dd5aa6be3b0638b5af83976e61a214bd9c37,False,True,survivorship-biased exploratory evidence; not Formal Candidate,5802.T,"Sumitomo Electric Industries, Ltd.",Nonferrous metals,2005-07-27,100
0f6c05bff4831033,tgs_stable_v2_universe_lab,U15,43d5dd5aa6be3b0638b5af83976e61a214bd9c37,False,True,survivorship-biased exploratory evidence; not Formal Candidate,5802.T,"Sumitomo Electric Industries, Ltd.",Nonferrous metals,2005-07-28,100
0f6c05bff4831033,tgs_stable_v2_universe_lab,U15,43d5dd5aa6be3b0638b5af83976e61a214bd9c37,False,True,survivorship-biased exploratory evidence; not Formal Candidate,5801.T,"The Furukawa Electric Co., Ltd.",Nonferrous metals,2005-07-29,100
0f6c05bff4831033,tgs_stable_v2_universe_lab,U15,43d5dd5aa6be3b0638b5af83976e61a214bd9c37,False,True,survivorship-biased exploratory evidence; not Formal Candidate,5803.T,Fujikura Ltd.,Nonferrous metals,2005-07-29,90
0f6c05bff4831033,tgs_stable_v2_universe_lab,U15,43d5dd5aa6be3b0638b5af83976e61a214bd9c37,False,True,survivorship-biased exploratory evidence; not Formal Candidate,6367.T,"Daikin Industries, Ltd.",Machinery,2005-08-01,90
0f6c05bff4831033,tgs_stable_v2_universe_lab,U15,43d5dd5aa6be3b0638b5af83976e61a214bd9c37,False,True,survivorship-biased exploratory evidence; not Formal Candidate,5801.T,"The Furukawa Electric Co., Ltd.",Nonferrous metals,2005-08-04,100
0f6c05bff4831033,tgs_stable_v2_universe_lab,U15,43d5dd5aa6be3b0638b5af83976e61a214bd9c37,False,True,survivorship-biased exploratory evidence; not Formal Candidate,8801.T,"Mitsui Fudosan Co., Ltd.",Real estate,2005-08-05,90
0f6c05bff4831033,tgs_stable_v2_universe_lab,U15,43d5dd5aa6be3b0638b5af83976e61a214bd9c37,False,True,survivorship-biased exploratory evidence; not Formal Candidate,5802.T,"Sumitomo Electric Industries, Ltd.",Nonferrous metals,2005-08-08,90
0f6c05bff4831033,tgs_stable_v2_universe_lab,U15,43d5dd5aa6be3b0638b5af83976e61a214bd9c37,False,True,survivorship-biased exploratory evidence; not Formal Candidate,5802.T,"Sumitomo Electric Industries, Ltd.",Nonferrous metals,2005-08-09,90
0f6c05bff4831033,tgs_stable_v2_universe_lab,U15,43d5dd5aa6be3b0638b5af83976e61a214bd9c37,False,True,survivorship-biased exploratory evidence; not Formal Candidate,8002.T,Marubeni Corp.,Trading companies,2005-08-09,90
0f6c05bff4831033,tgs_stable_v2_universe_lab,U15,43d5dd5aa6be3b0638b5af83976e61a214bd9c37,False,True,survivorship-biased exploratory evidence; not Formal Candidate,8802.T,"Mitsubishi Estate Co., Ltd.",Real estate,2005-08-09,90
0f6c05bff4831033,tgs_stable_v2_universe_lab,U15,43d5dd5aa6be3b0638b5af83976e61a214bd9c37,False,True,survivorship-biased exploratory evidence; not Formal Candidate,6367.T,"Daikin Industries, Ltd.",Machinery,2005-08-10,90
0f6c05bff4831033,tgs_stable_v2_universe_lab,U15,43d5dd5aa6be3b0638b5af83976e61a214bd9c37,False,True,survivorship-biased exploratory evidence; not Formal Candidate,6367.T,"Daikin Industries, Ltd.",Machinery,2005-08-12,90
0f6c05bff4831033,tgs_stable_v2_universe_lab,U15,43d5dd5aa6be3b0638b5af83976e61a214bd9c37,False,True,survivorship-biased exploratory evidence; not Formal Candidate,8801.T,"Mitsui Fudosan Co., Ltd.",Real estate,2005-08-25,90
0f6c05bff4831033,tgs_stable_v2_universe_lab,U15,43d5dd5aa6be3b0638b5af83976e61a214bd9c37,False,True,survivorship-biased exploratory evidence; not Formal Candidate,8802.T,"Mitsubishi Estate Co., Ltd.",Real estate,2005-08-25,90
0f6c05bff4831033,tgs_stable_v2_universe_lab,U15,43d5dd5aa6be3b0638b5af83976e61a214bd9c37,False,True,survivorship-biased exploratory evidence; not Formal Candidate,8015.T,Toyota Tsusho Corp.,Trading companies,2005-08-26,100
0f6c05bff4831033,tgs_stable_v2_universe_lab,U15,43d5dd5aa6be3b0638b5af83976e61a214bd9c37,False,True,survivorship-biased exploratory evidence; not Formal Candidate,5801.T,"The Furukawa Electric Co., Ltd.",Nonferrous metals,2005-08-29,90
0f6c05bff4831033,tgs_stable_v2_universe_lab,U15,43d5dd5aa6be3b0638b5af83976e61a214bd9c37,False,True,survivorship-biased exploratory evidence; not Formal Candidate,8015.T,Toyota Tsusho Corp.,Trading companies,2005-08-29,100
0f6c05bff4831033,tgs_stable_v2_universe_lab,U15,43d5dd5aa6be3b0638b5af83976e61a214bd9c37,False,True,survivorship-biased exploratory evidence; not Formal Candidate,8015.T,Toyota Tsusho Corp.,Trading companies,2005-08-30,100
0f6c05bff4831033,tgs_stable_v2_universe_lab,U15,43d5dd5aa6be3b0638b5af83976e61a214bd9c37,False,True,survivorship-biased exploratory evidence; not Formal Candidate,8015.T,Toyota Tsusho Corp.,Trading companies,2005-08-31,100
0f6c05bff4831033,tgs_stable_v2_universe_lab,U15,43d5dd5aa6be3b0638b5af83976e61a214bd9c37,False,True,survivorship-biased exploratory evidence; not Formal Candidate,8015.T,Toyota Tsusho Corp.,Trading companies,2005-09-01,100
0f6c05bff4831033,tgs_stable_v2_universe_lab,U15,43d5dd5aa6be3b0638b5af83976e61a214bd9c37,False,True,survivorship-biased exploratory evidence; not Formal Candidate,8002.T,Marubeni Corp.,Trading companies,2005-09-07,90
0f6c05bff4831033,tgs_stable_v2_universe_lab,U15,43d5dd5aa6be3b0638b5af83976e61a214bd9c37,False,True,survivorship-biased exploratory evidence; not Formal Candidate,8015.T,Toyota Tsusho Corp.,Trading companies,2005-09-07,90
0f6c05bff4831033,tgs_stable_v2_universe_lab,U15,43d5dd5aa6be3b0638b5af83976e61a214bd9c37,False,True,survivorship-biased exploratory evidence; not Formal Candidate,6273.T,SMC Corporation,Machinery,2005-09-08,90
0f6c05bff4831033,tgs_stable_v2_universe_lab,U15,43d5dd5aa6be3b0638b5af83976e61a214bd9c37,False,True,survivorship-biased exploratory evidence; not Formal Candidate,8015.T,Toyota Tsusho Corp.,Trading companies,2005-09-08,90
0f6c05bff4831033,tgs_stable_v2_universe_lab,U15,43d5dd5aa6be3b0638b5af83976e61a214bd9c37,False,True,survivorship-biased exploratory evidence; not Formal Candidate,5802.T,"Sumitomo Electric Industries, Ltd.",Nonferrous metals,2005-09-09,90
0f6c05bff4831033,tgs_stable_v2_universe_lab,U15,43d5dd5aa6be3b0638b5af83976e61a214bd9c37,False,True,survivorship-biased exploratory evidence; not Formal Candidate,6273.T,SMC Corporation,Machinery,2005-09-09,90
0f6c05bff4831033,tgs_stable_v2_universe_lab,U15,43d5dd5aa6be3b0638b5af83976e61a214bd9c37,False,True,survivorship-biased exploratory evidence; not Formal Candidate,6367.T,"Daikin Industries, Ltd.",Machinery,2005-09-09,90
0f6c05bff4831033,tgs_stable_v2_universe_lab,U15,43d5dd5aa6be3b0638b5af83976e61a214bd9c37,False,True,survivorship-biased exploratory evidence; not Formal Candidate,8001.T,Itochu Corp.,Trading companies,2005-09-09,90
0f6c05bff4831033,tgs_stable_v2_universe_lab,U15,43d5dd5aa6be3b0638b5af83976e61a214bd9c37,False,True,survivorship-biased exploratory evidence; not Formal Candidate,8015.T,Toyota Tsusho Corp.,Trading companies,2005-09-09,90
0f6c05bff4831033,tgs_stable_v2_universe_lab,U15,43d5dd5aa6be3b0638b5af83976e61a214bd9c37,False,True,survivorship-biased exploratory evidence; not Formal Candidate,8031.T,"Mitsui & Co., Ltd.",Trading companies,2005-09-09,90
0f6c05bff4831033,tgs_stable_v2_universe_lab,U15,43d5dd5aa6be3b0638b5af83976e61a214bd9c37,False,True,survivorship-biased exploratory evidence; not Formal Candidate,8802.T,"Mitsubishi Estate Co., Ltd.",Real estate,2005-09-09,90
0f6c05bff4831033,tgs_stable_v2_universe_lab,U15,43d5dd5aa6be3b0638b5af83976e61a214bd9c37,False,True,survivorship-biased exploratory evidence; not Formal Candidate,5801.T,"The Furukawa Electric Co., Ltd.",Nonferrous metals,2005-10-05,90
0f6c05bff4831033,tgs_stable_v2_universe_lab,U15,43d5dd5aa6be3b0638b5af83976e61a214bd9c37,False,True,survivorship-biased exploratory evidence; not Formal Candidate,5802.T,"Sumitomo Electric Industries, Ltd.",Nonferrous metals,2005-10-06,90
0f6c05bff4831033,tgs_stable_v2_universe_lab,U15,43d5dd5aa6be3b0638b5af83976e61a214bd9c37,False,True,survivorship-biased exploratory evidence; not Formal Candidate,6273.T,SMC Corporation,Machinery,2005-10-06,90
0f6c05bff4831033,tgs_stable_v2_universe_lab,U15,43d5dd5aa6be3b0638b5af83976e61a214bd9c37,False,True,survivorship-biased exploratory evidence; not Formal Candidate,8015.T,Toyota Tsusho Corp.,Trading companies,2005-10-06,90
0f6c05bff4831033,tgs_stable_v2_universe_lab,U15,43d5dd5aa6be3b0638b5af83976e61a214bd9c37,False,True,survivorship-biased exploratory evidence; not Formal Candidate,7011.T,"Mitsubishi Heavy Industries, Ltd.",Machinery,2005-10-12,90
0f6c05bff4831033,tgs_stable_v2_universe_lab,U15,43d5dd5aa6be3b0638b5af83976e61a214bd9c37,False,True,survivorship-biased exploratory evidence; not Formal Candidate,8802.T,"Mitsubishi Estate Co., Ltd.",Real estate,2005-10-12,90
0f6c05bff4831033,tgs_stable_v2_universe_lab,U15,43d5dd5aa6be3b0638b5af83976e61a214bd9c37,False,True,survivorship-biased exploratory evidence; not Formal Candidate,6367.T,"Daikin Industries, Ltd.",Machinery,2005-10-14,90
0f6c05bff4831033,tgs_stable_v2_universe_lab,U15,43d5dd5aa6be3b0638b5af83976e61a214bd9c37,False,True,survivorship-biased exploratory evidence; not Formal Candidate,8001.T,Itochu Corp.,Trading companies,2005-10-14,90
0f6c05bff4831033,tgs_stable_v2_universe_lab,U15,43d5dd5aa6be3b0638b5af83976e61a214bd9c37,False,True,survivorship-biased exploratory evidence; not Formal Candidate,5801.T,"The Furukawa Electric Co., Ltd.",Nonferrous metals,2005-10-18,90
0f6c05bff4831033,tgs_stable_v2_universe_lab,U15,43d5dd5aa6be3b0638b5af83976e61a214bd9c37,False,True,survivorship-biased exploratory evidence; not Formal Candidate,5801.T,"The Furukawa Electric Co., Ltd.",Nonferrous metals,2005-10-19,90
0f6c05bff4831033,tgs_stable_v2_universe_lab,U15,43d5dd5aa6be3b0638b5af83976e61a214bd9c37,False,True,survivorship-biased exploratory evidence; not Formal Candidate,6273.T,SMC Corporation,Machinery,2005-10-19,90
0f6c05bff4831033,tgs_stable_v2_universe_lab,U15,43d5dd5aa6be3b0638b5af83976e61a214bd9c37,False,True,survivorship-biased exploratory evidence; not Formal Candidate,6273.T,SMC Corporation,Machinery,2005-10-28,90
0f6c05bff4831033,tgs_stable_v2_universe_lab,U15,43d5dd5aa6be3b0638b5af83976e61a214bd9c37,False,True,survivorship-biased exploratory evidence; not Formal Candidate,8031.T,"Mitsui & Co., Ltd.",Trading companies,2005-10-28,90
0f6c05bff4831033,tgs_stable_v2_universe_lab,U15,43d5dd5aa6be3b0638b5af83976e61a214bd9c37,False,True,survivorship-biased exploratory evidence; not Formal Candidate,8058.T,Mitsubishi Corp.,Trading companies,2005-10-28,90
0f6c05bff4831033,tgs_stable_v2_universe_lab,U15,43d5dd5aa6be3b0638b5af83976e61a214bd9c37,False,True,survivorship-biased exploratory evidence; not Formal Candidate,6301.T,Komatsu Ltd.,Machinery,2005-10-31,90
0f6c05bff4831033,tgs_stable_v2_universe_lab,U15,43d5dd5aa6be3b0638b5af83976e61a214bd9c37,False,True,survivorship-biased exploratory evidence; not Formal Candidate,8031.T,"Mitsui & Co., Ltd.",Trading companies,2005-10-31,90
0f6c05bff4831033,tgs_stable_v2_universe_lab,U15,43d5dd5aa6be3b0638b5af83976e61a214bd9c37,False,True,survivorship-biased exploratory evidence; not Formal Candidate,5801.T,"The Furukawa Electric Co., Ltd.",Nonferrous metals,2005-11-10,90
0f6c05bff4831033,tgs_stable_v2_universe_lab,U15,43d5dd5aa6be3b0638b5af83976e61a214bd9c37,False,True,survivorship-biased exploratory evidence; not Formal Candidate,8801.T,"Mitsui Fudosan Co., Ltd.",Real estate,2005-11-10,90
0f6c05bff4831033,tgs_stable_v2_universe_lab,U15,43d5dd5aa6be3b0638b5af83976e61a214bd9c37,False,True,survivorship-biased exploratory evidence; not Formal Candidate,6367.T,"Daikin Industries, Ltd.",Machinery,2005-11-11,100
0f6c05bff4831033,tgs_stable_v2_universe_lab,U15,43d5dd5aa6be3b0638b5af83976e61a214bd9c37,False,True,survivorship-biased exploratory evidence; not Formal Candidate,6367.T,"Daikin Industries, Ltd.",Machinery,2005-11-14,120
0f6c05bff4831033,tgs_stable_v2_universe_lab,U15,43d5dd5aa6be3b0638b5af83976e61a214bd9c37,False,True,survivorship-biased exploratory evidence; not Formal Candidate,6367.T,"Daikin Industries, Ltd.",Machinery,2005-11-15,100
0f6c05bff4831033,tgs_stable_v2_universe_lab,U15,43d5dd5aa6be3b0638b5af83976e61a214bd9c37,False,True,survivorship-biased exploratory evidence; not Formal Candidate,6273.T,SMC Corporation,Machinery,2005-11-16,90
0f6c05bff4831033,tgs_stable_v2_universe_lab,U15,43d5dd5aa6be3b0638b5af83976e61a214bd9c37,False,True,survivorship-biased exploratory evidence; not Formal Candidate,6367.T,"Daikin Industries, Ltd.",Machinery,2005-11-16,100
0f6c05bff4831033,tgs_stable_v2_universe_lab,U15,43d5dd5aa6be3b0638b5af83976e61a214bd9c37,False,True,survivorship-biased exploratory evidence; not Formal Candidate,8802.T,"Mitsubishi Estate Co., Ltd.",Real estate,2005-11-16,90
0f6c05bff4831033,tgs_stable_v2_universe_lab,U15,43d5dd5aa6be3b0638b5af83976e61a214bd9c37,False,True,survivorship-biased exploratory evidence; not Formal Candidate,6367.T,"Daikin Industries, Ltd.",Machinery,2005-11-17,100
0f6c05bff4831033,tgs_stable_v2_universe_lab,U15,43d5dd5aa6be3b0638b5af83976e61a214bd9c37,False,True,survivorship-biased exploratory evidence; not Formal Candidate,6273.T,SMC Corporation,Machinery,2005-11-18,90
0f6c05bff4831033,tgs_stable_v2_universe_lab,U15,43d5dd5aa6be3b0638b5af83976e61a214bd9c37,False,True,survivorship-biased exploratory evidence; not Formal Candidate,8801.T,"Mitsui Fudosan Co., Ltd.",Real estate,2005-11-25,90
0f6c05bff4831033,tgs_stable_v2_universe_lab,U15,43d5dd5aa6be3b0638b5af83976e61a214bd9c37,False,True,survivorship-biased exploratory evidence; not Formal Candidate,8031.T,"Mitsui & Co., Ltd.",Trading companies,2005-11-28,90
0f6c05bff4831033,tgs_stable_v2_universe_lab,U15,43d5dd5aa6be3b0638b5af83976e61a214bd9c37,False,True,survivorship-biased exploratory evidence; not Formal Candidate,6301.T,Komatsu Ltd.,Machinery,2005-11-30,90
0f6c05bff4831033,tgs_stable_v2_universe_lab,U15,43d5dd5aa6be3b0638b5af83976e61a214bd9c37,False,True,survivorship-biased exploratory evidence; not Formal Candidate,8031.T,"Mitsui & Co., Ltd.",Trading companies,2005-11-30,90
0f6c05bff4831033,tgs_stable_v2_universe_lab,U15,43d5dd5aa6be3b0638b5af83976e61a214bd9c37,False,True,survivorship-biased exploratory evidence; not Formal Candidate,8801.T,"Mitsui Fudosan Co., Ltd.",Real estate,2005-12-02,90
0f6c05bff4831033,tgs_stable_v2_universe_lab,U15,43d5dd5aa6be3b0638b5af83976e61a214bd9c37,False,True,survivorship-biased exploratory evidence; not Formal Candidate,5802.T,"Sumitomo Electric Industries, Ltd.",Nonferrous metals,2005-12-09,90
0f6c05bff4831033,tgs_stable_v2_universe_lab,U15,43d5dd5aa6be3b0638b5af83976e61a214bd9c37,False,True,survivorship-biased exploratory evidence; not Formal Candidate,8802.T,"Mitsubishi Estate Co., Ltd.",Real estate,2005-12-09,90
0f6c05bff4831033,tgs_stable_v2_universe_lab,U15,43d5dd5aa6be3b0638b5af83976e61a214bd9c37,False,True,survivorship-biased exploratory evidence; not Formal Candidate,8058.T,Mitsubishi Corp.,Trading companies,2006-01-11,90
0f6c05bff4831033,tgs_stable_v2_universe_lab,U15,43d5dd5aa6be3b0638b5af83976e61a214bd9c37,False,True,survivorship-biased exploratory evidence; not Formal Candidate,8801.T,"Mitsui Fudosan Co., Ltd.",Real estate,2006-01-11,90
0f6c05bff4831033,tgs_stable_v2_universe_lab,U15,43d5dd5aa6be3b0638b5af83976e61a214bd9c37,False,True,survivorship-biased exploratory evidence; not Formal Candidate,8802.T,"Mitsubishi Estate Co., Ltd.",Real estate,2006-01-11,90
0f6c05bff4831033,tgs_stable_v2_universe_lab,U15,43d5dd5aa6be3b0638b5af83976e61a214bd9c37,False,True,survivorship-biased exploratory evidence; not Formal Candidate,5803.T,Fujikura Ltd.,Nonferrous metals,2006-01-12,90
0f6c05bff4831033,tgs_stable_v2_universe_lab,U15,43d5dd5aa6be3b0638b5af83976e61a214bd9c37,False,True,survivorship-biased exploratory evidence; not Formal Candidate,8801.T,"Mitsui Fudosan Co., Ltd.",Real estate,2006-01-12,90
0f6c05bff4831033,tgs_stable_v2_universe_lab,U15,43d5dd5aa6be3b0638b5af83976e61a214bd9c37,False,True,survivorship-biased exploratory evidence; not Formal Candidate,8001.T,Itochu Corp.,Trading companies,2006-01-16,90
0f6c05bff4831033,tgs_stable_v2_universe_lab,U15,43d5dd5aa6be3b0638b5af83976e61a214bd9c37,False,True,survivorship-biased exploratory evidence; not Formal Candidate,8058.T,Mitsubishi Corp.,Trading companies,2006-01-16,90
0f6c05bff4831033,tgs_stable_v2_universe_lab,U15,43d5dd5aa6be3b0638b5af83976e61a214bd9c37,False,True,survivorship-biased exploratory evidence; not Formal Candidate,8001.T,Itochu Corp.,Trading companies,2006-01-17,90
0f6c05bff4831033,tgs_stable_v2_universe_lab,U15,43d5dd5aa6be3b0638b5af83976e61a214bd9c37,False,True,survivorship-biased exploratory evidence; not Formal Candidate,5802.T,"Sumitomo Electric Industries, Ltd.",Nonferrous metals,2006-01-18,90
0f6c05bff4831033,tgs_stable_v2_universe_lab,U15,43d5dd5aa6be3b0638b5af83976e61a214bd9c37,False,True,survivorship-biased exploratory evidence; not Formal Candidate,5803.T,Fujikura Ltd.,Nonferrous metals,2006-01-18,90
0f6c05bff4831033,tgs_stable_v2_universe_lab,U15,43d5dd5aa6be3b0638b5af83976e61a214bd9c37,False,True,survivorship-biased exploratory evidence; not Formal Candidate,6367.T,"Daikin Industries, Ltd.",Machinery,2006-01-18,90
0f6c05bff4831033,tgs_stable_v2_universe_lab,U15,43d5dd5aa6be3b0638b5af83976e61a214bd9c37,False,True,survivorship-biased exploratory evidence; not Formal Candidate,8031.T,"Mitsui & Co., Ltd.",Trading companies,2006-01-18,90
0f6c05bff4831033,tgs_stable_v2_universe_lab,U15,43d5dd5aa6be3b0638b5af83976e61a214bd9c37,False,True,survivorship-biased exploratory evidence; not Formal Candidate,5802.T,"Sumitomo Electric Industries, Ltd.",Nonferrous metals,2006-01-19,90
0f6c05bff4831033,tgs_stable_v2_universe_lab,U15,43d5dd5aa6be3b0638b5af83976e61a214bd9c37,False,True,survivorship-biased exploratory evidence; not Formal Candidate,5803.T,Fujikura Ltd.,Nonferrous metals,2006-01-19,90
0f6c05bff4831033,tgs_stable_v2_universe_lab,U15,43d5dd5aa6be3b0638b5af83976e61a214bd9c37,False,True,survivorship-biased exploratory evidence; not Formal Candidate,6273.T,SMC Corporation,Machinery,2006-01-19,90
0f6c05bff4831033,tgs_stable_v2_universe_lab,U15,43d5dd5aa6be3b0638b5af83976e61a214bd9c37,False,True,survivorship-biased exploratory evidence; not Formal Candidate,6367.T,"Daikin Industries, Ltd.",Machinery,2006-01-19,90
0f6c05bff4831033,tgs_stable_v2_universe_lab,U15,43d5dd5aa6be3b0638b5af83976e61a214bd9c37,False,True,survivorship-biased exploratory evidence; not Formal Candidate,8031.T,"Mitsui & Co., Ltd.",Trading companies,2006-01-19,90
0f6c05bff4831033,tgs_stable_v2_universe_lab,U15,43d5dd5aa6be3b0638b5af83976e61a214bd9c37,False,True,survivorship-biased exploratory evidence; not Formal Candidate,5802.T,"Sumitomo Electric Industries, Ltd.",Nonferrous metals,2006-01-20,90
0f6c05bff4831033,tgs_stable_v2_universe_lab,U15,43d5dd5aa6be3b0638b5af83976e61a214bd9c37,False,True,survivorship-biased exploratory evidence; not Formal Candidate,5801.T,"The Furukawa Electric Co., Ltd.",Nonferrous metals,2006-01-24,90
0f6c05bff4831033,tgs_stable_v2_universe_lab,U15,43d5dd5aa6be3b0638b5af83976e61a214bd9c37,False,True,survivorship-biased exploratory evidence; not Formal Candidate,5801.T,"The Furukawa Electric Co., Ltd.",Nonferrous metals,2006-01-25,90
0f6c05bff4831033,tgs_stable_v2_universe_lab,U15,43d5dd5aa6be3b0638b5af83976e61a214bd9c37,False,True,survivorship-biased exploratory evidence; not Formal Candidate,5803.T,Fujikura Ltd.,Nonferrous metals,2006-01-25,90
0f6c05bff4831033,tgs_stable_v2_universe_lab,U15,43d5dd5aa6be3b0638b5af83976e61a214bd9c37,False,True,survivorship-biased exploratory evidence; not Formal Candidate,8015.T,Toyota Tsusho Corp.,Trading companies,2006-01-25,90
0f6c05bff4831033,tgs_stable_v2_universe_lab,U15,43d5dd5aa6be3b0638b5af83976e61a214bd9c37,False,True,survivorship-biased exploratory evidence; not Formal Candidate,8001.T,Itochu Corp.,Trading companies,2006-01-27,90
0f6c05bff4831033,tgs_stable_v2_universe_lab,U15,43d5dd5aa6be3b0638b5af83976e61a214bd9c37,False,True,survivorship-biased exploratory evidence; not Formal Candidate,8031.T,"Mitsui & Co., Ltd.",Trading companies,2006-01-27,90
0f6c05bff4831033,tgs_stable_v2_universe_lab,U15,43d5dd5aa6be3b0638b5af83976e61a214bd9c37,False,True,survivorship-biased exploratory evidence; not Formal Candidate,8001.T,Itochu Corp.,Trading companies,2006-01-30,90
0f6c05bff4831033,tgs_stable_v2_universe_lab,U15,43d5dd5aa6be3b0638b5af83976e61a214bd9c37,False,True,survivorship-biased exploratory evidence; not Formal Candidate,8053.T,Sumitomo Corp.,Trading companies,2006-01-30,90
0f6c05bff4831033,tgs_stable_v2_universe_lab,U15,43d5dd5aa6be3b0638b5af83976e61a214bd9c37,False,True,survivorship-biased exploratory evidence; not Formal Candidate,8015.T,Toyota Tsusho Corp.,Trading companies,2006-01-31,90
0f6c05bff4831033,tgs_stable_v2_universe_lab,U15,43d5dd5aa6be3b0638b5af83976e61a214bd9c37,False,True,survivorship-biased exploratory evidence; not Formal Candidate,8053.T,Sumitomo Corp.,Trading companies,2006-01-31,90
0f6c05bff4831033,tgs_stable_v2_universe_lab,U15,43d5dd5aa6be3b0638b5af83976e61a214bd9c37,False,True,survivorship-biased exploratory evidence; not Formal Candidate,8031.T,"Mitsui & Co., Ltd.",Trading companies,2006-02-01,90
0f6c05bff4831033,tgs_stable_v2_universe_lab,U15,43d5dd5aa6be3b0638b5af83976e61a214bd9c37,False,True,survivorship-biased exploratory evidence; not Formal Candidate,7011.T,"Mitsubishi Heavy Industries, Ltd.",Machinery,2006-02-03,90
0f6c05bff4831033,tgs_stable_v2_universe_lab,U15,43d5dd5aa6be3b0638b5af83976e61a214bd9c37,False,True,survivorship-biased exploratory evidence; not Formal Candidate,8015.T,Toyota Tsusho Corp.,Trading companies,2006-02-03,90
0f6c05bff4831033,tgs_stable_v2_universe_lab,U15,43d5dd5aa6be3b0638b5af83976e61a214bd9c37,False,True,survivorship-biased exploratory evidence; not Formal Candidate,5803.T,Fujikura Ltd.,Nonferrous metals,2006-02-08,90
0f6c05bff4831033,tgs_stable_v2_universe_lab,U15,43d5dd5aa6be3b0638b5af83976e61a214bd9c37,False,True,survivorship-biased exploratory evidence; not Formal Candidate,5801.T,"The Furukawa Electric Co., Ltd.",Nonferrous metals,2006-02-09,90
0f6c05bff4831033,tgs_stable_v2_universe_lab,U15,43d5dd5aa6be3b0638b5af83976e61a214bd9c37,False,True,survivorship-biased exploratory evidence; not Formal Candidate,5801.T,"The Furukawa Electric Co., Ltd.",Nonferrous metals,2006-02-10,90
0f6c05bff4831033,tgs_stable_v2_universe_lab,U15,43d5dd5aa6be3b0638b5af83976e61a214bd9c37,False,True,survivorship-biased exploratory evidence; not Formal Candidate,5803.T,Fujikura Ltd.,Nonferrous metals,2006-02-10,90
0f6c05bff4831033,tgs_stable_v2_universe_lab,U15,43d5dd5aa6be3b0638b5af83976e61a214bd9c37,False,True,survivorship-biased exploratory evidence; not Formal Candidate,6367.T,"Daikin Industries, Ltd.",Machinery,2006-02-10,90
0f6c05bff4831033,tgs_stable_v2_universe_lab,U15,43d5dd5aa6be3b0638b5af83976e61a214bd9c37,False,True,survivorship-biased exploratory evidence; not Formal Candidate,8801.T,"Mitsui Fudosan Co., Ltd.",Real estate,2006-02-10,90
0f6c05bff4831033,tgs_stable_v2_universe_lab,U15,43d5dd5aa6be3b0638b5af83976e61a214bd9c37,False,True,survivorship-biased exploratory evidence; not Formal Candidate,8802.T,"Mitsubishi Estate Co., Ltd.",Real estate,2006-02-10,90
0f6c05bff4831033,tgs_stable_v2_universe_lab,U15,43d5dd5aa6be3b0638b5af83976e61a214bd9c37,False,True,survivorship-biased exploratory evidence; not Formal Candidate,6301.T,Komatsu Ltd.,Machinery,2006-02-13,90
0f6c05bff4831033,tgs_stable_v2_universe_lab,U15,43d5dd5aa6be3b0638b5af83976e61a214bd9c37,False,True,survivorship-biased exploratory evidence; not Formal Candidate,6367.T,"Daikin Industries, Ltd.",Machinery,2006-02-13,90
0f6c05bff4831033,tgs_stable_v2_universe_lab,U15,43d5dd5aa6be3b0638b5af83976e61a214bd9c37,False,True,survivorship-biased exploratory evidence; not Formal Candidate,8801.T,"Mitsui Fudosan Co., Ltd.",Real estate,2006-02-13,90
0f6c05bff4831033,tgs_stable_v2_universe_lab,U15,43d5dd5aa6be3b0638b5af83976e61a214bd9c37,False,True,survivorship-biased exploratory evidence; not Formal Candidate,6367.T,"Daikin Industries, Ltd.",Machinery,2006-02-14,90
0f6c05bff4831033,tgs_stable_v2_universe_lab,U15,43d5dd5aa6be3b0638b5af83976e61a214bd9c37,False,True,survivorship-biased exploratory evidence; not Formal Candidate,6367.T,"Daikin Industries, Ltd.",Machinery,2006-02-15,90
0f6c05bff4831033,tgs_stable_v2_universe_lab,U15,43d5dd5aa6be3b0638b5af83976e61a214bd9c37,False,True,survivorship-biased exploratory evidence; not Formal Candidate,8053.T,Sumitomo Corp.,Trading companies,2006-02-16,90
0f6c05bff4831033,tgs_stable_v2_universe_lab,U15,43d5dd5aa6be3b0638b5af83976e61a214bd9c37,False,True,survivorship-biased exploratory evidence; not Formal Candidate,6367.T,"Daikin Industries, Ltd.",Machinery,2006-02-20,90
0f6c05bff4831033,tgs_stable_v2_universe_lab,U15,43d5dd5aa6be3b0638b5af83976e61a214bd9c37,False,True,survivorship-biased exploratory evidence; not Formal Candidate,6367.T,"Daikin Industries, Ltd.",Machinery,2006-02-28,90
0f6c05bff4831033,tgs_stable_v2_universe_lab,U15,43d5dd5aa6be3b0638b5af83976e61a214bd9c37,False,True,survivorship-biased exploratory evidence; not Formal Candidate,6367.T,"Daikin Industries, Ltd.",Machinery,2006-03-10,120
0f6c05bff4831033,tgs_stable_v2_universe_lab,U15,43d5dd5aa6be3b0638b5af83976e61a214bd9c37,False,True,survivorship-biased exploratory evidence; not Formal Candidate,6367.T,"Daikin Industries, Ltd.",Machinery,2006-03-13,100
0f6c05bff4831033,tgs_stable_v2_universe_lab,U15,43d5dd5aa6be3b0638b5af83976e61a214bd9c37,False,True,survivorship-biased exploratory evidence; not Formal Candidate,6367.T,"Daikin Industries, Ltd.",Machinery,2006-03-14,100
0f6c05bff4831033,tgs_stable_v2_universe_lab,U15,43d5dd5aa6be3b0638b5af83976e61a214bd9c37,False,True,survivorship-biased exploratory evidence; not Formal Candidate,6367.T,"Daikin Industries, Ltd.",Machinery,2006-03-15,100
0f6c05bff4831033,tgs_stable_v2_universe_lab,U15,43d5dd5aa6be3b0638b5af83976e61a214bd9c37,False,True,survivorship-biased exploratory evidence; not Formal Candidate,6367.T,"Daikin Industries, Ltd.",Machinery,2006-03-16,100
0f6c05bff4831033,tgs_stable_v2_universe_lab,U15,43d5dd5aa6be3b0638b5af83976e61a214bd9c37,False,True,survivorship-biased exploratory evidence; not Formal Candidate,6367.T,"Daikin Industries, Ltd.",Machinery,2006-03-22,90
0f6c05bff4831033,tgs_stable_v2_universe_lab,U15,43d5dd5aa6be3b0638b5af83976e61a214bd9c37,False,True,survivorship-biased exploratory evidence; not Formal Candidate,8015.T,Toyota Tsusho Corp.,Trading companies,2006-03-24,100
0f6c05bff4831033,tgs_stable_v2_universe_lab,U15,43d5dd5aa6be3b0638b5af83976e61a214bd9c37,False,True,survivorship-biased exploratory evidence; not Formal Candidate,8015.T,Toyota Tsusho Corp.,Trading companies,2006-03-27,100
0f6c05bff4831033,tgs_stable_v2_universe_lab,U15,43d5dd5aa6be3b0638b5af83976e61a214bd9c37,False,True,survivorship-biased exploratory evidence; not Formal Candidate,8015.T,Toyota Tsusho Corp.,Trading companies,2006-03-28,100
0f6c05bff4831033,tgs_stable_v2_universe_lab,U15,43d5dd5aa6be3b0638b5af83976e61a214bd9c37,False,True,survivorship-biased exploratory evidence; not Formal Candidate,8801.T,"Mitsui Fudosan Co., Ltd.",Real estate,2006-04-05,100
0f6c05bff4831033,tgs_stable_v2_universe_lab,U15,43d5dd5aa6be3b0638b5af83976e61a214bd9c37,False,True,survivorship-biased exploratory evidence; not Formal Candidate,8802.T,"Mitsubishi Estate Co., Ltd.",Real estate,2006-04-05,100
0f6c05bff4831033,tgs_stable_v2_universe_lab,U15,43d5dd5aa6be3b0638b5af83976e61a214bd9c37,False,True,survivorship-biased exploratory evidence; not Formal Candidate,8801.T,"Mitsui Fudosan Co., Ltd.",Real estate,2006-04-06,100
0f6c05bff4831033,tgs_stable_v2_universe_lab,U15,43d5dd5aa6be3b0638b5af83976e61a214bd9c37,False,True,survivorship-biased exploratory evidence; not Formal Candidate,8802.T,"Mitsubishi Estate Co., Ltd.",Real estate,2006-04-06,100
0f6c05bff4831033,tgs_stable_v2_universe_lab,U15,43d5dd5aa6be3b0638b5af83976e61a214bd9c37,False,True,survivorship-biased exploratory evidence; not Formal Candidate,6301.T,Komatsu Ltd.,Machinery,2006-04-07,100
0f6c05bff4831033,tgs_stable_v2_universe_lab,U15,43d5dd5aa6be3b0638b5af83976e61a214bd9c37,False,True,survivorship-biased exploratory evidence; not Formal Candidate,6301.T,Komatsu Ltd.,Machinery,2006-04-12,100
0f6c05bff4831033,tgs_stable_v2_universe_lab,U15,43d5dd5aa6be3b0638b5af83976e61a214bd9c37,False,True,survivorship-biased exploratory evidence; not Formal Candidate,6301.T,Komatsu Ltd.,Machinery,2006-04-13,100
0f6c05bff4831033,tgs_stable_v2_universe_lab,U15,43d5dd5aa6be3b0638b5af83976e61a214bd9c37,False,True,survivorship-biased exploratory evidence; not Formal Candidate,8031.T,"Mitsui & Co., Ltd.",Trading companies,2006-04-14,100
0f6c05bff4831033,tgs_stable_v2_universe_lab,U15,43d5dd5aa6be3b0638b5af83976e61a214bd9c37,False,True,survivorship-biased exploratory evidence; not Formal Candidate,8053.T,Sumitomo Corp.,Trading companies,2006-04-14,100
0f6c05bff4831033,tgs_stable_v2_universe_lab,U15,43d5dd5aa6be3b0638b5af83976e61a214bd9c37,False,True,survivorship-biased exploratory evidence; not Formal Candidate,8031.T,"Mitsui & Co., Ltd.",Trading companies,2006-04-17,100
0f6c05bff4831033,tgs_stable_v2_universe_lab,U15,43d5dd5aa6be3b0638b5af83976e61a214bd9c37,False,True,survivorship-biased exploratory evidence; not Formal Candidate,8053.T,Sumitomo Corp.,Trading companies,2006-04-17,100
0f6c05bff4831033,tgs_stable_v2_universe_lab,U15,43d5dd5aa6be3b0638b5af83976e61a214bd9c37,False,True,survivorship-biased exploratory evidence; not Formal Candidate,8031.T,"Mitsui & Co., Ltd.",Trading companies,2006-04-18,100
0f6c05bff4831033,tgs_stable_v2_universe_lab,U15,43d5dd5aa6be3b0638b5af83976e61a214bd9c37,False,True,survivorship-biased exploratory evidence; not Formal Candidate,8053.T,Sumitomo Corp.,Trading companies,2006-04-18,100
0f6c05bff4831033,tgs_stable_v2_universe_lab,U15,43d5dd5aa6be3b0638b5af83976e61a214bd9c37,False,True,survivorship-biased exploratory evidence; not Formal Candidate,8031.T,"Mitsui & Co., Ltd.",Trading companies,2006-04-19,100
0f6c05bff4831033,tgs_stable_v2_universe_lab,U15,43d5dd5aa6be3b0638b5af83976e61a214bd9c37,False,True,survivorship-biased exploratory evidence; not Formal Candidate,8053.T,Sumitomo Corp.,Trading companies,2006-04-19,100
0f6c05bff4831033,tgs_stable_v2_universe_lab,U15,43d5dd5aa6be3b0638b5af83976e61a214bd9c37,False,True,survivorship-biased exploratory evidence; not Formal Candidate,6273.T,SMC Corporation,Machinery,2006-04-21,100
0f6c05bff4831033,tgs_stable_v2_universe_lab,U15,43d5dd5aa6be3b0638b5af83976e61a214bd9c37,False,True,survivorship-biased exploratory evidence; not Formal Candidate,6273.T,SMC Corporation,Machinery,2006-04-24,120
0f6c05bff4831033,tgs_stable_v2_universe_lab,U15,43d5dd5aa6be3b0638b5af83976e61a214bd9c37,False,True,survivorship-biased exploratory evidence; not Formal Candidate,6273.T,SMC Corporation,Machinery,2006-04-25,120
0f6c05bff4831033,tgs_stable_v2_universe_lab,U15,43d5dd5aa6be3b0638b5af83976e61a214bd9c37,False,True,survivorship-biased exploratory evidence; not Formal Candidate,8031.T,"Mitsui & Co., Ltd.",Trading companies,2006-04-25,90
0f6c05bff4831033,tgs_stable_v2_universe_lab,U15,43d5dd5aa6be3b0638b5af83976e61a214bd9c37,False,True,survivorship-biased exploratory evidence; not Formal Candidate,6273.T,SMC Corporation,Machinery,2006-04-26,100
0f6c05bff4831033,tgs_stable_v2_universe_lab,U15,43d5dd5aa6be3b0638b5af83976e61a214bd9c37,False,True,survivorship-biased exploratory evidence; not Formal Candidate,6273.T,SMC Corporation,Machinery,2006-04-27,100
0f6c05bff4831033,tgs_stable_v2_universe_lab,U15,43d5dd5aa6be3b0638b5af83976e61a214bd9c37,False,True,survivorship-biased exploratory evidence; not Formal Candidate,6301.T,Komatsu Ltd.,Machinery,2006-04-28,90
0f6c05bff4831033,tgs_stable_v2_universe_lab,U15,43d5dd5aa6be3b0638b5af83976e61a214bd9c37,False,True,survivorship-biased exploratory evidence; not Formal Candidate,8002.T,Marubeni Corp.,Trading companies,2006-05-08,100
0f6c05bff4831033,tgs_stable_v2_universe_lab,U15,43d5dd5aa6be3b0638b5af83976e61a214bd9c37,False,True,survivorship-biased exploratory evidence; not Formal Candidate,8002.T,Marubeni Corp.,Trading companies,2006-05-10,120
0f6c05bff4831033,tgs_stable_v2_universe_lab,U15,43d5dd5aa6be3b0638b5af83976e61a214bd9c37,False,True,survivorship-biased exploratory evidence; not Formal Candidate,8002.T,Marubeni Corp.,Trading companies,2006-05-11,100
0f6c05bff4831033,tgs_stable_v2_universe_lab,U15,43d5dd5aa6be3b0638b5af83976e61a214bd9c37,False,True,survivorship-biased exploratory evidence; not Formal Candidate,8053.T,Sumitomo Corp.,Trading companies,2006-05-11,90
0f6c05bff4831033,tgs_stable_v2_universe_lab,U15,43d5dd5aa6be3b0638b5af83976e61a214bd9c37,False,True,survivorship-biased exploratory evidence; not Formal Candidate,8031.T,"Mitsui & Co., Ltd.",Trading companies,2006-05-12,90
0f6c05bff4831033,tgs_stable_v2_universe_lab,U15,43d5dd5aa6be3b0638b5af83976e61a214bd9c37,False,True,survivorship-biased exploratory evidence; not Formal Candidate,8031.T,"Mitsui & Co., Ltd.",Trading companies,2006-05-16,90
0f6c05bff4831033,tgs_stable_v2_universe_lab,U15,43d5dd5aa6be3b0638b5af83976e61a214bd9c37,False,True,survivorship-biased exploratory evidence; not Formal Candidate,8031.T,"Mitsui & Co., Ltd.",Trading companies,2006-05-17,90
0f6c05bff4831033,tgs_stable_v2_universe_lab,U15,43d5dd5aa6be3b0638b5af83976e61a214bd9c37,False,True,survivorship-biased exploratory evidence; not Formal Candidate,8031.T,"Mitsui & Co., Ltd.",Trading companies,2006-08-18,100
0f6c05bff4831033,tgs_stable_v2_universe_lab,U15,43d5dd5aa6be3b0638b5af83976e61a214bd9c37,False,True,survivorship-biased exploratory evidence; not Formal Candidate,8053.T,Sumitomo Corp.,Trading companies,2006-08-18,100
0f6c05bff4831033,tgs_stable_v2_universe_lab,U15,43d5dd5aa6be3b0638b5af83976e61a214bd9c37,False,True,survivorship-biased exploratory evidence; not Formal Candidate,5801.T,"The Furukawa Electric Co., Ltd.",Nonferrous metals,2006-08-21,100
0f6c05bff4831033,tgs_stable_v2_universe_lab,U15,43d5dd5aa6be3b0638b5af83976e61a214bd9c37,False,True,survivorship-biased exploratory evidence; not Formal Candidate,8015.T,Toyota Tsusho Corp.,Trading companies,2006-08-21,100
0f6c05bff4831033,tgs_stable_v2_universe_lab,U15,43d5dd5aa6be3b0638b5af83976e61a214bd9c37,False,True,survivorship-biased exploratory evidence; not Formal Candidate,8031.T,"Mitsui & Co., Ltd.",Trading companies,2006-08-21,100
0f6c05bff4831033,tgs_stable_v2_universe_lab,U15,43d5dd5aa6be3b0638b5af83976e61a214bd9c37,False,True,survivorship-biased exploratory evidence; not Formal Candidate,8053.T,Sumitomo Corp.,Trading companies,2006-08-21,100
0f6c05bff4831033,tgs_stable_v2_universe_lab,U15,43d5dd5aa6be3b0638b5af83976e61a214bd9c37,False,True,survivorship-biased exploratory evidence; not Formal Candidate,8031.T,"Mitsui & Co., Ltd.",Trading companies,2006-08-22,100
0f6c05bff4831033,tgs_stable_v2_universe_lab,U15,43d5dd5aa6be3b0638b5af83976e61a214bd9c37,False,True,survivorship-biased exploratory evidence; not Formal Candidate,8053.T,Sumitomo Corp.,Trading companies,2006-08-22,100
0f6c05bff4831033,tgs_stable_v2_universe_lab,U15,43d5dd5aa6be3b0638b5af83976e61a214bd9c37,False,True,survivorship-biased exploratory evidence; not Formal Candidate,8031.T,"Mitsui & Co., Ltd.",Trading companies,2006-08-23,100
0f6c05bff4831033,tgs_stable_v2_universe_lab,U15,43d5dd5aa6be3b0638b5af83976e61a214bd9c37,False,True,survivorship-biased exploratory evidence; not Formal Candidate,8053.T,Sumitomo Corp.,Trading companies,2006-08-23,100
0f6c05bff4831033,tgs_stable_v2_universe_lab,U15,43d5dd5aa6be3b0638b5af83976e61a214bd9c37,False,True,survivorship-biased exploratory evidence; not Formal Candidate,5801.T,"The Furukawa Electric Co., Ltd.",Nonferrous metals,2006-08-24,100
0f6c05bff4831033,tgs_stable_v2_universe_lab,U15,43d5dd5aa6be3b0638b5af83976e61a214bd9c37,False,True,survivorship-biased exploratory evidence; not Formal Candidate,8015.T,Toyota Tsusho Corp.,Trading companies,2006-08-24,100
0f6c05bff4831033,tgs_stable_v2_universe_lab,U15,43d5dd5aa6be3b0638b5af83976e61a214bd9c37,False,True,survivorship-biased exploratory evidence; not Formal Candidate,8031.T,"Mitsui & Co., Ltd.",Trading companies,2006-08-24,100
0f6c05bff4831033,tgs_stable_v2_universe_lab,U15,43d5dd5aa6be3b0638b5af83976e61a214bd9c37,False,True,survivorship-biased exploratory evidence; not Formal Candidate,8053.T,Sumitomo Corp.,Trading companies,2006-08-24,100
0f6c05bff4831033,tgs_stable_v2_universe_lab,U15,43d5dd5aa6be3b0638b5af83976e61a214bd9c37,False,True,survivorship-biased exploratory evidence; not Formal Candidate,8002.T,Marubeni Corp.,Trading companies,2006-08-25,100
0f6c05bff4831033,tgs_stable_v2_universe_lab,U15,43d5dd5aa6be3b0638b5af83976e61a214bd9c37,False,True,survivorship-biased exploratory evidence; not Formal Candidate,8058.T,Mitsubishi Corp.,Trading companies,2006-08-25,100
0f6c05bff4831033,tgs_stable_v2_universe_lab,U15,43d5dd5aa6be3b0638b5af83976e61a214bd9c37,False,True,survivorship-biased exploratory evidence; not Formal Candidate,8802.T,"Mitsubishi Estate Co., Ltd.",Real estate,2006-08-25,100
0f6c05bff4831033,tgs_stable_v2_universe_lab,U15,43d5dd5aa6be3b0638b5af83976e61a214bd9c37,False,True,survivorship-biased exploratory evidence; not Formal Candidate,8002.T,Marubeni Corp.,Trading companies,2006-08-28,100
0f6c05bff4831033,tgs_stable_v2_universe_lab,U15,43d5dd5aa6be3b0638b5af83976e61a214bd9c37,False,True,survivorship-biased exploratory evidence; not Formal Candidate,8053.T,Sumitomo Corp.,Trading companies,2006-08-28,90
0f6c05bff4831033,tgs_stable_v2_universe_lab,U15,43d5dd5aa6be3b0638b5af83976e61a214bd9c37,False,True,survivorship-biased exploratory evidence; not Formal Candidate,8058.T,Mitsubishi Corp.,Trading companies,2006-08-28,100
0f6c05bff4831033,tgs_stable_v2_universe_lab,U15,43d5dd5aa6be3b0638b5af83976e61a214bd9c37,False,True,survivorship-biased exploratory evidence; not Formal Candidate,8802.T,"Mitsubishi Estate Co., Ltd.",Real estate,2006-08-28,100
0f6c05bff4831033,tgs_stable_v2_universe_lab,U15,43d5dd5aa6be3b0638b5af83976e61a214bd9c37,False,True,survivorship-biased exploratory evidence; not Formal Candidate,8002.T,Marubeni Corp.,Trading companies,2006-08-29,100
0f6c05bff4831033,tgs_stable_v2_universe_lab,U15,43d5dd5aa6be3b0638b5af83976e61a214bd9c37,False,True,survivorship-biased exploratory evidence; not Formal Candidate,8058.T,Mitsubishi Corp.,Trading companies,2006-08-29,100
0f6c05bff4831033,tgs_stable_v2_universe_lab,U15,43d5dd5aa6be3b0638b5af83976e61a214bd9c37,False,True,survivorship-biased exploratory evidence; not Formal Candidate,8802.T,"Mitsubishi Estate Co., Ltd.",Real estate,2006-08-29,100
0f6c05bff4831033,tgs_stable_v2_universe_lab,U15,43d5dd5aa6be3b0638b5af83976e61a214bd9c37,False,True,survivorship-biased exploratory evidence; not Formal Candidate,8002.T,Marubeni Corp.,Trading companies,2006-08-30,100
0f6c05bff4831033,tgs_stable_v2_universe_lab,U15,43d5dd5aa6be3b0638b5af83976e61a214bd9c37,False,True,survivorship-biased exploratory evidence; not Formal Candidate,8058.T,Mitsubishi Corp.,Trading companies,2006-08-30,100
0f6c05bff4831033,tgs_stable_v2_universe_lab,U15,43d5dd5aa6be3b0638b5af83976e61a214bd9c37,False,True,survivorship-biased exploratory evidence; not Formal Candidate,8802.T,"Mitsubishi Estate Co., Ltd.",Real estate,2006-08-30,100
0f6c05bff4831033,tgs_stable_v2_universe_lab,U15,43d5dd5aa6be3b0638b5af83976e61a214bd9c37,False,True,survivorship-biased exploratory evidence; not Formal Candidate,8002.T,Marubeni Corp.,Trading companies,2006-08-31,100
0f6c05bff4831033,tgs_stable_v2_universe_lab,U15,43d5dd5aa6be3b0638b5af83976e61a214bd9c37,False,True,survivorship-biased exploratory evidence; not Formal Candidate,8058.T,Mitsubishi Corp.,Trading companies,2006-08-31,100
0f6c05bff4831033,tgs_stable_v2_universe_lab,U15,43d5dd5aa6be3b0638b5af83976e61a214bd9c37,False,True,survivorship-biased exploratory evidence; not Formal Candidate,8802.T,"Mitsubishi Estate Co., Ltd.",Real estate,2006-08-31,100
0f6c05bff4831033,tgs_stable_v2_universe_lab,U15,43d5dd5aa6be3b0638b5af83976e61a214bd9c37,False,True,survivorship-biased exploratory evidence; not Formal Candidate,8801.T,"Mitsui Fudosan Co., Ltd.",Real estate,2006-09-01,100
0f6c05bff4831033,tgs_stable_v2_universe_lab,U15,43d5dd5aa6be3b0638b5af83976e61a214bd9c37,False,True,survivorship-biased exploratory evidence; not Formal Candidate,8058.T,Mitsubishi Corp.,Trading companies,2006-09-07,90
0f6c05bff4831033,tgs_stable_v2_universe_lab,U15,43d5dd5aa6be3b0638b5af83976e61a214bd9c37,False,True,survivorship-biased exploratory evidence; not Formal Candidate,5801.T,"The Furukawa Electric Co., Ltd.",Nonferrous metals,2006-09-08,90
0f6c05bff4831033,tgs_stable_v2_universe_lab,U15,43d5dd5aa6be3b0638b5af83976e61a214bd9c37,False,True,survivorship-biased exploratory evidence; not Formal Candidate,6273.T,SMC Corporation,Machinery,2006-09-08,100
0f6c05bff4831033,tgs_stable_v2_universe_lab,U15,43d5dd5aa6be3b0638b5af83976e61a214bd9c37,False,True,survivorship-biased exploratory evidence; not Formal Candidate,7011.T,"Mitsubishi Heavy Industries, Ltd.",Machinery,2006-09-08,120
0f6c05bff4831033,tgs_stable_v2_universe_lab,U15,43d5dd5aa6be3b0638b5af83976e61a214bd9c37,False,True,survivorship-biased exploratory evidence; not Formal Candidate,8015.T,Toyota Tsusho Corp.,Trading companies,2006-09-08,90
0f6c05bff4831033,tgs_stable_v2_universe_lab,U15,43d5dd5aa6be3b0638b5af83976e61a214bd9c37,False,True,survivorship-biased exploratory evidence; not Formal Candidate,8058.T,Mitsubishi Corp.,Trading companies,2006-09-08,90
0f6c05bff4831033,tgs_stable_v2_universe_lab,U15,43d5dd5aa6be3b0638b5af83976e61a214bd9c37,False,True,survivorship-biased exploratory evidence; not Formal Candidate,6273.T,SMC Corporation,Machinery,2006-09-11,100
0f6c05bff4831033,tgs_stable_v2_universe_lab,U15,43d5dd5aa6be3b0638b5af83976e61a214bd9c37,False,True,survivorship-biased exploratory evidence; not Formal Candidate,7011.T,"Mitsubishi Heavy Industries, Ltd.",Machinery,2006-09-11,100
0f6c05bff4831033,tgs_stable_v2_universe_lab,U15,43d5dd5aa6be3b0638b5af83976e61a214bd9c37,False,True,survivorship-biased exploratory evidence; not Formal Candidate,6273.T,SMC Corporation,Machinery,2006-09-12,100
0f6c05bff4831033,tgs_stable_v2_universe_lab,U15,43d5dd5aa6be3b0638b5af83976e61a214bd9c37,False,True,survivorship-biased exploratory evidence; not Formal Candidate,7011.T,"Mitsubishi Heavy Industries, Ltd.",Machinery,2006-09-12,100
0f6c05bff4831033,tgs_stable_v2_universe_lab,U15,43d5dd5aa6be3b0638b5af83976e61a214bd9c37,False,True,survivorship-biased exploratory evidence; not Formal Candidate,6273.T,SMC Corporation,Machinery,2006-09-13,100
0f6c05bff4831033,tgs_stable_v2_universe_lab,U15,43d5dd5aa6be3b0638b5af83976e61a214bd9c37,False,True,survivorship-biased exploratory evidence; not Formal Candidate,7011.T,"Mitsubishi Heavy Industries, Ltd.",Machinery,2006-09-13,100
0f6c05bff4831033,tgs_stable_v2_universe_lab,U15,43d5dd5aa6be3b0638b5af83976e61a214bd9c37,False,True,survivorship-biased exploratory evidence; not Formal Candidate,6273.T,SMC Corporation,Machinery,2006-09-14,100
0f6c05bff4831033,tgs_stable_v2_universe_lab,U15,43d5dd5aa6be3b0638b5af83976e61a214bd9c37,False,True,survivorship-biased exploratory evidence; not Formal Candidate,7011.T,"Mitsubishi Heavy Industries, Ltd.",Machinery,2006-09-14,100
0f6c05bff4831033,tgs_stable_v2_universe_lab,U15,43d5dd5aa6be3b0638b5af83976e61a214bd9c37,False,True,survivorship-biased exploratory evidence; not Formal Candidate,5801.T,"The Furukawa Electric Co., Ltd.",Nonferrous metals,2006-09-28,90
0f6c05bff4831033,tgs_stable_v2_universe_lab,U15,43d5dd5aa6be3b0638b5af83976e61a214bd9c37,False,True,survivorship-biased exploratory evidence; not Formal Candidate,5802.T,"Sumitomo Electric Industries, Ltd.",Nonferrous metals,2006-09-29,100
0f6c05bff4831033,tgs_stable_v2_universe_lab,U15,43d5dd5aa6be3b0638b5af83976e61a214bd9c37,False,True,survivorship-biased exploratory evidence; not Formal Candidate,6273.T,SMC Corporation,Machinery,2006-09-29,100
0f6c05bff4831033,tgs_stable_v2_universe_lab,U15,43d5dd5aa6be3b0638b5af83976e61a214bd9c37,False,True,survivorship-biased exploratory evidence; not Formal Candidate,6273.T,SMC Corporation,Machinery,2006-10-02,100
0f6c05bff4831033,tgs_stable_v2_universe_lab,U15,43d5dd5aa6be3b0638b5af83976e61a214bd9c37,False,True,survivorship-biased exploratory evidence; not Formal Candidate,8802.T,"Mitsubishi Estate Co., Ltd.",Real estate,2006-10-02,90
0f6c05bff4831033,tgs_stable_v2_universe_lab,U15,43d5dd5aa6be3b0638b5af83976e61a214bd9c37,False,True,survivorship-biased exploratory evidence; not Formal Candidate,6273.T,SMC Corporation,Machinery,2006-10-03,100
0f6c05bff4831033,tgs_stable_v2_universe_lab,U15,43d5dd5aa6be3b0638b5af83976e61a214bd9c37,False,True,survivorship-biased exploratory evidence; not Formal Candidate,5801.T,"The Furukawa Electric Co., Ltd.",Nonferrous metals,2006-10-04,90
0f6c05bff4831033,tgs_stable_v2_universe_lab,U15,43d5dd5aa6be3b0638b5af83976e61a214bd9c37,False,True,survivorship-biased exploratory evidence; not Formal Candidate,5802.T,"Sumitomo Electric Industries, Ltd.",Nonferrous metals,2006-10-04,100
0f6c05bff4831033,tgs_stable_v2_universe_lab,U15,43d5dd5aa6be3b0638b5af83976e61a214bd9c37,False,True,survivorship-biased exploratory evidence; not Formal Candidate,6273.T,SMC Corporation,Machinery,2006-10-04,100
0f6c05bff4831033,tgs_stable_v2_universe_lab,U15,43d5dd5aa6be3b0638b5af83976e61a214bd9c37,False,True,survivorship-biased exploratory evidence; not Formal Candidate,5802.T,"Sumitomo Electric Industries, Ltd.",Nonferrous metals,2006-10-05,100
0f6c05bff4831033,tgs_stable_v2_universe_lab,U15,43d5dd5aa6be3b0638b5af83976e61a214bd9c37,False,True,survivorship-biased exploratory evidence; not Formal Candidate,6273.T,SMC Corporation,Machinery,2006-10-05,120
0f6c05bff4831033,tgs_stable_v2_universe_lab,U15,43d5dd5aa6be3b0638b5af83976e61a214bd9c37,False,True,survivorship-biased exploratory evidence; not Formal Candidate,7011.T,"Mitsubishi Heavy Industries, Ltd.",Machinery,2006-10-06,100
0f6c05bff4831033,tgs_stable_v2_universe_lab,U15,43d5dd5aa6be3b0638b5af83976e61a214bd9c37,False,True,survivorship-biased exploratory evidence; not Formal Candidate,6273.T,SMC Corporation,Machinery,2006-10-10,90
0f6c05bff4831033,tgs_stable_v2_universe_lab,U15,43d5dd5aa6be3b0638b5af83976e61a214bd9c37,False,True,survivorship-biased exploratory evidence; not Formal Candidate,7011.T,"Mitsubishi Heavy Industries, Ltd.",Machinery,2006-10-10,120
0f6c05bff4831033,tgs_stable_v2_universe_lab,U15,43d5dd5aa6be3b0638b5af83976e61a214bd9c37,False,True,survivorship-biased exploratory evidence; not Formal Candidate,7011.T,"Mitsubishi Heavy Industries, Ltd.",Machinery,2006-10-11,100
0f6c05bff4831033,tgs_stable_v2_universe_lab,U15,43d5dd5aa6be3b0638b5af83976e61a214bd9c37,False,True,survivorship-biased exploratory evidence; not Formal Candidate,5801.T,"The Furukawa Electric Co., Ltd.",Nonferrous metals,2006-10-17,90
0f6c05bff4831033,tgs_stable_v2_universe_lab,U15,43d5dd5aa6be3b0638b5af83976e61a214bd9c37,False,True,survivorship-biased exploratory evidence; not Formal Candidate,6273.T,SMC Corporation,Machinery,2006-10-30,90
0f6c05bff4831033,tgs_stable_v2_universe_lab,U15,43d5dd5aa6be3b0638b5af83976e61a214bd9c37,False,True,survivorship-biased exploratory evidence; not Formal Candidate,8015.T,Toyota Tsusho Corp.,Trading companies,2006-11-01,90
0f6c05bff4831033,tgs_stable_v2_universe_lab,U15,43d5dd5aa6be3b0638b5af83976e61a214bd9c37,False,True,survivorship-biased exploratory evidence; not Formal Candidate,6273.T,SMC Corporation,Machinery,2006-11-07,90
0f6c05bff4831033,tgs_stable_v2_universe_lab,U15,43d5dd5aa6be3b0638b5af83976e61a214bd9c37,False,True,survivorship-biased exploratory evidence; not Formal Candidate,8053.T,Sumitomo Corp.,Trading companies,2006-11-10,100
0f6c05bff4831033,tgs_stable_v2_universe_lab,U15,43d5dd5aa6be3b0638b5af83976e61a214bd9c37,False,True,survivorship-biased exploratory evidence; not Formal Candidate,8053.T,Sumitomo Corp.,Trading companies,2006-11-13,100
0f6c05bff4831033,tgs_stable_v2_universe_lab,U15,43d5dd5aa6be3b0638b5af83976e61a214bd9c37,False,True,survivorship-biased exploratory evidence; not Formal Candidate,6273.T,SMC Corporation,Machinery,2006-11-14,90
0f6c05bff4831033,tgs_stable_v2_universe_lab,U15,43d5dd5aa6be3b0638b5af83976e61a214bd9c37,False,True,survivorship-biased exploratory evidence; not Formal Candidate,8053.T,Sumitomo Corp.,Trading companies,2006-11-14,100
0f6c05bff4831033,tgs_stable_v2_universe_lab,U15,43d5dd5aa6be3b0638b5af83976e61a214bd9c37,False,True,survivorship-biased exploratory evidence; not Formal Candidate,6273.T,SMC Corporation,Machinery,2006-11-15,90
0f6c05bff4831033,tgs_stable_v2_universe_lab,U15,43d5dd5aa6be3b0638b5af83976e61a214bd9c37,False,True,survivorship-biased exploratory evidence; not Formal Candidate,8053.T,Sumitomo Corp.,Trading companies,2006-11-15,100
0f6c05bff4831033,tgs_stable_v2_universe_lab,U15,43d5dd5aa6be3b0638b5af83976e61a214bd9c37,False,True,survivorship-biased exploratory evidence; not Formal Candidate,8053.T,Sumitomo Corp.,Trading companies,2006-11-16,100
0f6c05bff4831033,tgs_stable_v2_universe_lab,U15,43d5dd5aa6be3b0638b5af83976e61a214bd9c37,False,True,survivorship-biased exploratory evidence; not Formal Candidate,5802.T,"Sumitomo Electric Industries, Ltd.",Nonferrous metals,2006-11-22,90
0f6c05bff4831033,tgs_stable_v2_universe_lab,U15,43d5dd5aa6be3b0638b5af83976e61a214bd9c37,False,True,survivorship-biased exploratory evidence; not Formal Candidate,6367.T,"Daikin Industries, Ltd.",Machinery,2006-11-24,100
0f6c05bff4831033,tgs_stable_v2_universe_lab,U15,43d5dd5aa6be3b0638b5af83976e61a214bd9c37,False,True,survivorship-biased exploratory evidence; not Formal Candidate,8053.T,Sumitomo Corp.,Trading companies,2006-11-24,100
0f6c05bff4831033,tgs_stable_v2_universe_lab,U15,43d5dd5aa6be3b0638b5af83976e61a214bd9c37,False,True,survivorship-biased exploratory evidence; not Formal Candidate,6367.T,"Daikin Industries, Ltd.",Machinery,2006-11-27,100
0f6c05bff4831033,tgs_stable_v2_universe_lab,U15,43d5dd5aa6be3b0638b5af83976e61a214bd9c37,False,True,survivorship-biased exploratory evidence; not Formal Candidate,8053.T,Sumitomo Corp.,Trading companies,2006-11-27,120
0f6c05bff4831033,tgs_stable_v2_universe_lab,U15,43d5dd5aa6be3b0638b5af83976e61a214bd9c37,False,True,survivorship-biased exploratory evidence; not Formal Candidate,6367.T,"Daikin Industries, Ltd.",Machinery,2006-11-28,100
0f6c05bff4831033,tgs_stable_v2_universe_lab,U15,43d5dd5aa6be3b0638b5af83976e61a214bd9c37,False,True,survivorship-biased exploratory evidence; not Formal Candidate,8053.T,Sumitomo Corp.,Trading companies,2006-11-28,120
0f6c05bff4831033,tgs_stable_v2_universe_lab,U15,43d5dd5aa6be3b0638b5af83976e61a214bd9c37,False,True,survivorship-biased exploratory evidence; not Formal Candidate,6367.T,"Daikin Industries, Ltd.",Machinery,2006-11-29,100
0f6c05bff4831033,tgs_stable_v2_universe_lab,U15,43d5dd5aa6be3b0638b5af83976e61a214bd9c37,False,True,survivorship-biased exploratory evidence; not Formal Candidate,6367.T,"Daikin Industries, Ltd.",Machinery,2006-11-30,100
0f6c05bff4831033,tgs_stable_v2_universe_lab,U15,43d5dd5aa6be3b0638b5af83976e61a214bd9c37,False,True,survivorship-biased exploratory evidence; not Formal Candidate,6273.T,SMC Corporation,Machinery,2006-12-06,90
0f6c05bff4831033,tgs_stable_v2_universe_lab,U15,43d5dd5aa6be3b0638b5af83976e61a214bd9c37,False,True,survivorship-biased exploratory evidence; not Formal Candidate,5802.T,"Sumitomo Electric Industries, Ltd.",Nonferrous metals,2006-12-08,90
0f6c05bff4831033,tgs_stable_v2_universe_lab,U15,43d5dd5aa6be3b0638b5af83976e61a214bd9c37,False,True,survivorship-biased exploratory evidence; not Formal Candidate,6273.T,SMC Corporation,Machinery,2006-12-08,90
0f6c05bff4831033,tgs_stable_v2_universe_lab,U15,43d5dd5aa6be3b0638b5af83976e61a214bd9c37,False,True,survivorship-biased exploratory evidence; not Formal Candidate,6367.T,"Daikin Industries, Ltd.",Machinery,2006-12-08,90
0f6c05bff4831033,tgs_stable_v2_universe_lab,U15,43d5dd5aa6be3b0638b5af83976e61a214bd9c37,False,True,survivorship-biased exploratory evidence; not Formal Candidate,8001.T,Itochu Corp.,Trading companies,2006-12-08,100
0f6c05bff4831033,tgs_stable_v2_universe_lab,U15,43d5dd5aa6be3b0638b5af83976e61a214bd9c37,False,True,survivorship-biased exploratory evidence; not Formal Candidate,8031.T,"Mitsui & Co., Ltd.",Trading companies,2006-12-08,100
0f6c05bff4831033,tgs_stable_v2_universe_lab,U15,43d5dd5aa6be3b0638b5af83976e61a214bd9c37,False,True,survivorship-biased exploratory evidence; not Formal Candidate,6273.T,SMC Corporation,Machinery,2006-12-11,90
0f6c05bff4831033,tgs_stable_v2_universe_lab,U15,43d5dd5aa6be3b0638b5af83976e61a214bd9c37,False,True,survivorship-biased exploratory evidence; not Formal Candidate,8001.T,Itochu Corp.,Trading companies,2006-12-11,100
0f6c05bff4831033,tgs_stable_v2_universe_lab,U15,43d5dd5aa6be3b0638b5af83976e61a214bd9c37,False,True,survivorship-biased exploratory evidence; not Formal Candidate,8031.T,"Mitsui & Co., Ltd.",Trading companies,2006-12-11,100
0f6c05bff4831033,tgs_stable_v2_universe_lab,U15,43d5dd5aa6be3b0638b5af83976e61a214bd9c37,False,True,survivorship-biased exploratory evidence; not Formal Candidate,6273.T,SMC Corporation,Machinery,2006-12-12,90
0f6c05bff4831033,tgs_stable_v2_universe_lab,U15,43d5dd5aa6be3b0638b5af83976e61a214bd9c37,False,True,survivorship-biased exploratory evidence; not Formal Candidate,8001.T,Itochu Corp.,Trading companies,2006-12-12,100
0f6c05bff4831033,tgs_stable_v2_universe_lab,U15,43d5dd5aa6be3b0638b5af83976e61a214bd9c37,False,True,survivorship-biased exploratory evidence; not Formal Candidate,8031.T,"Mitsui & Co., Ltd.",Trading companies,2006-12-12,100
0f6c05bff4831033,tgs_stable_v2_universe_lab,U15,43d5dd5aa6be3b0638b5af83976e61a214bd9c37,False,True,survivorship-biased exploratory evidence; not Formal Candidate,8001.T,Itochu Corp.,Trading companies,2006-12-13,100
0f6c05bff4831033,tgs_stable_v2_universe_lab,U15,43d5dd5aa6be3b0638b5af83976e61a214bd9c37,False,True,survivorship-biased exploratory evidence; not Formal Candidate,8031.T,"Mitsui & Co., Ltd.",Trading companies,2006-12-13,100
0f6c05bff4831033,tgs_stable_v2_universe_lab,U15,43d5dd5aa6be3b0638b5af83976e61a214bd9c37,False,True,survivorship-biased exploratory evidence; not Formal Candidate,8001.T,Itochu Corp.,Trading companies,2006-12-14,100
0f6c05bff4831033,tgs_stable_v2_universe_lab,U15,43d5dd5aa6be3b0638b5af83976e61a214bd9c37,False,True,survivorship-biased exploratory evidence; not Formal Candidate,8031.T,"Mitsui & Co., Ltd.",Trading companies,2006-12-14,100
0f6c05bff4831033,tgs_stable_v2_universe_lab,U15,43d5dd5aa6be3b0638b5af83976e61a214bd9c37,False,True,survivorship-biased exploratory evidence; not Formal Candidate,8002.T,Marubeni Corp.,Trading companies,2006-12-15,100
0f6c05bff4831033,tgs_stable_v2_universe_lab,U15,43d5dd5aa6be3b0638b5af83976e61a214bd9c37,False,True,survivorship-biased exploratory evidence; not Formal Candidate,8058.T,Mitsubishi Corp.,Trading companies,2006-12-15,100
0f6c05bff4831033,tgs_stable_v2_universe_lab,U15,43d5dd5aa6be3b0638b5af83976e61a214bd9c37,False,True,survivorship-biased exploratory evidence; not Formal Candidate,6301.T,Komatsu Ltd.,Machinery,2006-12-18,100
0f6c05bff4831033,tgs_stable_v2_universe_lab,U15,43d5dd5aa6be3b0638b5af83976e61a214bd9c37,False,True,survivorship-biased exploratory evidence; not Formal Candidate,8002.T,Marubeni Corp.,Trading companies,2006-12-18,100
0f6c05bff4831033,tgs_stable_v2_universe_lab,U15,43d5dd5aa6be3b0638b5af83976e61a214bd9c37,False,True,survivorship-biased exploratory evidence; not Formal Candidate,8058.T,Mitsubishi Corp.,Trading companies,2006-12-18,100
0f6c05bff4831033,tgs_stable_v2_universe_lab,U15,43d5dd5aa6be3b0638b5af83976e61a214bd9c37,False,True,survivorship-biased exploratory evidence; not Formal Candidate,6301.T,Komatsu Ltd.,Machinery,2006-12-19,120
0f6c05bff4831033,tgs_stable_v2_universe_lab,U15,43d5dd5aa6be3b0638b5af83976e61a214bd9c37,False,True,survivorship-biased exploratory evidence; not Formal Candidate,8002.T,Marubeni Corp.,Trading companies,2006-12-19,100
0f6c05bff4831033,tgs_stable_v2_universe_lab,U15,43d5dd5aa6be3b0638b5af83976e61a214bd9c37,False,True,survivorship-biased exploratory evidence; not Formal Candidate,8058.T,Mitsubishi Corp.,Trading companies,2006-12-19,100
0f6c05bff4831033,tgs_stable_v2_universe_lab,U15,43d5dd5aa6be3b0638b5af83976e61a214bd9c37,False,True,survivorship-biased exploratory evidence; not Formal Candidate,6301.T,Komatsu Ltd.,Machinery,2006-12-20,100
0f6c05bff4831033,tgs_stable_v2_universe_lab,U15,43d5dd5aa6be3b0638b5af83976e61a214bd9c37,False,True,survivorship-biased exploratory evidence; not Formal Candidate,8002.T,Marubeni Corp.,Trading companies,2006-12-20,100
0f6c05bff4831033,tgs_stable_v2_universe_lab,U15,43d5dd5aa6be3b0638b5af83976e61a214bd9c37,False,True,survivorship-biased exploratory evidence; not Formal Candidate,8058.T,Mitsubishi Corp.,Trading companies,2006-12-20,100
0f6c05bff4831033,tgs_stable_v2_universe_lab,U15,43d5dd5aa6be3b0638b5af83976e61a214bd9c37,False,True,survivorship-biased exploratory evidence; not Formal Candidate,8802.T,"Mitsubishi Estate Co., Ltd.",Real estate,2006-12-20,90
0f6c05bff4831033,tgs_stable_v2_universe_lab,U15,43d5dd5aa6be3b0638b5af83976e61a214bd9c37,False,True,survivorship-biased exploratory evidence; not Formal Candidate,6301.T,Komatsu Ltd.,Machinery,2006-12-21,100
0f6c05bff4831033,tgs_stable_v2_universe_lab,U15,43d5dd5aa6be3b0638b5af83976e61a214bd9c37,False,True,survivorship-biased exploratory evidence; not Formal Candidate,8002.T,Marubeni Corp.,Trading companies,2006-12-21,100
0f6c05bff4831033,tgs_stable_v2_universe_lab,U15,43d5dd5aa6be3b0638b5af83976e61a214bd9c37,False,True,survivorship-biased exploratory evidence; not Formal Candidate,8058.T,Mitsubishi Corp.,Trading companies,2006-12-21,100
0f6c05bff4831033,tgs_stable_v2_universe_lab,U15,43d5dd5aa6be3b0638b5af83976e61a214bd9c37,False,True,survivorship-biased exploratory evidence; not Formal Candidate,7011.T,"Mitsubishi Heavy Industries, Ltd.",Machinery,2006-12-25,120
0f6c05bff4831033,tgs_stable_v2_universe_lab,U15,43d5dd5aa6be3b0638b5af83976e61a214bd9c37,False,True,survivorship-biased exploratory evidence; not Formal Candidate,7011.T,"Mitsubishi Heavy Industries, Ltd.",Machinery,2006-12-26,100
0f6c05bff4831033,tgs_stable_v2_universe_lab,U15,43d5dd5aa6be3b0638b5af83976e61a214bd9c37,False,True,survivorship-biased exploratory evidence; not Formal Candidate,7011.T,"Mitsubishi Heavy Industries, Ltd.",Machinery,2006-12-27,100
0f6c05bff4831033,tgs_stable_v2_universe_lab,U15,43d5dd5aa6be3b0638b5af83976e61a214bd9c37,False,True,survivorship-biased exploratory evidence; not Formal Candidate,7011.T,"Mitsubishi Heavy Industries, Ltd.",Machinery,2006-12-28,100
0f6c05bff4831033,tgs_stable_v2_universe_lab,U15,43d5dd5aa6be3b0638b5af83976e61a214bd9c37,False,True,survivorship-biased exploratory evidence; not Formal Candidate,8801.T,"Mitsui Fudosan Co., Ltd.",Real estate,2007-01-05,100
0f6c05bff4831033,tgs_stable_v2_universe_lab,U15,43d5dd5aa6be3b0638b5af83976e61a214bd9c37,False,True,survivorship-biased exploratory evidence; not Formal Candidate,6273.T,SMC Corporation,Machinery,2007-01-09,90
0f6c05bff4831033,tgs_stable_v2_universe_lab,U15,43d5dd5aa6be3b0638b5af83976e61a214bd9c37,False,True,survivorship-biased exploratory evidence; not Formal Candidate,8053.T,Sumitomo Corp.,Trading companies,2007-01-09,90
0f6c05bff4831033,tgs_stable_v2_universe_lab,U15,43d5dd5aa6be3b0638b5af83976e61a214bd9c37,False,True,survivorship-biased exploratory evidence; not Formal Candidate,8801.T,"Mitsui Fudosan Co., Ltd.",Real estate,2007-01-09,100
0f6c05bff4831033,tgs_stable_v2_universe_lab,U15,43d5dd5aa6be3b0638b5af83976e61a214bd9c37,False,True,survivorship-biased exploratory evidence; not Formal Candidate,5802.T,"Sumitomo Electric Industries, Ltd.",Nonferrous metals,2007-01-10,90
0f6c05bff4831033,tgs_stable_v2_universe_lab,U15,43d5dd5aa6be3b0638b5af83976e61a214bd9c37,False,True,survivorship-biased exploratory evidence; not Formal Candidate,8801.T,"Mitsui Fudosan Co., Ltd.",Real estate,2007-01-10,120
0f6c05bff4831033,tgs_stable_v2_universe_lab,U15,43d5dd5aa6be3b0638b5af83976e61a214bd9c37,False,True,survivorship-biased exploratory evidence; not Formal Candidate,8801.T,"Mitsui Fudosan Co., Ltd.",Real estate,2007-01-11,100
0f6c05bff4831033,tgs_stable_v2_universe_lab,U15,43d5dd5aa6be3b0638b5af83976e61a214bd9c37,False,True,survivorship-biased exploratory evidence; not Formal Candidate,6367.T,"Daikin Industries, Ltd.",Machinery,2007-01-17,90
0f6c05bff4831033,tgs_stable_v2_universe_lab,U15,43d5dd5aa6be3b0638b5af83976e61a214bd9c37,False,True,survivorship-biased exploratory evidence; not Formal Candidate,6367.T,"Daikin Industries, Ltd.",Machinery,2007-01-18,90
0f6c05bff4831033,tgs_stable_v2_universe_lab,U15,43d5dd5aa6be3b0638b5af83976e61a214bd9c37,False,True,survivorship-biased exploratory evidence; not Formal Candidate,8001.T,Itochu Corp.,Trading companies,2007-01-18,90
0f6c05bff4831033,tgs_stable_v2_universe_lab,U15,43d5dd5aa6be3b0638b5af83976e61a214bd9c37,False,True,survivorship-biased exploratory evidence; not Formal Candidate,8002.T,Marubeni Corp.,Trading companies,2007-01-18,90
0f6c05bff4831033,tgs_stable_v2_universe_lab,U15,43d5dd5aa6be3b0638b5af83976e61a214bd9c37,False,True,survivorship-biased exploratory evidence; not Formal Candidate,8058.T,Mitsubishi Corp.,Trading companies,2007-01-18,90
0f6c05bff4831033,tgs_stable_v2_universe_lab,U15,43d5dd5aa6be3b0638b5af83976e61a214bd9c37,False,True,survivorship-biased exploratory evidence; not Formal Candidate,8001.T,Itochu Corp.,Trading companies,2007-01-22,90
0f6c05bff4831033,tgs_stable_v2_universe_lab,U15,43d5dd5aa6be3b0638b5af83976e61a214bd9c37,False,True,survivorship-biased exploratory evidence; not Formal Candidate,8002.T,Marubeni Corp.,Trading companies,2007-01-22,90
0f6c05bff4831033,tgs_stable_v2_universe_lab,U15,43d5dd5aa6be3b0638b5af83976e61a214bd9c37,False,True,survivorship-biased exploratory evidence; not Formal Candidate,8801.T,"Mitsui Fudosan Co., Ltd.",Real estate,2007-01-24,100
0f6c05bff4831033,tgs_stable_v2_universe_lab,U15,43d5dd5aa6be3b0638b5af83976e61a214bd9c37,False,True,survivorship-biased exploratory evidence; not Formal Candidate,6273.T,SMC Corporation,Machinery,2007-01-29,90
0f6c05bff4831033,tgs_stable_v2_universe_lab,U15,43d5dd5aa6be3b0638b5af83976e61a214bd9c37,False,True,survivorship-biased exploratory evidence; not Formal Candidate,5801.T,"The Furukawa Electric Co., Ltd.",Nonferrous metals,2007-01-31,100
0f6c05bff4831033,tgs_stable_v2_universe_lab,U15,43d5dd5aa6be3b0638b5af83976e61a214bd9c37,False,True,survivorship-biased exploratory evidence; not Formal Candidate,5801.T,"The Furukawa Electric Co., Ltd.",Nonferrous metals,2007-02-01,100
0f6c05bff4831033,tgs_stable_v2_universe_lab,U15,43d5dd5aa6be3b0638b5af83976e61a214bd9c37,False,True,survivorship-biased exploratory evidence; not Formal Candidate,5801.T,"The Furukawa Electric Co., Ltd.",Nonferrous metals,2007-02-06,90
0f6c05bff4831033,tgs_stable_v2_universe_lab,U15,43d5dd5aa6be3b0638b5af83976e61a214bd9c37,False,True,survivorship-biased exploratory evidence; not Formal Candidate,6367.T,"Daikin Industries, Ltd.",Machinery,2007-02-06,90
0f6c05bff4831033,tgs_stable_v2_universe_lab,U15,43d5dd5aa6be3b0638b5af83976e61a214bd9c37,False,True,survivorship-biased exploratory evidence; not Formal Candidate,8015.T,Toyota Tsusho Corp.,Trading companies,2007-02-09,100
0f6c05bff4831033,tgs_stable_v2_universe_lab,U15,43d5dd5aa6be3b0638b5af83976e61a214bd9c37,False,True,survivorship-biased exploratory evidence; not Formal Candidate,5801.T,"The Furukawa Electric Co., Ltd.",Nonferrous metals,2007-02-13,90
0f6c05bff4831033,tgs_stable_v2_universe_lab,U15,43d5dd5aa6be3b0638b5af83976e61a214bd9c37,False,True,survivorship-biased exploratory evidence; not Formal Candidate,8015.T,Toyota Tsusho Corp.,Trading companies,2007-02-13,100
0f6c05bff4831033,tgs_stable_v2_universe_lab,U15,43d5dd5aa6be3b0638b5af83976e61a214bd9c37,False,True,survivorship-biased exploratory evidence; not Formal Candidate,8015.T,Toyota Tsusho Corp.,Trading companies,2007-02-14,100
0f6c05bff4831033,tgs_stable_v2_universe_lab,U15,43d5dd5aa6be3b0638b5af83976e61a214bd9c37,False,True,survivorship-biased exploratory evidence; not Formal Candidate,8001.T,Itochu Corp.,Trading companies,2007-02-15,90
0f6c05bff4831033,tgs_stable_v2_universe_lab,U15,43d5dd5aa6be3b0638b5af83976e61a214bd9c37,False,True,survivorship-biased exploratory evidence; not Formal Candidate,8015.T,Toyota Tsusho Corp.,Trading companies,2007-02-15,100
0f6c05bff4831033,tgs_stable_v2_universe_lab,U15,43d5dd5aa6be3b0638b5af83976e61a214bd9c37,False,True,survivorship-biased exploratory evidence; not Formal Candidate,8001.T,Itochu Corp.,Trading companies,2007-02-16,90
0f6c05bff4831033,tgs_stable_v2_universe_lab,U15,43d5dd5aa6be3b0638b5af83976e61a214bd9c37,False,True,survivorship-biased exploratory evidence; not Formal Candidate,5801.T,"The Furukawa Electric Co., Ltd.",Nonferrous metals,2007-02-26,90
0f6c05bff4831033,tgs_stable_v2_universe_lab,U15,43d5dd5aa6be3b0638b5af83976e61a214bd9c37,False,True,survivorship-biased exploratory evidence; not Formal Candidate,8802.T,"Mitsubishi Estate Co., Ltd.",Real estate,2007-02-27,90
0f6c05bff4831033,tgs_stable_v2_universe_lab,U15,43d5dd5aa6be3b0638b5af83976e61a214bd9c37,False,True,survivorship-biased exploratory evidence; not Formal Candidate,6301.T,Komatsu Ltd.,Machinery,2007-02-28,90
0f6c05bff4831033,tgs_stable_v2_universe_lab,U15,43d5dd5aa6be3b0638b5af83976e61a214bd9c37,False,True,survivorship-biased exploratory evidence; not Formal Candidate,8015.T,Toyota Tsusho Corp.,Trading companies,2007-02-28,90
0f6c05bff4831033,tgs_stable_v2_universe_lab,U15,43d5dd5aa6be3b0638b5af83976e61a214bd9c37,False,True,survivorship-biased exploratory evidence; not Formal Candidate,8031.T,"Mitsui & Co., Ltd.",Trading companies,2007-02-28,90
0f6c05bff4831033,tgs_stable_v2_universe_lab,U15,43d5dd5aa6be3b0638b5af83976e61a214bd9c37,False,True,survivorship-biased exploratory evidence; not Formal Candidate,8053.T,Sumitomo Corp.,Trading companies,2007-02-28,90
0f6c05bff4831033,tgs_stable_v2_universe_lab,U15,43d5dd5aa6be3b0638b5af83976e61a214bd9c37,False,True,survivorship-biased exploratory evidence; not Formal Candidate,8801.T,"Mitsui Fudosan Co., Ltd.",Real estate,2007-02-28,90
0f6c05bff4831033,tgs_stable_v2_universe_lab,U15,43d5dd5aa6be3b0638b5af83976e61a214bd9c37,False,True,survivorship-biased exploratory evidence; not Formal Candidate,8802.T,"Mitsubishi Estate Co., Ltd.",Real estate,2007-02-28,90
0f6c05bff4831033,tgs_stable_v2_universe_lab,U15,43d5dd5aa6be3b0638b5af83976e61a214bd9c37,False,True,survivorship-biased exploratory evidence; not Formal Candidate,6301.T,Komatsu Ltd.,Machinery,2007-03-01,90
0f6c05bff4831033,tgs_stable_v2_universe_lab,U15,43d5dd5aa6be3b0638b5af83976e61a214bd9c37,False,True,survivorship-biased exploratory evidence; not Formal Candidate,8031.T,"Mitsui & Co., Ltd.",Trading companies,2007-03-01,90
0f6c05bff4831033,tgs_stable_v2_universe_lab,U15,43d5dd5aa6be3b0638b5af83976e61a214bd9c37,False,True,survivorship-biased exploratory evidence; not Formal Candidate,8801.T,"Mitsui Fudosan Co., Ltd.",Real estate,2007-03-01,90
0f6c05bff4831033,tgs_stable_v2_universe_lab,U15,43d5dd5aa6be3b0638b5af83976e61a214bd9c37,False,True,survivorship-biased exploratory evidence; not Formal Candidate,6301.T,Komatsu Ltd.,Machinery,2007-03-06,90
0f6c05bff4831033,tgs_stable_v2_universe_lab,U15,43d5dd5aa6be3b0638b5af83976e61a214bd9c37,False,True,survivorship-biased exploratory evidence; not Formal Candidate,6301.T,Komatsu Ltd.,Machinery,2007-03-07,90
0f6c05bff4831033,tgs_stable_v2_universe_lab,U15,43d5dd5aa6be3b0638b5af83976e61a214bd9c37,False,True,survivorship-biased exploratory evidence; not Formal Candidate,6301.T,Komatsu Ltd.,Machinery,2007-03-09,90
0f6c05bff4831033,tgs_stable_v2_universe_lab,U15,43d5dd5aa6be3b0638b5af83976e61a214bd9c37,False,True,survivorship-biased exploratory evidence; not Formal Candidate,8031.T,"Mitsui & Co., Ltd.",Trading companies,2007-03-09,90
0f6c05bff4831033,tgs_stable_v2_universe_lab,U15,43d5dd5aa6be3b0638b5af83976e61a214bd9c37,False,True,survivorship-biased exploratory evidence; not Formal Candidate,8801.T,"Mitsui Fudosan Co., Ltd.",Real estate,2007-03-09,90
0f6c05bff4831033,tgs_stable_v2_universe_lab,U15,43d5dd5aa6be3b0638b5af83976e61a214bd9c37,False,True,survivorship-biased exploratory evidence; not Formal Candidate,8802.T,"Mitsubishi Estate Co., Ltd.",Real estate,2007-03-09,90
0f6c05bff4831033,tgs_stable_v2_universe_lab,U15,43d5dd5aa6be3b0638b5af83976e61a214bd9c37,False,True,survivorship-biased exploratory evidence; not Formal Candidate,7011.T,"Mitsubishi Heavy Industries, Ltd.",Machinery,2007-03-14,90
0f6c05bff4831033,tgs_stable_v2_universe_lab,U15,43d5dd5aa6be3b0638b5af83976e61a214bd9c37,False,True,survivorship-biased exploratory evidence; not Formal Candidate,7011.T,"Mitsubishi Heavy Industries, Ltd.",Machinery,2007-03-15,90
0f6c05bff4831033,tgs_stable_v2_universe_lab,U15,43d5dd5aa6be3b0638b5af83976e61a214bd9c37,False,True,survivorship-biased exploratory evidence; not Formal Candidate,7011.T,"Mitsubishi Heavy Industries, Ltd.",Machinery,2007-03-16,90
0f6c05bff4831033,tgs_stable_v2_universe_lab,U15,43d5dd5aa6be3b0638b5af83976e61a214bd9c37,False,True,survivorship-biased exploratory evidence; not Formal Candidate,7011.T,"Mitsubishi Heavy Industries, Ltd.",Machinery,2007-03-19,90
0f6c05bff4831033,tgs_stable_v2_universe_lab,U15,43d5dd5aa6be3b0638b5af83976e61a214bd9c37,False,True,survivorship-biased exploratory evidence; not Formal Candidate,7011.T,"Mitsubishi Heavy Industries, Ltd.",Machinery,2007-03-20,90
0f6c05bff4831033,tgs_stable_v2_universe_lab,U15,43d5dd5aa6be3b0638b5af83976e61a214bd9c37,False,True,survivorship-biased exploratory evidence; not Formal Candidate,6367.T,"Daikin Industries, Ltd.",Machinery,2007-04-06,100
0f6c05bff4831033,tgs_stable_v2_universe_lab,U15,43d5dd5aa6be3b0638b5af83976e61a214bd9c37,False,True,survivorship-biased exploratory evidence; not Formal Candidate,6367.T,"Daikin Industries, Ltd.",Machinery,2007-04-11,100
0f6c05bff4831033,tgs_stable_v2_universe_lab,U15,43d5dd5aa6be3b0638b5af83976e61a214bd9c37,False,True,survivorship-biased exploratory evidence; not Formal Candidate,6367.T,"Daikin Industries, Ltd.",Machinery,2007-04-12,100
0f6c05bff4831033,tgs_stable_v2_universe_lab,U15,43d5dd5aa6be3b0638b5af83976e61a214bd9c37,False,True,survivorship-biased exploratory evidence; not Formal Candidate,8001.T,Itochu Corp.,Trading companies,2007-04-18,90
0f6c05bff4831033,tgs_stable_v2_universe_lab,U15,43d5dd5aa6be3b0638b5af83976e61a214bd9c37,False,True,survivorship-biased exploratory evidence; not Formal Candidate,8001.T,Itochu Corp.,Trading companies,2007-04-19,90
0f6c05bff4831033,tgs_stable_v2_universe_lab,U15,43d5dd5aa6be3b0638b5af83976e61a214bd9c37,False,True,survivorship-biased exploratory evidence; not Formal Candidate,6301.T,Komatsu Ltd.,Machinery,2007-04-27,100
0f6c05bff4831033,tgs_stable_v2_universe_lab,U15,43d5dd5aa6be3b0638b5af83976e61a214bd9c37,False,True,survivorship-biased exploratory evidence; not Formal Candidate,8001.T,Itochu Corp.,Trading companies,2007-04-27,90
0f6c05bff4831033,tgs_stable_v2_universe_lab,U15,43d5dd5aa6be3b0638b5af83976e61a214bd9c37,False,True,survivorship-biased exploratory evidence; not Formal Candidate,8031.T,"Mitsui & Co., Ltd.",Trading companies,2007-04-27,90
0f6c05bff4831033,tgs_stable_v2_universe_lab,U15,43d5dd5aa6be3b0638b5af83976e61a214bd9c37,False,True,survivorship-biased exploratory evidence; not Formal Candidate,8801.T,"Mitsui Fudosan Co., Ltd.",Real estate,2007-04-27,100
0f6c05bff4831033,tgs_stable_v2_universe_lab,U15,43d5dd5aa6be3b0638b5af83976e61a214bd9c37,False,True,survivorship-biased exploratory evidence; not Formal Candidate,6301.T,Komatsu Ltd.,Machinery,2007-05-01,100
0f6c05bff4831033,tgs_stable_v2_universe_lab,U15,43d5dd5aa6be3b0638b5af83976e61a214bd9c37,False,True,survivorship-biased exploratory evidence; not Formal Candidate,8001.T,Itochu Corp.,Trading companies,2007-05-01,90
0f6c05bff4831033,tgs_stable_v2_universe_lab,U15,43d5dd5aa6be3b0638b5af83976e61a214bd9c37,False,True,survivorship-biased exploratory evidence; not Formal Candidate,8801.T,"Mitsui Fudosan Co., Ltd.",Real estate,2007-05-01,100
0f6c05bff4831033,tgs_stable_v2_universe_lab,U15,43d5dd5aa6be3b0638b5af83976e61a214bd9c37,False,True,survivorship-biased exploratory evidence; not Formal Candidate,8002.T,Marubeni Corp.,Trading companies,2007-05-02,90
0f6c05bff4831033,tgs_stable_v2_universe_lab,U15,43d5dd5aa6be3b0638b5af83976e61a214bd9c37,False,True,survivorship-biased exploratory evidence; not Formal Candidate,8801.T,"Mitsui Fudosan Co., Ltd.",Real estate,2007-05-02,100
0f6c05bff4831033,tgs_stable_v2_universe_lab,U15,43d5dd5aa6be3b0638b5af83976e61a214bd9c37,False,True,survivorship-biased exploratory evidence; not Formal Candidate,5803.T,Fujikura Ltd.,Nonferrous metals,2007-05-07,100
0f6c05bff4831033,tgs_stable_v2_universe_lab,U15,43d5dd5aa6be3b0638b5af83976e61a214bd9c37,False,True,survivorship-biased exploratory evidence; not Formal Candidate,5803.T,Fujikura Ltd.,Nonferrous metals,2007-05-08,100
0f6c05bff4831033,tgs_stable_v2_universe_lab,U15,43d5dd5aa6be3b0638b5af83976e61a214bd9c37,False,True,survivorship-biased exploratory evidence; not Formal Candidate,5803.T,Fujikura Ltd.,Nonferrous metals,2007-05-09,100
0f6c05bff4831033,tgs_stable_v2_universe_lab,U15,43d5dd5aa6be3b0638b5af83976e61a214bd9c37,False,True,survivorship-biased exploratory evidence; not Formal Candidate,5803.T,Fujikura Ltd.,Nonferrous metals,2007-05-10,100
0f6c05bff4831033,tgs_stable_v2_universe_lab,U15,43d5dd5aa6be3b0638b5af83976e61a214bd9c37,False,True,survivorship-biased exploratory evidence; not Formal Candidate,6367.T,"Daikin Industries, Ltd.",Machinery,2007-05-11,100
0f6c05bff4831033,tgs_stable_v2_universe_lab,U15,43d5dd5aa6be3b0638b5af83976e61a214bd9c37,False,True,survivorship-biased exploratory evidence; not Formal Candidate,8002.T,Marubeni Corp.,Trading companies,2007-05-11,90
0f6c05bff4831033,tgs_stable_v2_universe_lab,U15,43d5dd5aa6be3b0638b5af83976e61a214bd9c37,False,True,survivorship-biased exploratory evidence; not Formal Candidate,6367.T,"Daikin Industries, Ltd.",Machinery,2007-05-14,100
0f6c05bff4831033,tgs_stable_v2_universe_lab,U15,43d5dd5aa6be3b0638b5af83976e61a214bd9c37,False,True,survivorship-biased exploratory evidence; not Formal Candidate,6367.T,"Daikin Industries, Ltd.",Machinery,2007-05-15,120
0f6c05bff4831033,tgs_stable_v2_universe_lab,U15,43d5dd5aa6be3b0638b5af83976e61a214bd9c37,False,True,survivorship-biased exploratory evidence; not Formal Candidate,8053.T,Sumitomo Corp.,Trading companies,2007-05-15,100
0f6c05bff4831033,tgs_stable_v2_universe_lab,U15,43d5dd5aa6be3b0638b5af83976e61a214bd9c37,False,True,survivorship-biased exploratory evidence; not Formal Candidate,8053.T,Sumitomo Corp.,Trading companies,2007-05-16,100
0f6c05bff4831033,tgs_stable_v2_universe_lab,U15,43d5dd5aa6be3b0638b5af83976e61a214bd9c37,False,True,survivorship-biased exploratory evidence; not Formal Candidate,6367.T,"Daikin Industries, Ltd.",Machinery,2007-05-17,100
0f6c05bff4831033,tgs_stable_v2_universe_lab,U15,43d5dd5aa6be3b0638b5af83976e61a214bd9c37,False,True,survivorship-biased exploratory evidence; not Formal Candidate,8053.T,Sumitomo Corp.,Trading companies,2007-05-17,100
0f6c05bff4831033,tgs_stable_v2_universe_lab,U15,43d5dd5aa6be3b0638b5af83976e61a214bd9c37,False,True,survivorship-biased exploratory evidence; not Formal Candidate,6367.T,"Daikin Industries, Ltd.",Machinery,2007-05-18,90
0f6c05bff4831033,tgs_stable_v2_universe_lab,U15,43d5dd5aa6be3b0638b5af83976e61a214bd9c37,False,True,survivorship-biased exploratory evidence; not Formal Candidate,5803.T,Fujikura Ltd.,Nonferrous metals,2007-05-22,90
0f6c05bff4831033,tgs_stable_v2_universe_lab,U15,43d5dd5aa6be3b0638b5af83976e61a214bd9c37,False,True,survivorship-biased exploratory evidence; not Formal Candidate,5803.T,Fujikura Ltd.,Nonferrous metals,2007-05-23,90
0f6c05bff4831033,tgs_stable_v2_universe_lab,U15,43d5dd5aa6be3b0638b5af83976e61a214bd9c37,False,True,survivorship-biased exploratory evidence; not Formal Candidate,8053.T,Sumitomo Corp.,Trading companies,2007-05-23,90
0f6c05bff4831033,tgs_stable_v2_universe_lab,U15,43d5dd5aa6be3b0638b5af83976e61a214bd9c37,False,True,survivorship-biased exploratory evidence; not Formal Candidate,8001.T,Itochu Corp.,Trading companies,2007-05-24,90
0f6c05bff4831033,tgs_stable_v2_universe_lab,U15,43d5dd5aa6be3b0638b5af83976e61a214bd9c37,False,True,survivorship-biased exploratory evidence; not Formal Candidate,8002.T,Marubeni Corp.,Trading companies,2007-05-24,90
0f6c05bff4831033,tgs_stable_v2_universe_lab,U15,43d5dd5aa6be3b0638b5af83976e61a214bd9c37,False,True,survivorship-biased exploratory evidence; not Formal Candidate,5803.T,Fujikura Ltd.,Nonferrous metals,2007-05-29,90
0f6c05bff4831033,tgs_stable_v2_universe_lab,U15,43d5dd5aa6be3b0638b5af83976e61a214bd9c37,False,True,survivorship-biased exploratory evidence; not Formal Candidate,8031.T,"Mitsui & Co., Ltd.",Trading companies,2007-05-31,90
0f6c05bff4831033,tgs_stable_v2_universe_lab,U15,43d5dd5aa6be3b0638b5af83976e61a214bd9c37,False,True,survivorship-biased exploratory evidence; not Formal Candidate,6367.T,"Daikin Industries, Ltd.",Machinery,2007-06-01,90
0f6c05bff4831033,tgs_stable_v2_universe_lab,U15,43d5dd5aa6be3b0638b5af83976e61a214bd9c37,False,True,survivorship-biased exploratory evidence; not Formal Candidate,8001.T,Itochu Corp.,Trading companies,2007-06-01,90
0f6c05bff4831033,tgs_stable_v2_universe_lab,U15,43d5dd5aa6be3b0638b5af83976e61a214bd9c37,False,True,survivorship-biased exploratory evidence; not Formal Candidate,8053.T,Sumitomo Corp.,Trading companies,2007-06-01,120
0f6c05bff4831033,tgs_stable_v2_universe_lab,U15,43d5dd5aa6be3b0638b5af83976e61a214bd9c37,False,True,survivorship-biased exploratory evidence; not Formal Candidate,8058.T,Mitsubishi Corp.,Trading companies,2007-06-01,100
0f6c05bff4831033,tgs_stable_v2_universe_lab,U15,43d5dd5aa6be3b0638b5af83976e61a214bd9c37,False,True,survivorship-biased exploratory evidence; not Formal Candidate,8053.T,Sumitomo Corp.,Trading companies,2007-06-04,100
0f6c05bff4831033,tgs_stable_v2_universe_lab,U15,43d5dd5aa6be3b0638b5af83976e61a214bd9c37,False,True,survivorship-biased exploratory evidence; not Formal Candidate,8058.T,Mitsubishi Corp.,Trading companies,2007-06-04,100
0f6c05bff4831033,tgs_stable_v2_universe_lab,U15,43d5dd5aa6be3b0638b5af83976e61a214bd9c37,False,True,survivorship-biased exploratory evidence; not Formal Candidate,8053.T,Sumitomo Corp.,Trading companies,2007-06-05,100
0f6c05bff4831033,tgs_stable_v2_universe_lab,U15,43d5dd5aa6be3b0638b5af83976e61a214bd9c37,False,True,survivorship-biased exploratory evidence; not Formal Candidate,5803.T,Fujikura Ltd.,Nonferrous metals,2007-06-06,90
0f6c05bff4831033,tgs_stable_v2_universe_lab,U15,43d5dd5aa6be3b0638b5af83976e61a214bd9c37,False,True,survivorship-biased exploratory evidence; not Formal Candidate,8053.T,Sumitomo Corp.,Trading companies,2007-06-06,120
0f6c05bff4831033,tgs_stable_v2_universe_lab,U15,43d5dd5aa6be3b0638b5af83976e61a214bd9c37,False,True,survivorship-biased exploratory evidence; not Formal Candidate,8053.T,Sumitomo Corp.,Trading companies,2007-06-07,100
0f6c05bff4831033,tgs_stable_v2_universe_lab,U15,43d5dd5aa6be3b0638b5af83976e61a214bd9c37,False,True,survivorship-biased exploratory evidence; not Formal Candidate,8058.T,Mitsubishi Corp.,Trading companies,2007-06-07,100
0f6c05bff4831033,tgs_stable_v2_universe_lab,U15,43d5dd5aa6be3b0638b5af83976e61a214bd9c37,False,True,survivorship-biased exploratory evidence; not Formal Candidate,5802.T,"Sumitomo Electric Industries, Ltd.",Nonferrous metals,2007-06-08,120
0f6c05bff4831033,tgs_stable_v2_universe_lab,U15,43d5dd5aa6be3b0638b5af83976e61a214bd9c37,False,True,survivorship-biased exploratory evidence; not Formal Candidate,5803.T,Fujikura Ltd.,Nonferrous metals,2007-06-08,90
0f6c05bff4831033,tgs_stable_v2_universe_lab,U15,43d5dd5aa6be3b0638b5af83976e61a214bd9c37,False,True,survivorship-biased exploratory evidence; not Formal Candidate,8031.T,"Mitsui & Co., Ltd.",Trading companies,2007-06-08,90
0f6c05bff4831033,tgs_stable_v2_universe_lab,U15,43d5dd5aa6be3b0638b5af83976e61a214bd9c37,False,True,survivorship-biased exploratory evidence; not Formal Candidate,8053.T,Sumitomo Corp.,Trading companies,2007-06-08,90
0f6c05bff4831033,tgs_stable_v2_universe_lab,U15,43d5dd5aa6be3b0638b5af83976e61a214bd9c37,False,True,survivorship-biased exploratory evidence; not Formal Candidate,8801.T,"Mitsui Fudosan Co., Ltd.",Real estate,2007-06-08,90
0f6c05bff4831033,tgs_stable_v2_universe_lab,U15,43d5dd5aa6be3b0638b5af83976e61a214bd9c37,False,True,survivorship-biased exploratory evidence; not Formal Candidate,5802.T,"Sumitomo Electric Industries, Ltd.",Nonferrous metals,2007-06-11,100
0f6c05bff4831033,tgs_stable_v2_universe_lab,U15,43d5dd5aa6be3b0638b5af83976e61a214bd9c37,False,True,survivorship-biased exploratory evidence; not Formal Candidate,5802.T,"Sumitomo Electric Industries, Ltd.",Nonferrous metals,2007-06-12,100
0f6c05bff4831033,tgs_stable_v2_universe_lab,U15,43d5dd5aa6be3b0638b5af83976e61a214bd9c37,False,True,survivorship-biased exploratory evidence; not Formal Candidate,5802.T,"Sumitomo Electric Industries, Ltd.",Nonferrous metals,2007-06-13,100
0f6c05bff4831033,tgs_stable_v2_universe_lab,U15,43d5dd5aa6be3b0638b5af83976e61a214bd9c37,False,True,survivorship-biased exploratory evidence; not Formal Candidate,5802.T,"Sumitomo Electric Industries, Ltd.",Nonferrous metals,2007-06-14,100
0f6c05bff4831033,tgs_stable_v2_universe_lab,U15,43d5dd5aa6be3b0638b5af83976e61a214bd9c37,False,True,survivorship-biased exploratory evidence; not Formal Candidate,5803.T,Fujikura Ltd.,Nonferrous metals,2007-06-15,90
0f6c05bff4831033,tgs_stable_v2_universe_lab,U15,43d5dd5aa6be3b0638b5af83976e61a214bd9c37,False,True,survivorship-biased exploratory evidence; not Formal Candidate,5803.T,Fujikura Ltd.,Nonferrous metals,2007-06-18,90
0f6c05bff4831033,tgs_stable_v2_universe_lab,U15,43d5dd5aa6be3b0638b5af83976e61a214bd9c37,False,True,survivorship-biased exploratory evidence; not Formal Candidate,5803.T,Fujikura Ltd.,Nonferrous metals,2007-06-19,90
0f6c05bff4831033,tgs_stable_v2_universe_lab,U15,43d5dd5aa6be3b0638b5af83976e61a214bd9c37,False,True,survivorship-biased exploratory evidence; not Formal Candidate,6367.T,"Daikin Industries, Ltd.",Machinery,2007-06-22,120
0f6c05bff4831033,tgs_stable_v2_universe_lab,U15,43d5dd5aa6be3b0638b5af83976e61a214bd9c37,False,True,survivorship-biased exploratory evidence; not Formal Candidate,7011.T,"Mitsubishi Heavy Industries, Ltd.",Machinery,2007-06-22,100
0f6c05bff4831033,tgs_stable_v2_universe_lab,U15,43d5dd5aa6be3b0638b5af83976e61a214bd9c37,False,True,survivorship-biased exploratory evidence; not Formal Candidate,6367.T,"Daikin Industries, Ltd.",Machinery,2007-06-25,120
0f6c05bff4831033,tgs_stable_v2_universe_lab,U15,43d5dd5aa6be3b0638b5af83976e61a214bd9c37,False,True,survivorship-biased exploratory evidence; not Formal Candidate,7011.T,"Mitsubishi Heavy Industries, Ltd.",Machinery,2007-06-25,100
0f6c05bff4831033,tgs_stable_v2_universe_lab,U15,43d5dd5aa6be3b0638b5af83976e61a214bd9c37,False,True,survivorship-biased exploratory evidence; not Formal Candidate,6367.T,"Daikin Industries, Ltd.",Machinery,2007-06-26,100
0f6c05bff4831033,tgs_stable_v2_universe_lab,U15,43d5dd5aa6be3b0638b5af83976e61a214bd9c37,False,True,survivorship-biased exploratory evidence; not Formal Candidate,7011.T,"Mitsubishi Heavy Industries, Ltd.",Machinery,2007-06-26,100
0f6c05bff4831033,tgs_stable_v2_universe_lab,U15,43d5dd5aa6be3b0638b5af83976e61a214bd9c37,False,True,survivorship-biased exploratory evidence; not Formal Candidate,6301.T,Komatsu Ltd.,Machinery,2007-06-27,90
0f6c05bff4831033,tgs_stable_v2_universe_lab,U15,43d5dd5aa6be3b0638b5af83976e61a214bd9c37,False,True,survivorship-biased exploratory evidence; not Formal Candidate,6367.T,"Daikin Industries, Ltd.",Machinery,2007-06-27,100
0f6c05bff4831033,tgs_stable_v2_universe_lab,U15,43d5dd5aa6be3b0638b5af83976e61a214bd9c37,False,True,survivorship-biased exploratory evidence; not Formal Candidate,7011.T,"Mitsubishi Heavy Industries, Ltd.",Machinery,2007-06-27,100
0f6c05bff4831033,tgs_stable_v2_universe_lab,U15,43d5dd5aa6be3b0638b5af83976e61a214bd9c37,False,True,survivorship-biased exploratory evidence; not Formal Candidate,6367.T,"Daikin Industries, Ltd.",Machinery,2007-06-28,100
0f6c05bff4831033,tgs_stable_v2_universe_lab,U15,43d5dd5aa6be3b0638b5af83976e61a214bd9c37,False,True,survivorship-biased exploratory evidence; not Formal Candidate,7011.T,"Mitsubishi Heavy Industries, Ltd.",Machinery,2007-06-28,100
0f6c05bff4831033,tgs_stable_v2_universe_lab,U15,43d5dd5aa6be3b0638b5af83976e61a214bd9c37,False,True,survivorship-biased exploratory evidence; not Formal Candidate,8031.T,"Mitsui & Co., Ltd.",Trading companies,2007-06-28,90
0f6c05bff4831033,tgs_stable_v2_universe_lab,U15,43d5dd5aa6be3b0638b5af83976e61a214bd9c37,False,True,survivorship-biased exploratory evidence; not Formal Candidate,6273.T,SMC Corporation,Machinery,2007-07-06,90
0f6c05bff4831033,tgs_stable_v2_universe_lab,U15,43d5dd5aa6be3b0638b5af83976e61a214bd9c37,False,True,survivorship-biased exploratory evidence; not Formal Candidate,6273.T,SMC Corporation,Machinery,2007-07-09,90
0f6c05bff4831033,tgs_stable_v2_universe_lab,U15,43d5dd5aa6be3b0638b5af83976e61a214bd9c37,False,True,survivorship-biased exploratory evidence; not Formal Candidate,8001.T,Itochu Corp.,Trading companies,2007-07-12,90
0f6c05bff4831033,tgs_stable_v2_universe_lab,U15,43d5dd5aa6be3b0638b5af83976e61a214bd9c37,False,True,survivorship-biased exploratory evidence; not Formal Candidate,5802.T,"Sumitomo Electric Industries, Ltd.",Nonferrous metals,2007-07-18,90
0f6c05bff4831033,tgs_stable_v2_universe_lab,U15,43d5dd5aa6be3b0638b5af83976e61a214bd9c37,False,True,survivorship-biased exploratory evidence; not Formal Candidate,8015.T,Toyota Tsusho Corp.,Trading companies,2007-07-18,100
0f6c05bff4831033,tgs_stable_v2_universe_lab,U15,43d5dd5aa6be3b0638b5af83976e61a214bd9c37,False,True,survivorship-biased exploratory evidence; not Formal Candidate,5802.T,"Sumitomo Electric Industries, Ltd.",Nonferrous metals,2007-07-19,90
0f6c05bff4831033,tgs_stable_v2_universe_lab,U15,43d5dd5aa6be3b0638b5af83976e61a214bd9c37,False,True,survivorship-biased exploratory evidence; not Formal Candidate,8015.T,Toyota Tsusho Corp.,Trading companies,2007-07-19,100
0f6c05bff4831033,tgs_stable_v2_universe_lab,U15,43d5dd5aa6be3b0638b5af83976e61a214bd9c37,False,True,survivorship-biased exploratory evidence; not Formal Candidate,5801.T,"The Furukawa Electric Co., Ltd.",Nonferrous metals,2007-07-20,120
0f6c05bff4831033,tgs_stable_v2_universe_lab,U15,43d5dd5aa6be3b0638b5af83976e61a214bd9c37,False,True,survivorship-biased exploratory evidence; not Formal Candidate,7011.T,"Mitsubishi Heavy Industries, Ltd.",Machinery,2007-07-20,100
0f6c05bff4831033,tgs_stable_v2_universe_lab,U15,43d5dd5aa6be3b0638b5af83976e61a214bd9c37,False,True,survivorship-biased exploratory evidence; not Formal Candidate,8053.T,Sumitomo Corp.,Trading companies,2007-07-20,100
0f6c05bff4831033,tgs_stable_v2_universe_lab,U15,43d5dd5aa6be3b0638b5af83976e61a214bd9c37,False,True,survivorship-biased exploratory evidence; not Formal Candidate,5801.T,"The Furukawa Electric Co., Ltd.",Nonferrous metals,2007-07-23,100
0f6c05bff4831033,tgs_stable_v2_universe_lab,U15,43d5dd5aa6be3b0638b5af83976e61a214bd9c37,False,True,survivorship-biased exploratory evidence; not Formal Candidate,7011.T,"Mitsubishi Heavy Industries, Ltd.",Machinery,2007-07-23,100
0f6c05bff4831033,tgs_stable_v2_universe_lab,U15,43d5dd5aa6be3b0638b5af83976e61a214bd9c37,False,True,survivorship-biased exploratory evidence; not Formal Candidate,8053.T,Sumitomo Corp.,Trading companies,2007-07-23,100
0f6c05bff4831033,tgs_stable_v2_universe_lab,U15,43d5dd5aa6be3b0638b5af83976e61a214bd9c37,False,True,survivorship-biased exploratory evidence; not Formal Candidate,5801.T,"The Furukawa Electric Co., Ltd.",Nonferrous metals,2007-07-24,100
0f6c05bff4831033,tgs_stable_v2_universe_lab,U15,43d5dd5aa6be3b0638b5af83976e61a214bd9c37,False,True,survivorship-biased exploratory evidence; not Formal Candidate,6273.T,SMC Corporation,Machinery,2007-07-24,90
0f6c05bff4831033,tgs_stable_v2_universe_lab,U15,43d5dd5aa6be3b0638b5af83976e61a214bd9c37,False,True,survivorship-biased exploratory evidence; not Formal Candidate,7011.T,"Mitsubishi Heavy Industries, Ltd.",Machinery,2007-07-24,100
0f6c05bff4831033,tgs_stable_v2_universe_lab,U15,43d5dd5aa6be3b0638b5af83976e61a214bd9c37,False,True,survivorship-biased exploratory evidence; not Formal Candidate,8053.T,Sumitomo Corp.,Trading companies,2007-07-24,100
0f6c05bff4831033,tgs_stable_v2_universe_lab,U15,43d5dd5aa6be3b0638b5af83976e61a214bd9c37,False,True,survivorship-biased exploratory evidence; not Formal Candidate,5801.T,"The Furukawa Electric Co., Ltd.",Nonferrous metals,2007-07-25,120
0f6c05bff4831033,tgs_stable_v2_universe_lab,U15,43d5dd5aa6be3b0638b5af83976e61a214bd9c37,False,True,survivorship-biased exploratory evidence; not Formal Candidate,7011.T,"Mitsubishi Heavy Industries, Ltd.",Machinery,2007-07-25,100
0f6c05bff4831033,tgs_stable_v2_universe_lab,U15,43d5dd5aa6be3b0638b5af83976e61a214bd9c37,False,True,survivorship-biased exploratory evidence; not Formal Candidate,8053.T,Sumitomo Corp.,Trading companies,2007-07-25,100
0f6c05bff4831033,tgs_stable_v2_universe_lab,U15,43d5dd5aa6be3b0638b5af83976e61a214bd9c37,False,True,survivorship-biased exploratory evidence; not Formal Candidate,5801.T,"The Furukawa Electric Co., Ltd.",Nonferrous metals,2007-07-26,100
0f6c05bff4831033,tgs_stable_v2_universe_lab,U15,43d5dd5aa6be3b0638b5af83976e61a214bd9c37,False,True,survivorship-biased exploratory evidence; not Formal Candidate,7011.T,"Mitsubishi Heavy Industries, Ltd.",Machinery,2007-07-26,100
0f6c05bff4831033,tgs_stable_v2_universe_lab,U15,43d5dd5aa6be3b0638b5af83976e61a214bd9c37,False,True,survivorship-biased exploratory evidence; not Formal Candidate,8015.T,Toyota Tsusho Corp.,Trading companies,2007-07-26,90
0f6c05bff4831033,tgs_stable_v2_universe_lab,U15,43d5dd5aa6be3b0638b5af83976e61a214bd9c37,False,True,survivorship-biased exploratory evidence; not Formal Candidate,8053.T,Sumitomo Corp.,Trading companies,2007-07-26,100
0f6c05bff4831033,tgs_stable_v2_universe_lab,U15,43d5dd5aa6be3b0638b5af83976e61a214bd9c37,False,True,survivorship-biased exploratory evidence; not Formal Candidate,8001.T,Itochu Corp.,Trading companies,2007-07-27,90
0f6c05bff4831033,tgs_stable_v2_universe_lab,U15,43d5dd5aa6be3b0638b5af83976e61a214bd9c37,False,True,survivorship-biased exploratory evidence; not Formal Candidate,8015.T,Toyota Tsusho Corp.,Trading companies,2007-07-27,90
0f6c05bff4831033,tgs_stable_v2_universe_lab,U15,43d5dd5aa6be3b0638b5af83976e61a214bd9c37,False,True,survivorship-biased exploratory evidence; not Formal Candidate,8031.T,"Mitsui & Co., Ltd.",Trading companies,2007-07-27,90
0f6c05bff4831033,tgs_stable_v2_universe_lab,U15,43d5dd5aa6be3b0638b5af83976e61a214bd9c37,False,True,survivorship-biased exploratory evidence; not Formal Candidate,5802.T,"Sumitomo Electric Industries, Ltd.",Nonferrous metals,2007-07-30,90
0f6c05bff4831033,tgs_stable_v2_universe_lab,U15,43d5dd5aa6be3b0638b5af83976e61a214bd9c37,False,True,survivorship-biased exploratory evidence; not Formal Candidate,8015.T,Toyota Tsusho Corp.,Trading companies,2007-07-30,90
0f6c05bff4831033,tgs_stable_v2_universe_lab,U15,43d5dd5aa6be3b0638b5af83976e61a214bd9c37,False,True,survivorship-biased exploratory evidence; not Formal Candidate,6273.T,SMC Corporation,Machinery,2007-07-31,90
0f6c05bff4831033,tgs_stable_v2_universe_lab,U15,43d5dd5aa6be3b0638b5af83976e61a214bd9c37,False,True,survivorship-biased exploratory evidence; not Formal Candidate,6367.T,"Daikin Industries, Ltd.",Machinery,2007-07-31,90
0f6c05bff4831033,tgs_stable_v2_universe_lab,U15,43d5dd5aa6be3b0638b5af83976e61a214bd9c37,False,True,survivorship-biased exploratory evidence; not Formal Candidate,7011.T,"Mitsubishi Heavy Industries, Ltd.",Machinery,2007-07-31,90
0f6c05bff4831033,tgs_stable_v2_universe_lab,U15,43d5dd5aa6be3b0638b5af83976e61a214bd9c37,False,True,survivorship-biased exploratory evidence; not Formal Candidate,8031.T,"Mitsui & Co., Ltd.",Trading companies,2007-07-31,90
0f6c05bff4831033,tgs_stable_v2_universe_lab,U15,43d5dd5aa6be3b0638b5af83976e61a214bd9c37,False,True,survivorship-biased exploratory evidence; not Formal Candidate,8031.T,"Mitsui & Co., Ltd.",Trading companies,2007-08-01,90
0f6c05bff4831033,tgs_stable_v2_universe_lab,U15,43d5dd5aa6be3b0638b5af83976e61a214bd9c37,False,True,survivorship-biased exploratory evidence; not Formal Candidate,5802.T,"Sumitomo Electric Industries, Ltd.",Nonferrous metals,2007-08-02,90
0f6c05bff4831033,tgs_stable_v2_universe_lab,U15,43d5dd5aa6be3b0638b5af83976e61a214bd9c37,False,True,survivorship-biased exploratory evidence; not Formal Candidate,8001.T,Itochu Corp.,Trading companies,2007-08-02,90
0f6c05bff4831033,tgs_stable_v2_universe_lab,U15,43d5dd5aa6be3b0638b5af83976e61a214bd9c37,False,True,survivorship-biased exploratory evidence; not Formal Candidate,8031.T,"Mitsui & Co., Ltd.",Trading companies,2007-08-02,90
0f6c05bff4831033,tgs_stable_v2_universe_lab,U15,43d5dd5aa6be3b0638b5af83976e61a214bd9c37,False,True,survivorship-biased exploratory evidence; not Formal Candidate,8015.T,Toyota Tsusho Corp.,Trading companies,2007-08-08,90
0f6c05bff4831033,tgs_stable_v2_universe_lab,U15,43d5dd5aa6be3b0638b5af83976e61a214bd9c37,False,True,survivorship-biased exploratory evidence; not Formal Candidate,5802.T,"Sumitomo Electric Industries, Ltd.",Nonferrous metals,2007-08-09,90
0f6c05bff4831033,tgs_stable_v2_universe_lab,U15,43d5dd5aa6be3b0638b5af83976e61a214bd9c37,False,True,survivorship-biased exploratory evidence; not Formal Candidate,8015.T,Toyota Tsusho Corp.,Trading companies,2007-08-09,90
0f6c05bff4831033,tgs_stable_v2_universe_lab,U15,43d5dd5aa6be3b0638b5af83976e61a214bd9c37,False,True,survivorship-biased exploratory evidence; not Formal Candidate,6273.T,SMC Corporation,Machinery,2007-08-10,120
0f6c05bff4831033,tgs_stable_v2_universe_lab,U15,43d5dd5aa6be3b0638b5af83976e61a214bd9c37,False,True,survivorship-biased exploratory evidence; not Formal Candidate,6367.T,"Daikin Industries, Ltd.",Machinery,2007-08-10,100
0f6c05bff4831033,tgs_stable_v2_universe_lab,U15,43d5dd5aa6be3b0638b5af83976e61a214bd9c37,False,True,survivorship-biased exploratory evidence; not Formal Candidate,8015.T,Toyota Tsusho Corp.,Trading companies,2007-08-10,90
0f6c05bff4831033,tgs_stable_v2_universe_lab,U15,43d5dd5aa6be3b0638b5af83976e61a214bd9c37,False,True,survivorship-biased exploratory evidence; not Formal Candidate,6273.T,SMC Corporation,Machinery,2007-08-13,100
0f6c05bff4831033,tgs_stable_v2_universe_lab,U15,43d5dd5aa6be3b0638b5af83976e61a214bd9c37,False,True,survivorship-biased exploratory evidence; not Formal Candidate,6367.T,"Daikin Industries, Ltd.",Machinery,2007-08-13,100
0f6c05bff4831033,tgs_stable_v2_universe_lab,U15,43d5dd5aa6be3b0638b5af83976e61a214bd9c37,False,True,survivorship-biased exploratory evidence; not Formal Candidate,6273.T,SMC Corporation,Machinery,2007-08-14,100
0f6c05bff4831033,tgs_stable_v2_universe_lab,U15,43d5dd5aa6be3b0638b5af83976e61a214bd9c37,False,True,survivorship-biased exploratory evidence; not Formal Candidate,6367.T,"Daikin Industries, Ltd.",Machinery,2007-08-14,100
0f6c05bff4831033,tgs_stable_v2_universe_lab,U15,43d5dd5aa6be3b0638b5af83976e61a214bd9c37,False,True,survivorship-biased exploratory evidence; not Formal Candidate,6367.T,"Daikin Industries, Ltd.",Machinery,2007-08-15,100
0f6c05bff4831033,tgs_stable_v2_universe_lab,U15,43d5dd5aa6be3b0638b5af83976e61a214bd9c37,False,True,survivorship-biased exploratory evidence; not Formal Candidate,6367.T,"Daikin Industries, Ltd.",Machinery,2007-08-16,100
0f6c05bff4831033,tgs_stable_v2_universe_lab,U15,43d5dd5aa6be3b0638b5af83976e61a214bd9c37,False,True,survivorship-biased exploratory evidence; not Formal Candidate,8015.T,Toyota Tsusho Corp.,Trading companies,2007-09-21,100
0f6c05bff4831033,tgs_stable_v2_universe_lab,U15,43d5dd5aa6be3b0638b5af83976e61a214bd9c37,False,True,survivorship-biased exploratory evidence; not Formal Candidate,8015.T,Toyota Tsusho Corp.,Trading companies,2007-09-25,100
0f6c05bff4831033,tgs_stable_v2_universe_lab,U15,43d5dd5aa6be3b0638b5af83976e61a214bd9c37,False,True,survivorship-biased exploratory evidence; not Formal Candidate,8015.T,Toyota Tsusho Corp.,Trading companies,2007-09-26,100
0f6c05bff4831033,tgs_stable_v2_universe_lab,U15,43d5dd5aa6be3b0638b5af83976e61a214bd9c37,False,True,survivorship-biased exploratory evidence; not Formal Candidate,8015.T,Toyota Tsusho Corp.,Trading companies,2007-09-27,100
0f6c05bff4831033,tgs_stable_v2_universe_lab,U15,43d5dd5aa6be3b0638b5af83976e61a214bd9c37,False,True,survivorship-biased exploratory evidence; not Formal Candidate,6273.T,SMC Corporation,Machinery,2007-09-28,100
0f6c05bff4831033,tgs_stable_v2_universe_lab,U15,43d5dd5aa6be3b0638b5af83976e61a214bd9c37,False,True,survivorship-biased exploratory evidence; not Formal Candidate,6273.T,SMC Corporation,Machinery,2007-10-01,100
0f6c05bff4831033,tgs_stable_v2_universe_lab,U15,43d5dd5aa6be3b0638b5af83976e61a214bd9c37,False,True,survivorship-biased exploratory evidence; not Formal Candidate,8058.T,Mitsubishi Corp.,Trading companies,2007-10-01,100
0f6c05bff4831033,tgs_stable_v2_universe_lab,U15,43d5dd5aa6be3b0638b5af83976e61a214bd9c37,False,True,survivorship-biased exploratory evidence; not Formal Candidate,6273.T,SMC Corporation,Machinery,2007-10-02,100
0f6c05bff4831033,tgs_stable_v2_universe_lab,U15,43d5dd5aa6be3b0638b5af83976e61a214bd9c37,False,True,survivorship-biased exploratory evidence; not Formal Candidate,8058.T,Mitsubishi Corp.,Trading companies,2007-10-02,100
0f6c05bff4831033,tgs_stable_v2_universe_lab,U15,43d5dd5aa6be3b0638b5af83976e61a214bd9c37,False,True,survivorship-biased exploratory evidence; not Formal Candidate,6273.T,SMC Corporation,Machinery,2007-10-03,100
0f6c05bff4831033,tgs_stable_v2_universe_lab,U15,43d5dd5aa6be3b0638b5af83976e61a214bd9c37,False,True,survivorship-biased exploratory evidence; not Formal Candidate,8058.T,Mitsubishi Corp.,Trading companies,2007-10-03,100
0f6c05bff4831033,tgs_stable_v2_universe_lab,U15,43d5dd5aa6be3b0638b5af83976e61a214bd9c37,False,True,survivorship-biased exploratory evidence; not Formal Candidate,6273.T,SMC Corporation,Machinery,2007-10-04,100
0f6c05bff4831033,tgs_stable_v2_universe_lab,U15,43d5dd5aa6be3b0638b5af83976e61a214bd9c37,False,True,survivorship-biased exploratory evidence; not Formal Candidate,8058.T,Mitsubishi Corp.,Trading companies,2007-10-04,100
0f6c05bff4831033,tgs_stable_v2_universe_lab,U15,43d5dd5aa6be3b0638b5af83976e61a214bd9c37,False,True,survivorship-biased exploratory evidence; not Formal Candidate,8031.T,"Mitsui & Co., Ltd.",Trading companies,2007-10-05,100
0f6c05bff4831033,tgs_stable_v2_universe_lab,U15,43d5dd5aa6be3b0638b5af83976e61a214bd9c37,False,True,survivorship-biased exploratory evidence; not Formal Candidate,8031.T,"Mitsui & Co., Ltd.",Trading companies,2007-10-09,100
0f6c05bff4831033,tgs_stable_v2_universe_lab,U15,43d5dd5aa6be3b0638b5af83976e61a214bd9c37,False,True,survivorship-biased exploratory evidence; not Formal Candidate,8031.T,"Mitsui & Co., Ltd.",Trading companies,2007-10-10,100
0f6c05bff4831033,tgs_stable_v2_universe_lab,U15,43d5dd5aa6be3b0638b5af83976e61a214bd9c37,False,True,survivorship-biased exploratory evidence; not Formal Candidate,8802.T,"Mitsubishi Estate Co., Ltd.",Real estate,2007-10-10,100
0f6c05bff4831033,tgs_stable_v2_universe_lab,U15,43d5dd5aa6be3b0638b5af83976e61a214bd9c37,False,True,survivorship-biased exploratory evidence; not Formal Candidate,8802.T,"Mitsubishi Estate Co., Ltd.",Real estate,2007-10-11,100
0f6c05bff4831033,tgs_stable_v2_universe_lab,U15,43d5dd5aa6be3b0638b5af83976e61a214bd9c37,False,True,survivorship-biased exploratory evidence; not Formal Candidate,5802.T,"Sumitomo Electric Industries, Ltd.",Nonferrous metals,2007-10-12,100
0f6c05bff4831033,tgs_stable_v2_universe_lab,U15,43d5dd5aa6be3b0638b5af83976e61a214bd9c37,False,True,survivorship-biased exploratory evidence; not Formal Candidate,8801.T,"Mitsui Fudosan Co., Ltd.",Real estate,2007-10-12,100
0f6c05bff4831033,tgs_stable_v2_universe_lab,U15,43d5dd5aa6be3b0638b5af83976e61a214bd9c37,False,True,survivorship-biased exploratory evidence; not Formal Candidate,5802.T,"Sumitomo Electric Industries, Ltd.",Nonferrous metals,2007-10-15,100
0f6c05bff4831033,tgs_stable_v2_universe_lab,U15,43d5dd5aa6be3b0638b5af83976e61a214bd9c37,False,True,survivorship-biased exploratory evidence; not Formal Candidate,8801.T,"Mitsui Fudosan Co., Ltd.",Real estate,2007-10-15,100
0f6c05bff4831033,tgs_stable_v2_universe_lab,U15,43d5dd5aa6be3b0638b5af83976e61a214bd9c37,False,True,survivorship-biased exploratory evidence; not Formal Candidate,5802.T,"Sumitomo Electric Industries, Ltd.",Nonferrous metals,2007-10-16,100
0f6c05bff4831033,tgs_stable_v2_universe_lab,U15,43d5dd5aa6be3b0638b5af83976e61a214bd9c37,False,True,survivorship-biased exploratory evidence; not Formal Candidate,8801.T,"Mitsui Fudosan Co., Ltd.",Real estate,2007-10-16,100
0f6c05bff4831033,tgs_stable_v2_universe_lab,U15,43d5dd5aa6be3b0638b5af83976e61a214bd9c37,False,True,survivorship-biased exploratory evidence; not Formal Candidate,5802.T,"Sumitomo Electric Industries, Ltd.",Nonferrous metals,2007-10-17,100
0f6c05bff4831033,tgs_stable_v2_universe_lab,U15,43d5dd5aa6be3b0638b5af83976e61a214bd9c37,False,True,survivorship-biased exploratory evidence; not Formal Candidate,6301.T,Komatsu Ltd.,Machinery,2007-10-17,120
0f6c05bff4831033,tgs_stable_v2_universe_lab,U15,43d5dd5aa6be3b0638b5af83976e61a214bd9c37,False,True,survivorship-biased exploratory evidence; not Formal Candidate,8801.T,"Mitsui Fudosan Co., Ltd.",Real estate,2007-10-17,100
0f6c05bff4831033,tgs_stable_v2_universe_lab,U15,43d5dd5aa6be3b0638b5af83976e61a214bd9c37,False,True,survivorship-biased exploratory evidence; not Formal Candidate,5802.T,"Sumitomo Electric Industries, Ltd.",Nonferrous metals,2007-10-18,100
0f6c05bff4831033,tgs_stable_v2_universe_lab,U15,43d5dd5aa6be3b0638b5af83976e61a214bd9c37,False,True,survivorship-biased exploratory evidence; not Formal Candidate,6301.T,Komatsu Ltd.,Machinery,2007-10-18,100
0f6c05bff4831033,tgs_stable_v2_universe_lab,U15,43d5dd5aa6be3b0638b5af83976e61a214bd9c37,False,True,survivorship-biased exploratory evidence; not Formal Candidate,8801.T,"Mitsui Fudosan Co., Ltd.",Real estate,2007-10-18,100
0f6c05bff4831033,tgs_stable_v2_universe_lab,U15,43d5dd5aa6be3b0638b5af83976e61a214bd9c37,False,True,survivorship-biased exploratory evidence; not Formal Candidate,8001.T,Itochu Corp.,Trading companies,2007-10-19,100
0f6c05bff4831033,tgs_stable_v2_universe_lab,U15,43d5dd5aa6be3b0638b5af83976e61a214bd9c37,False,True,survivorship-biased exploratory evidence; not Formal Candidate,8001.T,Itochu Corp.,Trading companies,2007-10-22,100
0f6c05bff4831033,tgs_stable_v2_universe_lab,U15,43d5dd5aa6be3b0638b5af83976e61a214bd9c37,False,True,survivorship-biased exploratory evidence; not Formal Candidate,8001.T,Itochu Corp.,Trading companies,2007-10-23,100
0f6c05bff4831033,tgs_stable_v2_universe_lab,U15,43d5dd5aa6be3b0638b5af83976e61a214bd9c37,False,True,survivorship-biased exploratory evidence; not Formal Candidate,8001.T,Itochu Corp.,Trading companies,2007-10-24,100
0f6c05bff4831033,tgs_stable_v2_universe_lab,U15,43d5dd5aa6be3b0638b5af83976e61a214bd9c37,False,True,survivorship-biased exploratory evidence; not Formal Candidate,8001.T,Itochu Corp.,Trading companies,2007-10-25,100
0f6c05bff4831033,tgs_stable_v2_universe_lab,U15,43d5dd5aa6be3b0638b5af83976e61a214bd9c37,False,True,survivorship-biased exploratory evidence; not Formal Candidate,8802.T,"Mitsubishi Estate Co., Ltd.",Real estate,2007-10-30,90
0f6c05bff4831033,tgs_stable_v2_universe_lab,U15,43d5dd5aa6be3b0638b5af83976e61a214bd9c37,False,True,survivorship-biased exploratory evidence; not Formal Candidate,6273.T,SMC Corporation,Machinery,2007-11-02,100
0f6c05bff4831033,tgs_stable_v2_universe_lab,U15,43d5dd5aa6be3b0638b5af83976e61a214bd9c37,False,True,survivorship-biased exploratory evidence; not Formal Candidate,8031.T,"Mitsui & Co., Ltd.",Trading companies,2007-11-02,90
0f6c05bff4831033,tgs_stable_v2_universe_lab,U15,43d5dd5aa6be3b0638b5af83976e61a214bd9c37,False,True,survivorship-biased exploratory evidence; not Formal Candidate,6273.T,SMC Corporation,Machinery,2007-11-05,100
0f6c05bff4831033,tgs_stable_v2_universe_lab,U15,43d5dd5aa6be3b0638b5af83976e61a214bd9c37,False,True,survivorship-biased exploratory evidence; not Formal Candidate,6273.T,SMC Corporation,Machinery,2007-11-06,100
0f6c05bff4831033,tgs_stable_v2_universe_lab,U15,43d5dd5aa6be3b0638b5af83976e61a214bd9c37,False,True,survivorship-biased exploratory evidence; not Formal Candidate,8015.T,Toyota Tsusho Corp.,Trading companies,2007-11-06,90
0f6c05bff4831033,tgs_stable_v2_universe_lab,U15,43d5dd5aa6be3b0638b5af83976e61a214bd9c37,False,True,survivorship-biased exploratory evidence; not Formal Candidate,6273.T,SMC Corporation,Machinery,2007-11-07,100
0f6c05bff4831033,tgs_stable_v2_universe_lab,U15,43d5dd5aa6be3b0638b5af83976e61a214bd9c37,False,True,survivorship-biased exploratory evidence; not Formal Candidate,6273.T,SMC Corporation,Machinery,2007-11-08,100
0f6c05bff4831033,tgs_stable_v2_universe_lab,U15,43d5dd5aa6be3b0638b5af83976e61a214bd9c37,False,True,survivorship-biased exploratory evidence; not Formal Candidate,6367.T,"Daikin Industries, Ltd.",Machinery,2007-11-09,90
0f6c05bff4831033,tgs_stable_v2_universe_lab,U15,43d5dd5aa6be3b0638b5af83976e61a214bd9c37,False,True,survivorship-biased exploratory evidence; not Formal Candidate,8015.T,Toyota Tsusho Corp.,Trading companies,2007-11-09,90
0f6c05bff4831033,tgs_stable_v2_universe_lab,U15,43d5dd5aa6be3b0638b5af83976e61a214bd9c37,False,True,survivorship-biased exploratory evidence; not Formal Candidate,6367.T,"Daikin Industries, Ltd.",Machinery,2007-11-15,90
0f6c05bff4831033,tgs_stable_v2_universe_lab,U15,43d5dd5aa6be3b0638b5af83976e61a214bd9c37,False,True,survivorship-biased exploratory evidence; not Formal Candidate,6367.T,"Daikin Industries, Ltd.",Machinery,2007-11-16,90
0f6c05bff4831033,tgs_stable_v2_universe_lab,U15,43d5dd5aa6be3b0638b5af83976e61a214bd9c37,False,True,survivorship-biased exploratory evidence; not Formal Candidate,6367.T,"Daikin Industries, Ltd.",Machinery,2007-11-20,90
0f6c05bff4831033,tgs_stable_v2_universe_lab,U15,43d5dd5aa6be3b0638b5af83976e61a214bd9c37,False,True,survivorship-biased exploratory evidence; not Formal Candidate,6367.T,"Daikin Industries, Ltd.",Machinery,2007-11-22,90
0f6c05bff4831033,tgs_stable_v2_universe_lab,U15,43d5dd5aa6be3b0638b5af83976e61a214bd9c37,False,True,survivorship-biased exploratory evidence; not Formal Candidate,8015.T,Toyota Tsusho Corp.,Trading companies,2007-11-22,90
0f6c05bff4831033,tgs_stable_v2_universe_lab,U15,43d5dd5aa6be3b0638b5af83976e61a214bd9c37,False,True,survivorship-biased exploratory evidence; not Formal Candidate,8015.T,Toyota Tsusho Corp.,Trading companies,2007-12-14,90
0f6c05bff4831033,tgs_stable_v2_universe_lab,U15,43d5dd5aa6be3b0638b5af83976e61a214bd9c37,False,True,survivorship-biased exploratory evidence; not Formal Candidate,6367.T,"Daikin Industries, Ltd.",Machinery,2007-12-28,100
0f6c05bff4831033,tgs_stable_v2_universe_lab,U15,43d5dd5aa6be3b0638b5af83976e61a214bd9c37,False,True,survivorship-biased exploratory evidence; not Formal Candidate,8802.T,"Mitsubishi Estate Co., Ltd.",Real estate,2008-02-15,100
0f6c05bff4831033,tgs_stable_v2_universe_lab,U15,43d5dd5aa6be3b0638b5af83976e61a214bd9c37,False,True,survivorship-biased exploratory evidence; not Formal Candidate,8802.T,"Mitsubishi Estate Co., Ltd.",Real estate,2008-02-18,100
0f6c05bff4831033,tgs_stable_v2_universe_lab,U15,43d5dd5aa6be3b0638b5af83976e61a214bd9c37,False,True,survivorship-biased exploratory evidence; not Formal Candidate,8802.T,"Mitsubishi Estate Co., Ltd.",Real estate,2008-02-19,100
0f6c05bff4831033,tgs_stable_v2_universe_lab,U15,43d5dd5aa6be3b0638b5af83976e61a214bd9c37,False,True,survivorship-biased exploratory evidence; not Formal Candidate,8802.T,"Mitsubishi Estate Co., Ltd.",Real estate,2008-02-20,100
0f6c05bff4831033,tgs_stable_v2_universe_lab,U15,43d5dd5aa6be3b0638b5af83976e61a214bd9c37,False,True,survivorship-biased exploratory evidence; not Formal Candidate,8802.T,"Mitsubishi Estate Co., Ltd.",Real estate,2008-02-21,100
0f6c05bff4831033,tgs_stable_v2_universe_lab,U15,43d5dd5aa6be3b0638b5af83976e61a214bd9c37,False,True,survivorship-biased exploratory evidence; not Formal Candidate,7011.T,"Mitsubishi Heavy Industries, Ltd.",Machinery,2008-02-22,100
0f6c05bff4831033,tgs_stable_v2_universe_lab,U15,43d5dd5aa6be3b0638b5af83976e61a214bd9c37,False,True,survivorship-biased exploratory evidence; not Formal Candidate,8053.T,Sumitomo Corp.,Trading companies,2008-02-22,100
0f6c05bff4831033,tgs_stable_v2_universe_lab,U15,43d5dd5aa6be3b0638b5af83976e61a214bd9c37,False,True,survivorship-biased exploratory evidence; not Formal Candidate,8058.T,Mitsubishi Corp.,Trading companies,2008-02-22,100
0f6c05bff4831033,tgs_stable_v2_universe_lab,U15,43d5dd5aa6be3b0638b5af83976e61a214bd9c37,False,True,survivorship-biased exploratory evidence; not Formal Candidate,7011.T,"Mitsubishi Heavy Industries, Ltd.",Machinery,2008-02-25,100
0f6c05bff4831033,tgs_stable_v2_universe_lab,U15,43d5dd5aa6be3b0638b5af83976e61a214bd9c37,False,True,survivorship-biased exploratory evidence; not Formal Candidate,8053.T,Sumitomo Corp.,Trading companies,2008-02-25,100
0f6c05bff4831033,tgs_stable_v2_universe_lab,U15,43d5dd5aa6be3b0638b5af83976e61a214bd9c37,False,True,survivorship-biased exploratory evidence; not Formal Candidate,8058.T,Mitsubishi Corp.,Trading companies,2008-02-25,100
0f6c05bff4831033,tgs_stable_v2_universe_lab,U15,43d5dd5aa6be3b0638b5af83976e61a214bd9c37,False,True,survivorship-biased exploratory evidence; not Formal Candidate,8053.T,Sumitomo Corp.,Trading companies,2008-02-26,100
0f6c05bff4831033,tgs_stable_v2_universe_lab,U15,43d5dd5aa6be3b0638b5af83976e61a214bd9c37,False,True,survivorship-biased exploratory evidence; not Formal Candidate,8058.T,Mitsubishi Corp.,Trading companies,2008-02-26,100
0f6c05bff4831033,tgs_stable_v2_universe_lab,U15,43d5dd5aa6be3b0638b5af83976e61a214bd9c37,False,True,survivorship-biased exploratory evidence; not Formal Candidate,8001.T,Itochu Corp.,Trading companies,2008-02-27,100
0f6c05bff4831033,tgs_stable_v2_universe_lab,U15,43d5dd5aa6be3b0638b5af83976e61a214bd9c37,False,True,survivorship-biased exploratory evidence; not Formal Candidate,8053.T,Sumitomo Corp.,Trading companies,2008-02-27,100
0f6c05bff4831033,tgs_stable_v2_universe_lab,U15,43d5dd5aa6be3b0638b5af83976e61a214bd9c37,False,True,survivorship-biased exploratory evidence; not Formal Candidate,8058.T,Mitsubishi Corp.,Trading companies,2008-02-27,100
0f6c05bff4831033,tgs_stable_v2_universe_lab,U15,43d5dd5aa6be3b0638b5af83976e61a214bd9c37,False,True,survivorship-biased exploratory evidence; not Formal Candidate,7011.T,"Mitsubishi Heavy Industries, Ltd.",Machinery,2008-02-28,100
0f6c05bff4831033,tgs_stable_v2_universe_lab,U15,43d5dd5aa6be3b0638b5af83976e61a214bd9c37,False,True,survivorship-biased exploratory evidence; not Formal Candidate,8001.T,Itochu Corp.,Trading companies,2008-02-28,100
0f6c05bff4831033,tgs_stable_v2_universe_lab,U15,43d5dd5aa6be3b0638b5af83976e61a214bd9c37,False,True,survivorship-biased exploratory evidence; not Formal Candidate,8053.T,Sumitomo Corp.,Trading companies,2008-02-28,100
0f6c05bff4831033,tgs_stable_v2_universe_lab,U15,43d5dd5aa6be3b0638b5af83976e61a214bd9c37,False,True,survivorship-biased exploratory evidence; not Formal Candidate,8058.T,Mitsubishi Corp.,Trading companies,2008-02-28,100
0f6c05bff4831033,tgs_stable_v2_universe_lab,U15,43d5dd5aa6be3b0638b5af83976e61a214bd9c37,False,True,survivorship-biased exploratory evidence; not Formal Candidate,8002.T,Marubeni Corp.,Trading companies,2008-02-29,100
0f6c05bff4831033,tgs_stable_v2_universe_lab,U15,43d5dd5aa6be3b0638b5af83976e61a214bd9c37,False,True,survivorship-biased exploratory evidence; not Formal Candidate,8802.T,"Mitsubishi Estate Co., Ltd.",Real estate,2008-02-29,100
0f6c05bff4831033,tgs_stable_v2_universe_lab,U15,43d5dd5aa6be3b0638b5af83976e61a214bd9c37,False,True,survivorship-biased exploratory evidence; not Formal Candidate,8002.T,Marubeni Corp.,Trading companies,2008-03-03,100
0f6c05bff4831033,tgs_stable_v2_universe_lab,U15,43d5dd5aa6be3b0638b5af83976e61a214bd9c37,False,True,survivorship-biased exploratory evidence; not Formal Candidate,8802.T,"Mitsubishi Estate Co., Ltd.",Real estate,2008-03-03,100
0f6c05bff4831033,tgs_stable_v2_universe_lab,U15,43d5dd5aa6be3b0638b5af83976e61a214bd9c37,False,True,survivorship-biased exploratory evidence; not Formal Candidate,8002.T,Marubeni Corp.,Trading companies,2008-03-04,100
0f6c05bff4831033,tgs_stable_v2_universe_lab,U15,43d5dd5aa6be3b0638b5af83976e61a214bd9c37,False,True,survivorship-biased exploratory evidence; not Formal Candidate,8802.T,"Mitsubishi Estate Co., Ltd.",Real estate,2008-03-04,100
0f6c05bff4831033,tgs_stable_v2_universe_lab,U15,43d5dd5aa6be3b0638b5af83976e61a214bd9c37,False,True,survivorship-biased exploratory evidence; not Formal Candidate,8002.T,Marubeni Corp.,Trading companies,2008-03-05,120
0f6c05bff4831033,tgs_stable_v2_universe_lab,U15,43d5dd5aa6be3b0638b5af83976e61a214bd9c37,False,True,survivorship-biased exploratory evidence; not Formal Candidate,8802.T,"Mitsubishi Estate Co., Ltd.",Real estate,2008-03-05,100
0f6c05bff4831033,tgs_stable_v2_universe_lab,U15,43d5dd5aa6be3b0638b5af83976e61a214bd9c37,False,True,survivorship-biased exploratory evidence; not Formal Candidate,8002.T,Marubeni Corp.,Trading companies,2008-03-06,100
0f6c05bff4831033,tgs_stable_v2_universe_lab,U15,43d5dd5aa6be3b0638b5af83976e61a214bd9c37,False,True,survivorship-biased exploratory evidence; not Formal Candidate,8802.T,"Mitsubishi Estate Co., Ltd.",Real estate,2008-03-06,100
0f6c05bff4831033,tgs_stable_v2_universe_lab,U15,43d5dd5aa6be3b0638b5af83976e61a214bd9c37,False,True,survivorship-biased exploratory evidence; not Formal Candidate,8002.T,Marubeni Corp.,Trading companies,2008-03-10,90
0f6c05bff4831033,tgs_stable_v2_universe_lab,U15,43d5dd5aa6be3b0638b5af83976e61a214bd9c37,False,True,survivorship-biased exploratory evidence; not Formal Candidate,8002.T,Marubeni Corp.,Trading companies,2008-03-14,90
0f6c05bff4831033,tgs_stable_v2_universe_lab,U15,43d5dd5aa6be3b0638b5af83976e61a214bd9c37,False,True,survivorship-biased exploratory evidence; not Formal Candidate,8031.T,"Mitsui & Co., Ltd.",Trading companies,2008-03-14,100
0f6c05bff4831033,tgs_stable_v2_universe_lab,U15,43d5dd5aa6be3b0638b5af83976e61a214bd9c37,False,True,survivorship-biased exploratory evidence; not Formal Candidate,8031.T,"Mitsui & Co., Ltd.",Trading companies,2008-03-17,100
0f6c05bff4831033,tgs_stable_v2_universe_lab,U15,43d5dd5aa6be3b0638b5af83976e61a214bd9c37,False,True,survivorship-biased exploratory evidence; not Formal Candidate,8002.T,Marubeni Corp.,Trading companies,2008-03-18,90
0f6c05bff4831033,tgs_stable_v2_universe_lab,U15,43d5dd5aa6be3b0638b5af83976e61a214bd9c37,False,True,survivorship-biased exploratory evidence; not Formal Candidate,8031.T,"Mitsui & Co., Ltd.",Trading companies,2008-03-18,100
0f6c05bff4831033,tgs_stable_v2_universe_lab,U15,43d5dd5aa6be3b0638b5af83976e61a214bd9c37,False,True,survivorship-biased exploratory evidence; not Formal Candidate,8031.T,"Mitsui & Co., Ltd.",Trading companies,2008-03-19,100
0f6c05bff4831033,tgs_stable_v2_universe_lab,U15,43d5dd5aa6be3b0638b5af83976e61a214bd9c37,False,True,survivorship-biased exploratory evidence; not Formal Candidate,6301.T,Komatsu Ltd.,Machinery,2008-03-28,100
0f6c05bff4831033,tgs_stable_v2_universe_lab,U15,43d5dd5aa6be3b0638b5af83976e61a214bd9c37,False,True,survivorship-biased exploratory evidence; not Formal Candidate,8001.T,Itochu Corp.,Trading companies,2008-03-28,100
0f6c05bff4831033,tgs_stable_v2_universe_lab,U15,43d5dd5aa6be3b0638b5af83976e61a214bd9c37,False,True,survivorship-biased exploratory evidence; not Formal Candidate,6301.T,Komatsu Ltd.,Machinery,2008-03-31,100
0f6c05bff4831033,tgs_stable_v2_universe_lab,U15,43d5dd5aa6be3b0638b5af83976e61a214bd9c37,False,True,survivorship-biased exploratory evidence; not Formal Candidate,8001.T,Itochu Corp.,Trading companies,2008-03-31,100
0f6c05bff4831033,tgs_stable_v2_universe_lab,U15,43d5dd5aa6be3b0638b5af83976e61a214bd9c37,False,True,survivorship-biased exploratory evidence; not Formal Candidate,6301.T,Komatsu Ltd.,Machinery,2008-04-01,100
0f6c05bff4831033,tgs_stable_v2_universe_lab,U15,43d5dd5aa6be3b0638b5af83976e61a214bd9c37,False,True,survivorship-biased exploratory evidence; not Formal Candidate,8001.T,Itochu Corp.,Trading companies,2008-04-01,100
0f6c05bff4831033,tgs_stable_v2_universe_lab,U15,43d5dd5aa6be3b0638b5af83976e61a214bd9c37,False,True,survivorship-biased exploratory evidence; not Formal Candidate,6301.T,Komatsu Ltd.,Machinery,2008-04-02,100
0f6c05bff4831033,tgs_stable_v2_universe_lab,U15,43d5dd5aa6be3b0638b5af83976e61a214bd9c37,False,True,survivorship-biased exploratory evidence; not Formal Candidate,8001.T,Itochu Corp.,Trading companies,2008-04-02,100
0f6c05bff4831033,tgs_stable_v2_universe_lab,U15,43d5dd5aa6be3b0638b5af83976e61a214bd9c37,False,True,survivorship-biased exploratory evidence; not Formal Candidate,6301.T,Komatsu Ltd.,Machinery,2008-04-03,100
0f6c05bff4831033,tgs_stable_v2_universe_lab,U15,43d5dd5aa6be3b0638b5af83976e61a214bd9c37,False,True,survivorship-biased exploratory evidence; not Formal Candidate,8001.T,Itochu Corp.,Trading companies,2008-04-03,100
0f6c05bff4831033,tgs_stable_v2_universe_lab,U15,43d5dd5aa6be3b0638b5af83976e61a214bd9c37,False,True,survivorship-biased exploratory evidence; not Formal Candidate,8002.T,Marubeni Corp.,Trading companies,2008-04-04,90
0f6c05bff4831033,tgs_stable_v2_universe_lab,U15,43d5dd5aa6be3b0638b5af83976e61a214bd9c37,False,True,survivorship-biased exploratory evidence; not Formal Candidate,8058.T,Mitsubishi Corp.,Trading companies,2008-04-04,100
0f6c05bff4831033,tgs_stable_v2_universe_lab,U15,43d5dd5aa6be3b0638b5af83976e61a214bd9c37,False,True,survivorship-biased exploratory evidence; not Formal Candidate,8801.T,"Mitsui Fudosan Co., Ltd.",Real estate,2008-04-04,100
0f6c05bff4831033,tgs_stable_v2_universe_lab,U15,43d5dd5aa6be3b0638b5af83976e61a214bd9c37,False,True,survivorship-biased exploratory evidence; not Formal Candidate,8802.T,"Mitsubishi Estate Co., Ltd.",Real estate,2008-04-04,100
0f6c05bff4831033,tgs_stable_v2_universe_lab,U15,43d5dd5aa6be3b0638b5af83976e61a214bd9c37,False,True,survivorship-biased exploratory evidence; not Formal Candidate,8058.T,Mitsubishi Corp.,Trading companies,2008-04-07,100
0f6c05bff4831033,tgs_stable_v2_universe_lab,U15,43d5dd5aa6be3b0638b5af83976e61a214bd9c37,False,True,survivorship-biased exploratory evidence; not Formal Candidate,8058.T,Mitsubishi Corp.,Trading companies,2008-04-08,100
0f6c05bff4831033,tgs_stable_v2_universe_lab,U15,43d5dd5aa6be3b0638b5af83976e61a214bd9c37,False,True,survivorship-biased exploratory evidence; not Formal Candidate,8801.T,"Mitsui Fudosan Co., Ltd.",Real estate,2008-04-08,100
0f6c05bff4831033,tgs_stable_v2_universe_lab,U15,43d5dd5aa6be3b0638b5af83976e61a214bd9c37,False,True,survivorship-biased exploratory evidence; not Formal Candidate,8802.T,"Mitsubishi Estate Co., Ltd.",Real estate,2008-04-08,100
0f6c05bff4831033,tgs_stable_v2_universe_lab,U15,43d5dd5aa6be3b0638b5af83976e61a214bd9c37,False,True,survivorship-biased exploratory evidence; not Formal Candidate,8058.T,Mitsubishi Corp.,Trading companies,2008-04-09,100
0f6c05bff4831033,tgs_stable_v2_universe_lab,U15,43d5dd5aa6be3b0638b5af83976e61a214bd9c37,False,True,survivorship-biased exploratory evidence; not Formal Candidate,8801.T,"Mitsui Fudosan Co., Ltd.",Real estate,2008-04-09,100
0f6c05bff4831033,tgs_stable_v2_universe_lab,U15,43d5dd5aa6be3b0638b5af83976e61a214bd9c37,False,True,survivorship-biased exploratory evidence; not Formal Candidate,8802.T,"Mitsubishi Estate Co., Ltd.",Real estate,2008-04-09,100
0f6c05bff4831033,tgs_stable_v2_universe_lab,U15,43d5dd5aa6be3b0638b5af83976e61a214bd9c37,False,True,survivorship-biased exploratory evidence; not Formal Candidate,8058.T,Mitsubishi Corp.,Trading companies,2008-04-10,100
0f6c05bff4831033,tgs_stable_v2_universe_lab,U15,43d5dd5aa6be3b0638b5af83976e61a214bd9c37,False,True,survivorship-biased exploratory evidence; not Formal Candidate,8801.T,"Mitsui Fudosan Co., Ltd.",Real estate,2008-04-10,100
0f6c05bff4831033,tgs_stable_v2_universe_lab,U15,43d5dd5aa6be3b0638b5af83976e61a214bd9c37,False,True,survivorship-biased exploratory evidence; not Formal Candidate,8802.T,"Mitsubishi Estate Co., Ltd.",Real estate,2008-04-10,100
0f6c05bff4831033,tgs_stable_v2_universe_lab,U15,43d5dd5aa6be3b0638b5af83976e61a214bd9c37,False,True,survivorship-biased exploratory evidence; not Formal Candidate,8031.T,"Mitsui & Co., Ltd.",Trading companies,2008-04-14,100
0f6c05bff4831033,tgs_stable_v2_universe_lab,U15,43d5dd5aa6be3b0638b5af83976e61a214bd9c37,False,True,survivorship-biased exploratory evidence; not Formal Candidate,6367.T,"Daikin Industries, Ltd.",Machinery,2008-04-30,100
0f6c05bff4831033,tgs_stable_v2_universe_lab,U15,43d5dd5aa6be3b0638b5af83976e61a214bd9c37,False,True,survivorship-biased exploratory evidence; not Formal Candidate,6367.T,"Daikin Industries, Ltd.",Machinery,2008-05-01,100
0f6c05bff4831033,tgs_stable_v2_universe_lab,U15,43d5dd5aa6be3b0638b5af83976e61a214bd9c37,False,True,survivorship-biased exploratory evidence; not Formal Candidate,8031.T,"Mitsui & Co., Ltd.",Trading companies,2008-05-16,90
0f6c05bff4831033,tgs_stable_v2_universe_lab,U15,43d5dd5aa6be3b0638b5af83976e61a214bd9c37,False,True,survivorship-biased exploratory evidence; not Formal Candidate,8801.T,"Mitsui Fudosan Co., Ltd.",Real estate,2008-05-22,90
0f6c05bff4831033,tgs_stable_v2_universe_lab,U15,43d5dd5aa6be3b0638b5af83976e61a214bd9c37,False,True,survivorship-biased exploratory evidence; not Formal Candidate,8053.T,Sumitomo Corp.,Trading companies,2008-05-23,90
0f6c05bff4831033,tgs_stable_v2_universe_lab,U15,43d5dd5aa6be3b0638b5af83976e61a214bd9c37,False,True,survivorship-biased exploratory evidence; not Formal Candidate,6367.T,"Daikin Industries, Ltd.",Machinery,2008-05-28,90
0f6c05bff4831033,tgs_stable_v2_universe_lab,U15,43d5dd5aa6be3b0638b5af83976e61a214bd9c37,False,True,survivorship-biased exploratory evidence; not Formal Candidate,6367.T,"Daikin Industries, Ltd.",Machinery,2008-05-29,90
0f6c05bff4831033,tgs_stable_v2_universe_lab,U15,43d5dd5aa6be3b0638b5af83976e61a214bd9c37,False,True,survivorship-biased exploratory evidence; not Formal Candidate,6367.T,"Daikin Industries, Ltd.",Machinery,2008-06-13,90
0f6c05bff4831033,tgs_stable_v2_universe_lab,U15,43d5dd5aa6be3b0638b5af83976e61a214bd9c37,False,True,survivorship-biased exploratory evidence; not Formal Candidate,8001.T,Itochu Corp.,Trading companies,2008-06-13,90
0f6c05bff4831033,tgs_stable_v2_universe_lab,U15,43d5dd5aa6be3b0638b5af83976e61a214bd9c37,False,True,survivorship-biased exploratory evidence; not Formal Candidate,8031.T,"Mitsui & Co., Ltd.",Trading companies,2008-06-13,90
0f6c05bff4831033,tgs_stable_v2_universe_lab,U15,43d5dd5aa6be3b0638b5af83976e61a214bd9c37,False,True,survivorship-biased exploratory evidence; not Formal Candidate,8801.T,"Mitsui Fudosan Co., Ltd.",Real estate,2008-06-13,90
0f6c05bff4831033,tgs_stable_v2_universe_lab,U15,43d5dd5aa6be3b0638b5af83976e61a214bd9c37,False,True,survivorship-biased exploratory evidence; not Formal Candidate,8053.T,Sumitomo Corp.,Trading companies,2008-08-06,90
0f6c05bff4831033,tgs_stable_v2_universe_lab,U15,43d5dd5aa6be3b0638b5af83976e61a214bd9c37,False,True,survivorship-biased exploratory evidence; not Formal Candidate,7011.T,"Mitsubishi Heavy Industries, Ltd.",Machinery,2008-09-04,90
0f6c05bff4831033,tgs_stable_v2_universe_lab,U15,43d5dd5aa6be3b0638b5af83976e61a214bd9c37,False,True,survivorship-biased exploratory evidence; not Formal Candidate,5803.T,Fujikura Ltd.,Nonferrous metals,2009-01-07,90
0f6c05bff4831033,tgs_stable_v2_universe_lab,U15,43d5dd5aa6be3b0638b5af83976e61a214bd9c37,False,True,survivorship-biased exploratory evidence; not Formal Candidate,6273.T,SMC Corporation,Machinery,2009-01-08,90
0f6c05bff4831033,tgs_stable_v2_universe_lab,U15,43d5dd5aa6be3b0638b5af83976e61a214bd9c37,False,True,survivorship-biased exploratory evidence; not Formal Candidate,5802.T,"Sumitomo Electric Industries, Ltd.",Nonferrous metals,2009-01-09,90
0f6c05bff4831033,tgs_stable_v2_universe_lab,U15,43d5dd5aa6be3b0638b5af83976e61a214bd9c37,False,True,survivorship-biased exploratory evidence; not Formal Candidate,5802.T,"Sumitomo Electric Industries, Ltd.",Nonferrous metals,2009-01-13,90
0f6c05bff4831033,tgs_stable_v2_universe_lab,U15,43d5dd5aa6be3b0638b5af83976e61a214bd9c37,False,True,survivorship-biased exploratory evidence; not Formal Candidate,8058.T,Mitsubishi Corp.,Trading companies,2009-01-13,90
0f6c05bff4831033,tgs_stable_v2_universe_lab,U15,43d5dd5aa6be3b0638b5af83976e61a214bd9c37,False,True,survivorship-biased exploratory evidence; not Formal Candidate,8802.T,"Mitsubishi Estate Co., Ltd.",Real estate,2009-01-13,90
0f6c05bff4831033,tgs_stable_v2_universe_lab,U15,43d5dd5aa6be3b0638b5af83976e61a214bd9c37,False,True,survivorship-biased exploratory evidence; not Formal Candidate,5802.T,"Sumitomo Electric Industries, Ltd.",Nonferrous metals,2009-01-14,90
0f6c05bff4831033,tgs_stable_v2_universe_lab,U15,43d5dd5aa6be3b0638b5af83976e61a214bd9c37,False,True,survivorship-biased exploratory evidence; not Formal Candidate,5802.T,"Sumitomo Electric Industries, Ltd.",Nonferrous metals,2009-01-15,90
0f6c05bff4831033,tgs_stable_v2_universe_lab,U15,43d5dd5aa6be3b0638b5af83976e61a214bd9c37,False,True,survivorship-biased exploratory evidence; not Formal Candidate,8058.T,Mitsubishi Corp.,Trading companies,2009-01-15,90
0f6c05bff4831033,tgs_stable_v2_universe_lab,U15,43d5dd5aa6be3b0638b5af83976e61a214bd9c37,False,True,survivorship-biased exploratory evidence; not Formal Candidate,8802.T,"Mitsubishi Estate Co., Ltd.",Real estate,2010-03-19,90
0f6c05bff4831033,tgs_stable_v2_universe_lab,U15,43d5dd5aa6be3b0638b5af83976e61a214bd9c37,False,True,survivorship-biased exploratory evidence; not Formal Candidate,8801.T,"Mitsui Fudosan Co., Ltd.",Real estate,2010-03-23,90
0f6c05bff4831033,tgs_stable_v2_universe_lab,U15,43d5dd5aa6be3b0638b5af83976e61a214bd9c37,False,True,survivorship-biased exploratory evidence; not Formal Candidate,8802.T,"Mitsubishi Estate Co., Ltd.",Real estate,2010-03-23,90
0f6c05bff4831033,tgs_stable_v2_universe_lab,U15,43d5dd5aa6be3b0638b5af83976e61a214bd9c37,False,True,survivorship-biased exploratory evidence; not Formal Candidate,8801.T,"Mitsui Fudosan Co., Ltd.",Real estate,2010-03-24,90
0f6c05bff4831033,tgs_stable_v2_universe_lab,U15,43d5dd5aa6be3b0638b5af83976e61a214bd9c37,False,True,survivorship-biased exploratory evidence; not Formal Candidate,6367.T,"Daikin Industries, Ltd.",Machinery,2010-03-25,90
0f6c05bff4831033,tgs_stable_v2_universe_lab,U15,43d5dd5aa6be3b0638b5af83976e61a214bd9c37,False,True,survivorship-biased exploratory evidence; not Formal Candidate,6367.T,"Daikin Industries, Ltd.",Machinery,2010-04-07,90
0f6c05bff4831033,tgs_stable_v2_universe_lab,U15,43d5dd5aa6be3b0638b5af83976e61a214bd9c37,False,True,survivorship-biased exploratory evidence; not Formal Candidate,8058.T,Mitsubishi Corp.,Trading companies,2010-04-08,100
0f6c05bff4831033,tgs_stable_v2_universe_lab,U15,43d5dd5aa6be3b0638b5af83976e61a214bd9c37,False,True,survivorship-biased exploratory evidence; not Formal Candidate,6273.T,SMC Corporation,Machinery,2010-05-06,90
0f6c05bff4831033,tgs_stable_v2_universe_lab,U15,43d5dd5aa6be3b0638b5af83976e61a214bd9c37,False,True,survivorship-biased exploratory evidence; not Formal Candidate,6273.T,SMC Corporation,Machinery,2010-05-07,90
0f6c05bff4831033,tgs_stable_v2_universe_lab,U15,43d5dd5aa6be3b0638b5af83976e61a214bd9c37,False,True,survivorship-biased exploratory evidence; not Formal Candidate,6273.T,SMC Corporation,Machinery,2010-05-10,90
0f6c05bff4831033,tgs_stable_v2_universe_lab,U15,43d5dd5aa6be3b0638b5af83976e61a214bd9c37,False,True,survivorship-biased exploratory evidence; not Formal Candidate,6273.T,SMC Corporation,Machinery,2010-05-17,90
0f6c05bff4831033,tgs_stable_v2_universe_lab,U15,43d5dd5aa6be3b0638b5af83976e61a214bd9c37,False,True,survivorship-biased exploratory evidence; not Formal Candidate,8801.T,"Mitsui Fudosan Co., Ltd.",Real estate,2010-08-20,90
0f6c05bff4831033,tgs_stable_v2_universe_lab,U15,43d5dd5aa6be3b0638b5af83976e61a214bd9c37,False,True,survivorship-biased exploratory evidence; not Formal Candidate,8801.T,"Mitsui Fudosan Co., Ltd.",Real estate,2010-08-25,90
0f6c05bff4831033,tgs_stable_v2_universe_lab,U15,43d5dd5aa6be3b0638b5af83976e61a214bd9c37,False,True,survivorship-biased exploratory evidence; not Formal Candidate,5802.T,"Sumitomo Electric Industries, Ltd.",Nonferrous metals,2010-10-05,90
0f6c05bff4831033,tgs_stable_v2_universe_lab,U15,43d5dd5aa6be3b0638b5af83976e61a214bd9c37,False,True,survivorship-biased exploratory evidence; not Formal Candidate,6273.T,SMC Corporation,Machinery,2010-10-18,100
0f6c05bff4831033,tgs_stable_v2_universe_lab,U15,43d5dd5aa6be3b0638b5af83976e61a214bd9c37,False,True,survivorship-biased exploratory evidence; not Formal Candidate,6273.T,SMC Corporation,Machinery,2010-10-19,100
0f6c05bff4831033,tgs_stable_v2_universe_lab,U15,43d5dd5aa6be3b0638b5af83976e61a214bd9c37,False,True,survivorship-biased exploratory evidence; not Formal Candidate,6273.T,SMC Corporation,Machinery,2010-10-20,100
0f6c05bff4831033,tgs_stable_v2_universe_lab,U15,43d5dd5aa6be3b0638b5af83976e61a214bd9c37,False,True,survivorship-biased exploratory evidence; not Formal Candidate,6273.T,SMC Corporation,Machinery,2010-10-21,100
0f6c05bff4831033,tgs_stable_v2_universe_lab,U15,43d5dd5aa6be3b0638b5af83976e61a214bd9c37,False,True,survivorship-biased exploratory evidence; not Formal Candidate,6301.T,Komatsu Ltd.,Machinery,2011-01-21,90
0f6c05bff4831033,tgs_stable_v2_universe_lab,U15,43d5dd5aa6be3b0638b5af83976e61a214bd9c37,False,True,survivorship-biased exploratory evidence; not Formal Candidate,8001.T,Itochu Corp.,Trading companies,2011-01-21,90
0f6c05bff4831033,tgs_stable_v2_universe_lab,U15,43d5dd5aa6be3b0638b5af83976e61a214bd9c37,False,True,survivorship-biased exploratory evidence; not Formal Candidate,8002.T,Marubeni Corp.,Trading companies,2011-01-21,90
0f6c05bff4831033,tgs_stable_v2_universe_lab,U15,43d5dd5aa6be3b0638b5af83976e61a214bd9c37,False,True,survivorship-biased exploratory evidence; not Formal Candidate,6273.T,SMC Corporation,Machinery,2011-01-25,90
0f6c05bff4831033,tgs_stable_v2_universe_lab,U15,43d5dd5aa6be3b0638b5af83976e61a214bd9c37,False,True,survivorship-biased exploratory evidence; not Formal Candidate,6301.T,Komatsu Ltd.,Machinery,2011-01-26,90
0f6c05bff4831033,tgs_stable_v2_universe_lab,U15,43d5dd5aa6be3b0638b5af83976e61a214bd9c37,False,True,survivorship-biased exploratory evidence; not Formal Candidate,6273.T,SMC Corporation,Machinery,2011-01-27,90
0f6c05bff4831033,tgs_stable_v2_universe_lab,U15,43d5dd5aa6be3b0638b5af83976e61a214bd9c37,False,True,survivorship-biased exploratory evidence; not Formal Candidate,8002.T,Marubeni Corp.,Trading companies,2011-01-27,90
0f6c05bff4831033,tgs_stable_v2_universe_lab,U15,43d5dd5aa6be3b0638b5af83976e61a214bd9c37,False,True,survivorship-biased exploratory evidence; not Formal Candidate,6301.T,Komatsu Ltd.,Machinery,2011-01-28,90
0f6c05bff4831033,tgs_stable_v2_universe_lab,U15,43d5dd5aa6be3b0638b5af83976e61a214bd9c37,False,True,survivorship-biased exploratory evidence; not Formal Candidate,8001.T,Itochu Corp.,Trading companies,2011-02-02,90
0f6c05bff4831033,tgs_stable_v2_universe_lab,U15,43d5dd5aa6be3b0638b5af83976e61a214bd9c37,False,True,survivorship-biased exploratory evidence; not Formal Candidate,6273.T,SMC Corporation,Machinery,2011-02-09,90
0f6c05bff4831033,tgs_stable_v2_universe_lab,U15,43d5dd5aa6be3b0638b5af83976e61a214bd9c37,False,True,survivorship-biased exploratory evidence; not Formal Candidate,5802.T,"Sumitomo Electric Industries, Ltd.",Nonferrous metals,2011-03-04,90
0f6c05bff4831033,tgs_stable_v2_universe_lab,U15,43d5dd5aa6be3b0638b5af83976e61a214bd9c37,False,True,survivorship-biased exploratory evidence; not Formal Candidate,8053.T,Sumitomo Corp.,Trading companies,2011-03-04,90
0f6c05bff4831033,tgs_stable_v2_universe_lab,U15,43d5dd5aa6be3b0638b5af83976e61a214bd9c37,False,True,survivorship-biased exploratory evidence; not Formal Candidate,5802.T,"Sumitomo Electric Industries, Ltd.",Nonferrous metals,2011-03-07,90
0f6c05bff4831033,tgs_stable_v2_universe_lab,U15,43d5dd5aa6be3b0638b5af83976e61a214bd9c37,False,True,survivorship-biased exploratory evidence; not Formal Candidate,5802.T,"Sumitomo Electric Industries, Ltd.",Nonferrous metals,2011-03-09,90
0f6c05bff4831033,tgs_stable_v2_universe_lab,U15,43d5dd5aa6be3b0638b5af83976e61a214bd9c37,False,True,survivorship-biased exploratory evidence; not Formal Candidate,6301.T,Komatsu Ltd.,Machinery,2011-03-25,100
0f6c05bff4831033,tgs_stable_v2_universe_lab,U15,43d5dd5aa6be3b0638b5af83976e61a214bd9c37,False,True,survivorship-biased exploratory evidence; not Formal Candidate,6301.T,Komatsu Ltd.,Machinery,2011-03-29,100
0f6c05bff4831033,tgs_stable_v2_universe_lab,U15,43d5dd5aa6be3b0638b5af83976e61a214bd9c37,False,True,survivorship-biased exploratory evidence; not Formal Candidate,6301.T,Komatsu Ltd.,Machinery,2011-05-12,90
0f6c05bff4831033,tgs_stable_v2_universe_lab,U15,43d5dd5aa6be3b0638b5af83976e61a214bd9c37,False,True,survivorship-biased exploratory evidence; not Formal Candidate,5802.T,"Sumitomo Electric Industries, Ltd.",Nonferrous metals,2011-07-01,100
0f6c05bff4831033,tgs_stable_v2_universe_lab,U15,43d5dd5aa6be3b0638b5af83976e61a214bd9c37,False,True,survivorship-biased exploratory evidence; not Formal Candidate,6273.T,SMC Corporation,Machinery,2011-07-11,100
0f6c05bff4831033,tgs_stable_v2_universe_lab,U15,43d5dd5aa6be3b0638b5af83976e61a214bd9c37,False,True,survivorship-biased exploratory evidence; not Formal Candidate,6273.T,SMC Corporation,Machinery,2011-07-12,100
0f6c05bff4831033,tgs_stable_v2_universe_lab,U15,43d5dd5aa6be3b0638b5af83976e61a214bd9c37,False,True,survivorship-biased exploratory evidence; not Formal Candidate,6273.T,SMC Corporation,Machinery,2011-07-13,100
0f6c05bff4831033,tgs_stable_v2_universe_lab,U15,43d5dd5aa6be3b0638b5af83976e61a214bd9c37,False,True,survivorship-biased exploratory evidence; not Formal Candidate,6273.T,SMC Corporation,Machinery,2011-07-14,100
0f6c05bff4831033,tgs_stable_v2_universe_lab,U15,43d5dd5aa6be3b0638b5af83976e61a214bd9c37,False,True,survivorship-biased exploratory evidence; not Formal Candidate,8001.T,Itochu Corp.,Trading companies,2011-07-15,100
0f6c05bff4831033,tgs_stable_v2_universe_lab,U15,43d5dd5aa6be3b0638b5af83976e61a214bd9c37,False,True,survivorship-biased exploratory evidence; not Formal Candidate,8001.T,Itochu Corp.,Trading companies,2011-07-19,100
0f6c05bff4831033,tgs_stable_v2_universe_lab,U15,43d5dd5aa6be3b0638b5af83976e61a214bd9c37,False,True,survivorship-biased exploratory evidence; not Formal Candidate,8001.T,Itochu Corp.,Trading companies,2011-07-20,100
0f6c05bff4831033,tgs_stable_v2_universe_lab,U15,43d5dd5aa6be3b0638b5af83976e61a214bd9c37,False,True,survivorship-biased exploratory evidence; not Formal Candidate,8002.T,Marubeni Corp.,Trading companies,2011-07-25,100
0f6c05bff4831033,tgs_stable_v2_universe_lab,U15,43d5dd5aa6be3b0638b5af83976e61a214bd9c37,False,True,survivorship-biased exploratory evidence; not Formal Candidate,8002.T,Marubeni Corp.,Trading companies,2011-07-27,100
0f6c05bff4831033,tgs_stable_v2_universe_lab,U15,43d5dd5aa6be3b0638b5af83976e61a214bd9c37,False,True,survivorship-biased exploratory evidence; not Formal Candidate,8053.T,Sumitomo Corp.,Trading companies,2011-07-27,90
0f6c05bff4831033,tgs_stable_v2_universe_lab,U15,43d5dd5aa6be3b0638b5af83976e61a214bd9c37,False,True,survivorship-biased exploratory evidence; not Formal Candidate,8002.T,Marubeni Corp.,Trading companies,2011-07-28,100
0f6c05bff4831033,tgs_stable_v2_universe_lab,U15,43d5dd5aa6be3b0638b5af83976e61a214bd9c37,False,True,survivorship-biased exploratory evidence; not Formal Candidate,5802.T,"Sumitomo Electric Industries, Ltd.",Nonferrous metals,2011-07-29,90
0f6c05bff4831033,tgs_stable_v2_universe_lab,U15,43d5dd5aa6be3b0638b5af83976e61a214bd9c37,False,True,survivorship-biased exploratory evidence; not Formal Candidate,6273.T,SMC Corporation,Machinery,2011-08-02,90
0f6c05bff4831033,tgs_stable_v2_universe_lab,U15,43d5dd5aa6be3b0638b5af83976e61a214bd9c37,False,True,survivorship-biased exploratory evidence; not Formal Candidate,8001.T,Itochu Corp.,Trading companies,2011-08-02,90
0f6c05bff4831033,tgs_stable_v2_universe_lab,U15,43d5dd5aa6be3b0638b5af83976e61a214bd9c37,False,True,survivorship-biased exploratory evidence; not Formal Candidate,8001.T,Itochu Corp.,Trading companies,2011-08-05,90
0f6c05bff4831033,tgs_stable_v2_universe_lab,U15,43d5dd5aa6be3b0638b5af83976e61a214bd9c37,False,True,survivorship-biased exploratory evidence; not Formal Candidate,6273.T,SMC Corporation,Machinery,2011-10-28,100
0f6c05bff4831033,tgs_stable_v2_universe_lab,U15,43d5dd5aa6be3b0638b5af83976e61a214bd9c37,False,True,survivorship-biased exploratory evidence; not Formal Candidate,6273.T,SMC Corporation,Machinery,2011-10-31,100
0f6c05bff4831033,tgs_stable_v2_universe_lab,U15,43d5dd5aa6be3b0638b5af83976e61a214bd9c37,False,True,survivorship-biased exploratory evidence; not Formal Candidate,6273.T,SMC Corporation,Machinery,2011-11-01,100
0f6c05bff4831033,tgs_stable_v2_universe_lab,U15,43d5dd5aa6be3b0638b5af83976e61a214bd9c37,False,True,survivorship-biased exploratory evidence; not Formal Candidate,6273.T,SMC Corporation,Machinery,2011-11-02,100
0f6c05bff4831033,tgs_stable_v2_universe_lab,U15,43d5dd5aa6be3b0638b5af83976e61a214bd9c37,False,True,survivorship-biased exploratory evidence; not Formal Candidate,8053.T,Sumitomo Corp.,Trading companies,2011-11-04,90
0f6c05bff4831033,tgs_stable_v2_universe_lab,U15,43d5dd5aa6be3b0638b5af83976e61a214bd9c37,False,True,survivorship-biased exploratory evidence; not Formal Candidate,6273.T,SMC Corporation,Machinery,2011-11-10,90
0f6c05bff4831033,tgs_stable_v2_universe_lab,U15,43d5dd5aa6be3b0638b5af83976e61a214bd9c37,False,True,survivorship-biased exploratory evidence; not Formal Candidate,8001.T,Itochu Corp.,Trading companies,2011-12-09,100
0f6c05bff4831033,tgs_stable_v2_universe_lab,U15,43d5dd5aa6be3b0638b5af83976e61a214bd9c37,False,True,survivorship-biased exploratory evidence; not Formal Candidate,8015.T,Toyota Tsusho Corp.,Trading companies,2011-12-09,90
0f6c05bff4831033,tgs_stable_v2_universe_lab,U15,43d5dd5aa6be3b0638b5af83976e61a214bd9c37,False,True,survivorship-biased exploratory evidence; not Formal Candidate,8001.T,Itochu Corp.,Trading companies,2011-12-12,100
0f6c05bff4831033,tgs_stable_v2_universe_lab,U15,43d5dd5aa6be3b0638b5af83976e61a214bd9c37,False,True,survivorship-biased exploratory evidence; not Formal Candidate,8001.T,Itochu Corp.,Trading companies,2011-12-13,100
0f6c05bff4831033,tgs_stable_v2_universe_lab,U15,43d5dd5aa6be3b0638b5af83976e61a214bd9c37,False,True,survivorship-biased exploratory evidence; not Formal Candidate,8001.T,Itochu Corp.,Trading companies,2011-12-14,100
0f6c05bff4831033,tgs_stable_v2_universe_lab,U15,43d5dd5aa6be3b0638b5af83976e61a214bd9c37,False,True,survivorship-biased exploratory evidence; not Formal Candidate,8001.T,Itochu Corp.,Trading companies,2011-12-15,100
0f6c05bff4831033,tgs_stable_v2_universe_lab,U15,43d5dd5aa6be3b0638b5af83976e61a214bd9c37,False,True,survivorship-biased exploratory evidence; not Formal Candidate,6301.T,Komatsu Ltd.,Machinery,2012-01-13,90
0f6c05bff4831033,tgs_stable_v2_universe_lab,U15,43d5dd5aa6be3b0638b5af83976e61a214bd9c37,False,True,survivorship-biased exploratory evidence; not Formal Candidate,6273.T,SMC Corporation,Machinery,2012-01-18,90
0f6c05bff4831033,tgs_stable_v2_universe_lab,U15,43d5dd5aa6be3b0638b5af83976e61a214bd9c37,False,True,survivorship-biased exploratory evidence; not Formal Candidate,8001.T,Itochu Corp.,Trading companies,2012-01-18,90
0f6c05bff4831033,tgs_stable_v2_universe_lab,U15,43d5dd5aa6be3b0638b5af83976e61a214bd9c37,False,True,survivorship-biased exploratory evidence; not Formal Candidate,6273.T,SMC Corporation,Machinery,2012-01-19,90
0f6c05bff4831033,tgs_stable_v2_universe_lab,U15,43d5dd5aa6be3b0638b5af83976e61a214bd9c37,False,True,survivorship-biased exploratory evidence; not Formal Candidate,6273.T,SMC Corporation,Machinery,2012-01-20,90
0f6c05bff4831033,tgs_stable_v2_universe_lab,U15,43d5dd5aa6be3b0638b5af83976e61a214bd9c37,False,True,survivorship-biased exploratory evidence; not Formal Candidate,6301.T,Komatsu Ltd.,Machinery,2012-01-26,90
0f6c05bff4831033,tgs_stable_v2_universe_lab,U15,43d5dd5aa6be3b0638b5af83976e61a214bd9c37,False,True,survivorship-biased exploratory evidence; not Formal Candidate,8015.T,Toyota Tsusho Corp.,Trading companies,2012-01-27,90
0f6c05bff4831033,tgs_stable_v2_universe_lab,U15,43d5dd5aa6be3b0638b5af83976e61a214bd9c37,False,True,survivorship-biased exploratory evidence; not Formal Candidate,6273.T,SMC Corporation,Machinery,2012-01-30,90
0f6c05bff4831033,tgs_stable_v2_universe_lab,U15,43d5dd5aa6be3b0638b5af83976e61a214bd9c37,False,True,survivorship-biased exploratory evidence; not Formal Candidate,8802.T,"Mitsubishi Estate Co., Ltd.",Real estate,2012-01-31,90
0f6c05bff4831033,tgs_stable_v2_universe_lab,U15,43d5dd5aa6be3b0638b5af83976e61a214bd9c37,False,True,survivorship-biased exploratory evidence; not Formal Candidate,6273.T,SMC Corporation,Machinery,2012-02-07,90
0f6c05bff4831033,tgs_stable_v2_universe_lab,U15,43d5dd5aa6be3b0638b5af83976e61a214bd9c37,False,True,survivorship-biased exploratory evidence; not Formal Candidate,8015.T,Toyota Tsusho Corp.,Trading companies,2012-02-10,90
0f6c05bff4831033,tgs_stable_v2_universe_lab,U15,43d5dd5aa6be3b0638b5af83976e61a214bd9c37,False,True,survivorship-biased exploratory evidence; not Formal Candidate,8001.T,Itochu Corp.,Trading companies,2012-02-16,90
0f6c05bff4831033,tgs_stable_v2_universe_lab,U15,43d5dd5aa6be3b0638b5af83976e61a214bd9c37,False,True,survivorship-biased exploratory evidence; not Formal Candidate,6273.T,SMC Corporation,Machinery,2012-03-01,90
0f6c05bff4831033,tgs_stable_v2_universe_lab,U15,43d5dd5aa6be3b0638b5af83976e61a214bd9c37,False,True,survivorship-biased exploratory evidence; not Formal Candidate,8001.T,Itochu Corp.,Trading companies,2012-03-06,90
0f6c05bff4831033,tgs_stable_v2_universe_lab,U15,43d5dd5aa6be3b0638b5af83976e61a214bd9c37,False,True,survivorship-biased exploratory evidence; not Formal Candidate,8002.T,Marubeni Corp.,Trading companies,2012-03-06,90
0f6c05bff4831033,tgs_stable_v2_universe_lab,U15,43d5dd5aa6be3b0638b5af83976e61a214bd9c37,False,True,survivorship-biased exploratory evidence; not Formal Candidate,6301.T,Komatsu Ltd.,Machinery,2012-03-09,90
0f6c05bff4831033,tgs_stable_v2_universe_lab,U15,43d5dd5aa6be3b0638b5af83976e61a214bd9c37,False,True,survivorship-biased exploratory evidence; not Formal Candidate,8001.T,Itochu Corp.,Trading companies,2012-03-09,90
0f6c05bff4831033,tgs_stable_v2_universe_lab,U15,43d5dd5aa6be3b0638b5af83976e61a214bd9c37,False,True,survivorship-biased exploratory evidence; not Formal Candidate,8031.T,"Mitsui & Co., Ltd.",Trading companies,2012-03-09,90
0f6c05bff4831033,tgs_stable_v2_universe_lab,U15,43d5dd5aa6be3b0638b5af83976e61a214bd9c37,False,True,survivorship-biased exploratory evidence; not Formal Candidate,6273.T,SMC Corporation,Machinery,2012-03-13,90
0f6c05bff4831033,tgs_stable_v2_universe_lab,U15,43d5dd5aa6be3b0638b5af83976e61a214bd9c37,False,True,survivorship-biased exploratory evidence; not Formal Candidate,6273.T,SMC Corporation,Machinery,2012-03-16,90
0f6c05bff4831033,tgs_stable_v2_universe_lab,U15,43d5dd5aa6be3b0638b5af83976e61a214bd9c37,False,True,survivorship-biased exploratory evidence; not Formal Candidate,8802.T,"Mitsubishi Estate Co., Ltd.",Real estate,2012-03-22,90
0f6c05bff4831033,tgs_stable_v2_universe_lab,U15,43d5dd5aa6be3b0638b5af83976e61a214bd9c37,False,True,survivorship-biased exploratory evidence; not Formal Candidate,8002.T,Marubeni Corp.,Trading companies,2012-04-13,90
0f6c05bff4831033,tgs_stable_v2_universe_lab,U15,43d5dd5aa6be3b0638b5af83976e61a214bd9c37,False,True,survivorship-biased exploratory evidence; not Formal Candidate,8015.T,Toyota Tsusho Corp.,Trading companies,2012-04-13,90
0f6c05bff4831033,tgs_stable_v2_universe_lab,U15,43d5dd5aa6be3b0638b5af83976e61a214bd9c37,False,True,survivorship-biased exploratory evidence; not Formal Candidate,8031.T,"Mitsui & Co., Ltd.",Trading companies,2012-04-13,90
0f6c05bff4831033,tgs_stable_v2_universe_lab,U15,43d5dd5aa6be3b0638b5af83976e61a214bd9c37,False,True,survivorship-biased exploratory evidence; not Formal Candidate,8053.T,Sumitomo Corp.,Trading companies,2012-04-13,90
0f6c05bff4831033,tgs_stable_v2_universe_lab,U15,43d5dd5aa6be3b0638b5af83976e61a214bd9c37,False,True,survivorship-biased exploratory evidence; not Formal Candidate,8001.T,Itochu Corp.,Trading companies,2012-04-17,90
0f6c05bff4831033,tgs_stable_v2_universe_lab,U15,43d5dd5aa6be3b0638b5af83976e61a214bd9c37,False,True,survivorship-biased exploratory evidence; not Formal Candidate,6273.T,SMC Corporation,Machinery,2012-04-20,100
0f6c05bff4831033,tgs_stable_v2_universe_lab,U15,43d5dd5aa6be3b0638b5af83976e61a214bd9c37,False,True,survivorship-biased exploratory evidence; not Formal Candidate,6273.T,SMC Corporation,Machinery,2012-04-23,100
0f6c05bff4831033,tgs_stable_v2_universe_lab,U15,43d5dd5aa6be3b0638b5af83976e61a214bd9c37,False,True,survivorship-biased exploratory evidence; not Formal Candidate,6273.T,SMC Corporation,Machinery,2012-04-24,100
0f6c05bff4831033,tgs_stable_v2_universe_lab,U15,43d5dd5aa6be3b0638b5af83976e61a214bd9c37,False,True,survivorship-biased exploratory evidence; not Formal Candidate,5802.T,"Sumitomo Electric Industries, Ltd.",Nonferrous metals,2012-04-25,90
0f6c05bff4831033,tgs_stable_v2_universe_lab,U15,43d5dd5aa6be3b0638b5af83976e61a214bd9c37,False,True,survivorship-biased exploratory evidence; not Formal Candidate,6273.T,SMC Corporation,Machinery,2012-04-25,100
0f6c05bff4831033,tgs_stable_v2_universe_lab,U15,43d5dd5aa6be3b0638b5af83976e61a214bd9c37,False,True,survivorship-biased exploratory evidence; not Formal Candidate,6273.T,SMC Corporation,Machinery,2012-04-26,100
0f6c05bff4831033,tgs_stable_v2_universe_lab,U15,43d5dd5aa6be3b0638b5af83976e61a214bd9c37,False,True,survivorship-biased exploratory evidence; not Formal Candidate,5802.T,"Sumitomo Electric Industries, Ltd.",Nonferrous metals,2012-04-27,90
0f6c05bff4831033,tgs_stable_v2_universe_lab,U15,43d5dd5aa6be3b0638b5af83976e61a214bd9c37,False,True,survivorship-biased exploratory evidence; not Formal Candidate,8001.T,Itochu Corp.,Trading companies,2012-05-08,90
0f6c05bff4831033,tgs_stable_v2_universe_lab,U15,43d5dd5aa6be3b0638b5af83976e61a214bd9c37,False,True,survivorship-biased exploratory evidence; not Formal Candidate,6273.T,SMC Corporation,Machinery,2012-06-29,100
0f6c05bff4831033,tgs_stable_v2_universe_lab,U15,43d5dd5aa6be3b0638b5af83976e61a214bd9c37,False,True,survivorship-biased exploratory evidence; not Formal Candidate,6273.T,SMC Corporation,Machinery,2012-07-02,100
0f6c05bff4831033,tgs_stable_v2_universe_lab,U15,43d5dd5aa6be3b0638b5af83976e61a214bd9c37,False,True,survivorship-biased exploratory evidence; not Formal Candidate,6273.T,SMC Corporation,Machinery,2012-07-03,100
0f6c05bff4831033,tgs_stable_v2_universe_lab,U15,43d5dd5aa6be3b0638b5af83976e61a214bd9c37,False,True,survivorship-biased exploratory evidence; not Formal Candidate,8801.T,"Mitsui Fudosan Co., Ltd.",Real estate,2012-07-06,100
0f6c05bff4831033,tgs_stable_v2_universe_lab,U15,43d5dd5aa6be3b0638b5af83976e61a214bd9c37,False,True,survivorship-biased exploratory evidence; not Formal Candidate,8801.T,"Mitsui Fudosan Co., Ltd.",Real estate,2012-07-09,100
0f6c05bff4831033,tgs_stable_v2_universe_lab,U15,43d5dd5aa6be3b0638b5af83976e61a214bd9c37,False,True,survivorship-biased exploratory evidence; not Formal Candidate,6273.T,SMC Corporation,Machinery,2012-07-10,90
0f6c05bff4831033,tgs_stable_v2_universe_lab,U15,43d5dd5aa6be3b0638b5af83976e61a214bd9c37,False,True,survivorship-biased exploratory evidence; not Formal Candidate,8801.T,"Mitsui Fudosan Co., Ltd.",Real estate,2012-07-10,100
0f6c05bff4831033,tgs_stable_v2_universe_lab,U15,43d5dd5aa6be3b0638b5af83976e61a214bd9c37,False,True,survivorship-biased exploratory evidence; not Formal Candidate,6273.T,SMC Corporation,Machinery,2012-07-11,90
0f6c05bff4831033,tgs_stable_v2_universe_lab,U15,43d5dd5aa6be3b0638b5af83976e61a214bd9c37,False,True,survivorship-biased exploratory evidence; not Formal Candidate,8801.T,"Mitsui Fudosan Co., Ltd.",Real estate,2012-07-11,100
0f6c05bff4831033,tgs_stable_v2_universe_lab,U15,43d5dd5aa6be3b0638b5af83976e61a214bd9c37,False,True,survivorship-biased exploratory evidence; not Formal Candidate,8801.T,"Mitsui Fudosan Co., Ltd.",Real estate,2012-07-12,100
0f6c05bff4831033,tgs_stable_v2_universe_lab,U15,43d5dd5aa6be3b0638b5af83976e61a214bd9c37,False,True,survivorship-biased exploratory evidence; not Formal Candidate,6273.T,SMC Corporation,Machinery,2012-07-19,90
0f6c05bff4831033,tgs_stable_v2_universe_lab,U15,43d5dd5aa6be3b0638b5af83976e61a214bd9c37,False,True,survivorship-biased exploratory evidence; not Formal Candidate,5803.T,Fujikura Ltd.,Nonferrous metals,2012-08-03,90
0f6c05bff4831033,tgs_stable_v2_universe_lab,U15,43d5dd5aa6be3b0638b5af83976e61a214bd9c37,False,True,survivorship-biased exploratory evidence; not Formal Candidate,8002.T,Marubeni Corp.,Trading companies,2012-08-17,100
0f6c05bff4831033,tgs_stable_v2_universe_lab,U15,43d5dd5aa6be3b0638b5af83976e61a214bd9c37,False,True,survivorship-biased exploratory evidence; not Formal Candidate,8002.T,Marubeni Corp.,Trading companies,2012-08-20,100
0f6c05bff4831033,tgs_stable_v2_universe_lab,U15,43d5dd5aa6be3b0638b5af83976e61a214bd9c37,False,True,survivorship-biased exploratory evidence; not Formal Candidate,8002.T,Marubeni Corp.,Trading companies,2012-08-21,100
0f6c05bff4831033,tgs_stable_v2_universe_lab,U15,43d5dd5aa6be3b0638b5af83976e61a214bd9c37,False,True,survivorship-biased exploratory evidence; not Formal Candidate,8002.T,Marubeni Corp.,Trading companies,2012-08-22,100
0f6c05bff4831033,tgs_stable_v2_universe_lab,U15,43d5dd5aa6be3b0638b5af83976e61a214bd9c37,False,True,survivorship-biased exploratory evidence; not Formal Candidate,7011.T,"Mitsubishi Heavy Industries, Ltd.",Machinery,2012-08-23,100
0f6c05bff4831033,tgs_stable_v2_universe_lab,U15,43d5dd5aa6be3b0638b5af83976e61a214bd9c37,False,True,survivorship-biased exploratory evidence; not Formal Candidate,8002.T,Marubeni Corp.,Trading companies,2012-08-23,100
0f6c05bff4831033,tgs_stable_v2_universe_lab,U15,43d5dd5aa6be3b0638b5af83976e61a214bd9c37,False,True,survivorship-biased exploratory evidence; not Formal Candidate,8801.T,"Mitsui Fudosan Co., Ltd.",Real estate,2012-09-07,90
0f6c05bff4831033,tgs_stable_v2_universe_lab,U15,43d5dd5aa6be3b0638b5af83976e61a214bd9c37,False,True,survivorship-biased exploratory evidence; not Formal Candidate,8802.T,"Mitsubishi Estate Co., Ltd.",Real estate,2012-09-07,90
0f6c05bff4831033,tgs_stable_v2_universe_lab,U15,43d5dd5aa6be3b0638b5af83976e61a214bd9c37,False,True,survivorship-biased exploratory evidence; not Formal Candidate,8031.T,"Mitsui & Co., Ltd.",Trading companies,2012-09-14,90
0f6c05bff4831033,tgs_stable_v2_universe_lab,U15,43d5dd5aa6be3b0638b5af83976e61a214bd9c37,False,True,survivorship-biased exploratory evidence; not Formal Candidate,8801.T,"Mitsui Fudosan Co., Ltd.",Real estate,2012-09-18,90
0f6c05bff4831033,tgs_stable_v2_universe_lab,U15,43d5dd5aa6be3b0638b5af83976e61a214bd9c37,False,True,survivorship-biased exploratory evidence; not Formal Candidate,8002.T,Marubeni Corp.,Trading companies,2012-09-21,100
0f6c05bff4831033,tgs_stable_v2_universe_lab,U15,43d5dd5aa6be3b0638b5af83976e61a214bd9c37,False,True,survivorship-biased exploratory evidence; not Formal Candidate,8053.T,Sumitomo Corp.,Trading companies,2012-09-21,100
0f6c05bff4831033,tgs_stable_v2_universe_lab,U15,43d5dd5aa6be3b0638b5af83976e61a214bd9c37,False,True,survivorship-biased exploratory evidence; not Formal Candidate,8002.T,Marubeni Corp.,Trading companies,2012-09-24,100
0f6c05bff4831033,tgs_stable_v2_universe_lab,U15,43d5dd5aa6be3b0638b5af83976e61a214bd9c37,False,True,survivorship-biased exploratory evidence; not Formal Candidate,8053.T,Sumitomo Corp.,Trading companies,2012-09-24,100
0f6c05bff4831033,tgs_stable_v2_universe_lab,U15,43d5dd5aa6be3b0638b5af83976e61a214bd9c37,False,True,survivorship-biased exploratory evidence; not Formal Candidate,8002.T,Marubeni Corp.,Trading companies,2012-09-25,100
0f6c05bff4831033,tgs_stable_v2_universe_lab,U15,43d5dd5aa6be3b0638b5af83976e61a214bd9c37,False,True,survivorship-biased exploratory evidence; not Formal Candidate,8053.T,Sumitomo Corp.,Trading companies,2012-09-25,100
0f6c05bff4831033,tgs_stable_v2_universe_lab,U15,43d5dd5aa6be3b0638b5af83976e61a214bd9c37,False,True,survivorship-biased exploratory evidence; not Formal Candidate,8801.T,"Mitsui Fudosan Co., Ltd.",Real estate,2012-09-25,90
0f6c05bff4831033,tgs_stable_v2_universe_lab,U15,43d5dd5aa6be3b0638b5af83976e61a214bd9c37,False,True,survivorship-biased exploratory evidence; not Formal Candidate,8002.T,Marubeni Corp.,Trading companies,2012-09-26,100
0f6c05bff4831033,tgs_stable_v2_universe_lab,U15,43d5dd5aa6be3b0638b5af83976e61a214bd9c37,False,True,survivorship-biased exploratory evidence; not Formal Candidate,8053.T,Sumitomo Corp.,Trading companies,2012-09-26,100
0f6c05bff4831033,tgs_stable_v2_universe_lab,U15,43d5dd5aa6be3b0638b5af83976e61a214bd9c37,False,True,survivorship-biased exploratory evidence; not Formal Candidate,8002.T,Marubeni Corp.,Trading companies,2012-09-27,100
0f6c05bff4831033,tgs_stable_v2_universe_lab,U15,43d5dd5aa6be3b0638b5af83976e61a214bd9c37,False,True,survivorship-biased exploratory evidence; not Formal Candidate,8053.T,Sumitomo Corp.,Trading companies,2012-09-27,100
0f6c05bff4831033,tgs_stable_v2_universe_lab,U15,43d5dd5aa6be3b0638b5af83976e61a214bd9c37,False,True,survivorship-biased exploratory evidence; not Formal Candidate,8801.T,"Mitsui Fudosan Co., Ltd.",Real estate,2012-09-28,90
0f6c05bff4831033,tgs_stable_v2_universe_lab,U15,43d5dd5aa6be3b0638b5af83976e61a214bd9c37,False,True,survivorship-biased exploratory evidence; not Formal Candidate,8802.T,"Mitsubishi Estate Co., Ltd.",Real estate,2012-10-09,90
0f6c05bff4831033,tgs_stable_v2_universe_lab,U15,43d5dd5aa6be3b0638b5af83976e61a214bd9c37,False,True,survivorship-biased exploratory evidence; not Formal Candidate,8802.T,"Mitsubishi Estate Co., Ltd.",Real estate,2012-10-10,90
0f6c05bff4831033,tgs_stable_v2_universe_lab,U15,43d5dd5aa6be3b0638b5af83976e61a214bd9c37,False,True,survivorship-biased exploratory evidence; not Formal Candidate,7011.T,"Mitsubishi Heavy Industries, Ltd.",Machinery,2012-10-11,90
0f6c05bff4831033,tgs_stable_v2_universe_lab,U15,43d5dd5aa6be3b0638b5af83976e61a214bd9c37,False,True,survivorship-biased exploratory evidence; not Formal Candidate,8015.T,Toyota Tsusho Corp.,Trading companies,2012-10-12,90
0f6c05bff4831033,tgs_stable_v2_universe_lab,U15,43d5dd5aa6be3b0638b5af83976e61a214bd9c37,False,True,survivorship-biased exploratory evidence; not Formal Candidate,8053.T,Sumitomo Corp.,Trading companies,2012-10-26,100
0f6c05bff4831033,tgs_stable_v2_universe_lab,U15,43d5dd5aa6be3b0638b5af83976e61a214bd9c37,False,True,survivorship-biased exploratory evidence; not Formal Candidate,8053.T,Sumitomo Corp.,Trading companies,2012-10-29,100
0f6c05bff4831033,tgs_stable_v2_universe_lab,U15,43d5dd5aa6be3b0638b5af83976e61a214bd9c37,False,True,survivorship-biased exploratory evidence; not Formal Candidate,8053.T,Sumitomo Corp.,Trading companies,2012-10-30,100
0f6c05bff4831033,tgs_stable_v2_universe_lab,U15,43d5dd5aa6be3b0638b5af83976e61a214bd9c37,False,True,survivorship-biased exploratory evidence; not Formal Candidate,7011.T,"Mitsubishi Heavy Industries, Ltd.",Machinery,2012-10-31,90
0f6c05bff4831033,tgs_stable_v2_universe_lab,U15,43d5dd5aa6be3b0638b5af83976e61a214bd9c37,False,True,survivorship-biased exploratory evidence; not Formal Candidate,8053.T,Sumitomo Corp.,Trading companies,2012-10-31,100
0f6c05bff4831033,tgs_stable_v2_universe_lab,U15,43d5dd5aa6be3b0638b5af83976e61a214bd9c37,False,True,survivorship-biased exploratory evidence; not Formal Candidate,8053.T,Sumitomo Corp.,Trading companies,2012-11-01,120
0f6c05bff4831033,tgs_stable_v2_universe_lab,U15,43d5dd5aa6be3b0638b5af83976e61a214bd9c37,False,True,survivorship-biased exploratory evidence; not Formal Candidate,8002.T,Marubeni Corp.,Trading companies,2012-11-02,120
0f6c05bff4831033,tgs_stable_v2_universe_lab,U15,43d5dd5aa6be3b0638b5af83976e61a214bd9c37,False,True,survivorship-biased exploratory evidence; not Formal Candidate,8002.T,Marubeni Corp.,Trading companies,2012-11-05,100
0f6c05bff4831033,tgs_stable_v2_universe_lab,U15,43d5dd5aa6be3b0638b5af83976e61a214bd9c37,False,True,survivorship-biased exploratory evidence; not Formal Candidate,8002.T,Marubeni Corp.,Trading companies,2012-11-06,100
0f6c05bff4831033,tgs_stable_v2_universe_lab,U15,43d5dd5aa6be3b0638b5af83976e61a214bd9c37,False,True,survivorship-biased exploratory evidence; not Formal Candidate,8002.T,Marubeni Corp.,Trading companies,2012-11-07,100
0f6c05bff4831033,tgs_stable_v2_universe_lab,U15,43d5dd5aa6be3b0638b5af83976e61a214bd9c37,False,True,survivorship-biased exploratory evidence; not Formal Candidate,8053.T,Sumitomo Corp.,Trading companies,2012-11-07,90
0f6c05bff4831033,tgs_stable_v2_universe_lab,U15,43d5dd5aa6be3b0638b5af83976e61a214bd9c37,False,True,survivorship-biased exploratory evidence; not Formal Candidate,8002.T,Marubeni Corp.,Trading companies,2012-11-08,100
0f6c05bff4831033,tgs_stable_v2_universe_lab,U15,43d5dd5aa6be3b0638b5af83976e61a214bd9c37,False,True,survivorship-biased exploratory evidence; not Formal Candidate,8015.T,Toyota Tsusho Corp.,Trading companies,2012-11-08,90
0f6c05bff4831033,tgs_stable_v2_universe_lab,U15,43d5dd5aa6be3b0638b5af83976e61a214bd9c37,False,True,survivorship-biased exploratory evidence; not Formal Candidate,8802.T,"Mitsubishi Estate Co., Ltd.",Real estate,2012-11-15,90
0f6c05bff4831033,tgs_stable_v2_universe_lab,U15,43d5dd5aa6be3b0638b5af83976e61a214bd9c37,False,True,survivorship-biased exploratory evidence; not Formal Candidate,6273.T,SMC Corporation,Machinery,2012-11-16,120
0f6c05bff4831033,tgs_stable_v2_universe_lab,U15,43d5dd5aa6be3b0638b5af83976e61a214bd9c37,False,True,survivorship-biased exploratory evidence; not Formal Candidate,7011.T,"Mitsubishi Heavy Industries, Ltd.",Machinery,2012-11-16,90
0f6c05bff4831033,tgs_stable_v2_universe_lab,U15,43d5dd5aa6be3b0638b5af83976e61a214bd9c37,False,True,survivorship-biased exploratory evidence; not Formal Candidate,6273.T,SMC Corporation,Machinery,2012-11-21,100
0f6c05bff4831033,tgs_stable_v2_universe_lab,U15,43d5dd5aa6be3b0638b5af83976e61a214bd9c37,False,True,survivorship-biased exploratory evidence; not Formal Candidate,8001.T,Itochu Corp.,Trading companies,2012-11-26,100
0f6c05bff4831033,tgs_stable_v2_universe_lab,U15,43d5dd5aa6be3b0638b5af83976e61a214bd9c37,False,True,survivorship-biased exploratory evidence; not Formal Candidate,8001.T,Itochu Corp.,Trading companies,2012-11-27,100
0f6c05bff4831033,tgs_stable_v2_universe_lab,U15,43d5dd5aa6be3b0638b5af83976e61a214bd9c37,False,True,survivorship-biased exploratory evidence; not Formal Candidate,8001.T,Itochu Corp.,Trading companies,2012-11-28,100
0f6c05bff4831033,tgs_stable_v2_universe_lab,U15,43d5dd5aa6be3b0638b5af83976e61a214bd9c37,False,True,survivorship-biased exploratory evidence; not Formal Candidate,8001.T,Itochu Corp.,Trading companies,2012-11-29,100
0f6c05bff4831033,tgs_stable_v2_universe_lab,U15,43d5dd5aa6be3b0638b5af83976e61a214bd9c37,False,True,survivorship-biased exploratory evidence; not Formal Candidate,6273.T,SMC Corporation,Machinery,2013-01-07,90
0f6c05bff4831033,tgs_stable_v2_universe_lab,U15,43d5dd5aa6be3b0638b5af83976e61a214bd9c37,False,True,survivorship-biased exploratory evidence; not Formal Candidate,8801.T,"Mitsui Fudosan Co., Ltd.",Real estate,2013-01-17,90
0f6c05bff4831033,tgs_stable_v2_universe_lab,U15,43d5dd5aa6be3b0638b5af83976e61a214bd9c37,False,True,survivorship-biased exploratory evidence; not Formal Candidate,8801.T,"Mitsui Fudosan Co., Ltd.",Real estate,2013-01-18,90
0f6c05bff4831033,tgs_stable_v2_universe_lab,U15,43d5dd5aa6be3b0638b5af83976e61a214bd9c37,False,True,survivorship-biased exploratory evidence; not Formal Candidate,8015.T,Toyota Tsusho Corp.,Trading companies,2013-01-22,90
0f6c05bff4831033,tgs_stable_v2_universe_lab,U15,43d5dd5aa6be3b0638b5af83976e61a214bd9c37,False,True,survivorship-biased exploratory evidence; not Formal Candidate,8015.T,Toyota Tsusho Corp.,Trading companies,2013-01-23,90
0f6c05bff4831033,tgs_stable_v2_universe_lab,U15,43d5dd5aa6be3b0638b5af83976e61a214bd9c37,False,True,survivorship-biased exploratory evidence; not Formal Candidate,8031.T,"Mitsui & Co., Ltd.",Trading companies,2013-01-28,90
0f6c05bff4831033,tgs_stable_v2_universe_lab,U15,43d5dd5aa6be3b0638b5af83976e61a214bd9c37,False,True,survivorship-biased exploratory evidence; not Formal Candidate,8053.T,Sumitomo Corp.,Trading companies,2013-02-05,90
0f6c05bff4831033,tgs_stable_v2_universe_lab,U15,43d5dd5aa6be3b0638b5af83976e61a214bd9c37,False,True,survivorship-biased exploratory evidence; not Formal Candidate,5802.T,"Sumitomo Electric Industries, Ltd.",Nonferrous metals,2013-02-06,90
0f6c05bff4831033,tgs_stable_v2_universe_lab,U15,43d5dd5aa6be3b0638b5af83976e61a214bd9c37,False,True,survivorship-biased exploratory evidence; not Formal Candidate,8015.T,Toyota Tsusho Corp.,Trading companies,2013-02-08,90
0f6c05bff4831033,tgs_stable_v2_universe_lab,U15,43d5dd5aa6be3b0638b5af83976e61a214bd9c37,False,True,survivorship-biased exploratory evidence; not Formal Candidate,6273.T,SMC Corporation,Machinery,2013-02-13,90
0f6c05bff4831033,tgs_stable_v2_universe_lab,U15,43d5dd5aa6be3b0638b5af83976e61a214bd9c37,False,True,survivorship-biased exploratory evidence; not Formal Candidate,6367.T,"Daikin Industries, Ltd.",Machinery,2013-02-13,90
0f6c05bff4831033,tgs_stable_v2_universe_lab,U15,43d5dd5aa6be3b0638b5af83976e61a214bd9c37,False,True,survivorship-biased exploratory evidence; not Formal Candidate,6273.T,SMC Corporation,Machinery,2013-02-14,90
0f6c05bff4831033,tgs_stable_v2_universe_lab,U15,43d5dd5aa6be3b0638b5af83976e61a214bd9c37,False,True,survivorship-biased exploratory evidence; not Formal Candidate,6273.T,SMC Corporation,Machinery,2013-02-19,90
0f6c05bff4831033,tgs_stable_v2_universe_lab,U15,43d5dd5aa6be3b0638b5af83976e61a214bd9c37,False,True,survivorship-biased exploratory evidence; not Formal Candidate,6301.T,Komatsu Ltd.,Machinery,2013-02-21,90
0f6c05bff4831033,tgs_stable_v2_universe_lab,U15,43d5dd5aa6be3b0638b5af83976e61a214bd9c37,False,True,survivorship-biased exploratory evidence; not Formal Candidate,6301.T,Komatsu Ltd.,Machinery,2013-02-22,90
0f6c05bff4831033,tgs_stable_v2_universe_lab,U15,43d5dd5aa6be3b0638b5af83976e61a214bd9c37,False,True,survivorship-biased exploratory evidence; not Formal Candidate,8802.T,"Mitsubishi Estate Co., Ltd.",Real estate,2013-02-26,90
0f6c05bff4831033,tgs_stable_v2_universe_lab,U15,43d5dd5aa6be3b0638b5af83976e61a214bd9c37,False,True,survivorship-biased exploratory evidence; not Formal Candidate,7011.T,"Mitsubishi Heavy Industries, Ltd.",Machinery,2013-03-07,90
0f6c05bff4831033,tgs_stable_v2_universe_lab,U15,43d5dd5aa6be3b0638b5af83976e61a214bd9c37,False,True,survivorship-biased exploratory evidence; not Formal Candidate,6301.T,Komatsu Ltd.,Machinery,2013-03-08,90
0f6c05bff4831033,tgs_stable_v2_universe_lab,U15,43d5dd5aa6be3b0638b5af83976e61a214bd9c37,False,True,survivorship-biased exploratory evidence; not Formal Candidate,6367.T,"Daikin Industries, Ltd.",Machinery,2013-03-08,90
0f6c05bff4831033,tgs_stable_v2_universe_lab,U15,43d5dd5aa6be3b0638b5af83976e61a214bd9c37,False,True,survivorship-biased exploratory evidence; not Formal Candidate,8002.T,Marubeni Corp.,Trading companies,2013-03-08,90
0f6c05bff4831033,tgs_stable_v2_universe_lab,U15,43d5dd5aa6be3b0638b5af83976e61a214bd9c37,False,True,survivorship-biased exploratory evidence; not Formal Candidate,8015.T,Toyota Tsusho Corp.,Trading companies,2013-03-08,90
0f6c05bff4831033,tgs_stable_v2_universe_lab,U15,43d5dd5aa6be3b0638b5af83976e61a214bd9c37,False,True,survivorship-biased exploratory evidence; not Formal Candidate,8031.T,"Mitsui & Co., Ltd.",Trading companies,2013-03-08,90
0f6c05bff4831033,tgs_stable_v2_universe_lab,U15,43d5dd5aa6be3b0638b5af83976e61a214bd9c37,False,True,survivorship-biased exploratory evidence; not Formal Candidate,8053.T,Sumitomo Corp.,Trading companies,2013-03-08,90
0f6c05bff4831033,tgs_stable_v2_universe_lab,U15,43d5dd5aa6be3b0638b5af83976e61a214bd9c37,False,True,survivorship-biased exploratory evidence; not Formal Candidate,8802.T,"Mitsubishi Estate Co., Ltd.",Real estate,2013-03-21,90
0f6c05bff4831033,tgs_stable_v2_universe_lab,U15,43d5dd5aa6be3b0638b5af83976e61a214bd9c37,False,True,survivorship-biased exploratory evidence; not Formal Candidate,7011.T,"Mitsubishi Heavy Industries, Ltd.",Machinery,2013-03-28,90
0f6c05bff4831033,tgs_stable_v2_universe_lab,U15,43d5dd5aa6be3b0638b5af83976e61a214bd9c37,False,True,survivorship-biased exploratory evidence; not Formal Candidate,6367.T,"Daikin Industries, Ltd.",Machinery,2013-04-01,90
0f6c05bff4831033,tgs_stable_v2_universe_lab,U15,43d5dd5aa6be3b0638b5af83976e61a214bd9c37,False,True,survivorship-biased exploratory evidence; not Formal Candidate,5802.T,"Sumitomo Electric Industries, Ltd.",Nonferrous metals,2013-04-04,90
0f6c05bff4831033,tgs_stable_v2_universe_lab,U15,43d5dd5aa6be3b0638b5af83976e61a214bd9c37,False,True,survivorship-biased exploratory evidence; not Formal Candidate,7011.T,"Mitsubishi Heavy Industries, Ltd.",Machinery,2013-04-04,90
0f6c05bff4831033,tgs_stable_v2_universe_lab,U15,43d5dd5aa6be3b0638b5af83976e61a214bd9c37,False,True,survivorship-biased exploratory evidence; not Formal Candidate,6273.T,SMC Corporation,Machinery,2013-04-05,90
0f6c05bff4831033,tgs_stable_v2_universe_lab,U15,43d5dd5aa6be3b0638b5af83976e61a214bd9c37,False,True,survivorship-biased exploratory evidence; not Formal Candidate,6367.T,"Daikin Industries, Ltd.",Machinery,2013-04-05,90
0f6c05bff4831033,tgs_stable_v2_universe_lab,U15,43d5dd5aa6be3b0638b5af83976e61a214bd9c37,False,True,survivorship-biased exploratory evidence; not Formal Candidate,8001.T,Itochu Corp.,Trading companies,2013-04-05,90
0f6c05bff4831033,tgs_stable_v2_universe_lab,U15,43d5dd5aa6be3b0638b5af83976e61a214bd9c37,False,True,survivorship-biased exploratory evidence; not Formal Candidate,8015.T,Toyota Tsusho Corp.,Trading companies,2013-04-05,90
0f6c05bff4831033,tgs_stable_v2_universe_lab,U15,43d5dd5aa6be3b0638b5af83976e61a214bd9c37,False,True,survivorship-biased exploratory evidence; not Formal Candidate,8001.T,Itochu Corp.,Trading companies,2013-04-10,90
0f6c05bff4831033,tgs_stable_v2_universe_lab,U15,43d5dd5aa6be3b0638b5af83976e61a214bd9c37,False,True,survivorship-biased exploratory evidence; not Formal Candidate,8053.T,Sumitomo Corp.,Trading companies,2013-04-10,90
0f6c05bff4831033,tgs_stable_v2_universe_lab,U15,43d5dd5aa6be3b0638b5af83976e61a214bd9c37,False,True,survivorship-biased exploratory evidence; not Formal Candidate,6273.T,SMC Corporation,Machinery,2013-04-18,90
0f6c05bff4831033,tgs_stable_v2_universe_lab,U15,43d5dd5aa6be3b0638b5af83976e61a214bd9c37,False,True,survivorship-biased exploratory evidence; not Formal Candidate,6301.T,Komatsu Ltd.,Machinery,2013-04-19,100
0f6c05bff4831033,tgs_stable_v2_universe_lab,U15,43d5dd5aa6be3b0638b5af83976e61a214bd9c37,False,True,survivorship-biased exploratory evidence; not Formal Candidate,6301.T,Komatsu Ltd.,Machinery,2013-04-22,100
0f6c05bff4831033,tgs_stable_v2_universe_lab,U15,43d5dd5aa6be3b0638b5af83976e61a214bd9c37,False,True,survivorship-biased exploratory evidence; not Formal Candidate,6301.T,Komatsu Ltd.,Machinery,2013-04-23,100
0f6c05bff4831033,tgs_stable_v2_universe_lab,U15,43d5dd5aa6be3b0638b5af83976e61a214bd9c37,False,True,survivorship-biased exploratory evidence; not Formal Candidate,8015.T,Toyota Tsusho Corp.,Trading companies,2013-05-02,100
0f6c05bff4831033,tgs_stable_v2_universe_lab,U15,43d5dd5aa6be3b0638b5af83976e61a214bd9c37,False,True,survivorship-biased exploratory evidence; not Formal Candidate,6273.T,SMC Corporation,Machinery,2013-05-07,90
0f6c05bff4831033,tgs_stable_v2_universe_lab,U15,43d5dd5aa6be3b0638b5af83976e61a214bd9c37,False,True,survivorship-biased exploratory evidence; not Formal Candidate,8053.T,Sumitomo Corp.,Trading companies,2013-05-07,90
0f6c05bff4831033,tgs_stable_v2_universe_lab,U15,43d5dd5aa6be3b0638b5af83976e61a214bd9c37,False,True,survivorship-biased exploratory evidence; not Formal Candidate,6273.T,SMC Corporation,Machinery,2013-05-08,90
0f6c05bff4831033,tgs_stable_v2_universe_lab,U15,43d5dd5aa6be3b0638b5af83976e61a214bd9c37,False,True,survivorship-biased exploratory evidence; not Formal Candidate,8802.T,"Mitsubishi Estate Co., Ltd.",Real estate,2013-05-09,90
0f6c05bff4831033,tgs_stable_v2_universe_lab,U15,43d5dd5aa6be3b0638b5af83976e61a214bd9c37,False,True,survivorship-biased exploratory evidence; not Formal Candidate,5802.T,"Sumitomo Electric Industries, Ltd.",Nonferrous metals,2013-05-23,90
0f6c05bff4831033,tgs_stable_v2_universe_lab,U15,43d5dd5aa6be3b0638b5af83976e61a214bd9c37,False,True,survivorship-biased exploratory evidence; not Formal Candidate,5803.T,Fujikura Ltd.,Nonferrous metals,2013-05-23,90
0f6c05bff4831033,tgs_stable_v2_universe_lab,U15,43d5dd5aa6be3b0638b5af83976e61a214bd9c37,False,True,survivorship-biased exploratory evidence; not Formal Candidate,6301.T,Komatsu Ltd.,Machinery,2013-05-23,90
0f6c05bff4831033,tgs_stable_v2_universe_lab,U15,43d5dd5aa6be3b0638b5af83976e61a214bd9c37,False,True,survivorship-biased exploratory evidence; not Formal Candidate,6367.T,"Daikin Industries, Ltd.",Machinery,2013-05-23,90
0f6c05bff4831033,tgs_stable_v2_universe_lab,U15,43d5dd5aa6be3b0638b5af83976e61a214bd9c37,False,True,survivorship-biased exploratory evidence; not Formal Candidate,7011.T,"Mitsubishi Heavy Industries, Ltd.",Machinery,2013-05-23,90
0f6c05bff4831033,tgs_stable_v2_universe_lab,U15,43d5dd5aa6be3b0638b5af83976e61a214bd9c37,False,True,survivorship-biased exploratory evidence; not Formal Candidate,8001.T,Itochu Corp.,Trading companies,2013-05-23,90
0f6c05bff4831033,tgs_stable_v2_universe_lab,U15,43d5dd5aa6be3b0638b5af83976e61a214bd9c37,False,True,survivorship-biased exploratory evidence; not Formal Candidate,8015.T,Toyota Tsusho Corp.,Trading companies,2013-05-23,90
0f6c05bff4831033,tgs_stable_v2_universe_lab,U15,43d5dd5aa6be3b0638b5af83976e61a214bd9c37,False,True,survivorship-biased exploratory evidence; not Formal Candidate,8053.T,Sumitomo Corp.,Trading companies,2013-05-23,90
0f6c05bff4831033,tgs_stable_v2_universe_lab,U15,43d5dd5aa6be3b0638b5af83976e61a214bd9c37,False,True,survivorship-biased exploratory evidence; not Formal Candidate,5802.T,"Sumitomo Electric Industries, Ltd.",Nonferrous metals,2013-05-24,90
0f6c05bff4831033,tgs_stable_v2_universe_lab,U15,43d5dd5aa6be3b0638b5af83976e61a214bd9c37,False,True,survivorship-biased exploratory evidence; not Formal Candidate,6367.T,"Daikin Industries, Ltd.",Machinery,2013-05-24,90
0f6c05bff4831033,tgs_stable_v2_universe_lab,U15,43d5dd5aa6be3b0638b5af83976e61a214bd9c37,False,True,survivorship-biased exploratory evidence; not Formal Candidate,8002.T,Marubeni Corp.,Trading companies,2013-05-24,120
0f6c05bff4831033,tgs_stable_v2_universe_lab,U15,43d5dd5aa6be3b0638b5af83976e61a214bd9c37,False,True,survivorship-biased exploratory evidence; not Formal Candidate,8015.T,Toyota Tsusho Corp.,Trading companies,2013-05-24,90
0f6c05bff4831033,tgs_stable_v2_universe_lab,U15,43d5dd5aa6be3b0638b5af83976e61a214bd9c37,False,True,survivorship-biased exploratory evidence; not Formal Candidate,8031.T,"Mitsui & Co., Ltd.",Trading companies,2013-05-24,120
0f6c05bff4831033,tgs_stable_v2_universe_lab,U15,43d5dd5aa6be3b0638b5af83976e61a214bd9c37,False,True,survivorship-biased exploratory evidence; not Formal Candidate,8058.T,Mitsubishi Corp.,Trading companies,2013-05-24,120
0f6c05bff4831033,tgs_stable_v2_universe_lab,U15,43d5dd5aa6be3b0638b5af83976e61a214bd9c37,False,True,survivorship-biased exploratory evidence; not Formal Candidate,8801.T,"Mitsui Fudosan Co., Ltd.",Real estate,2013-05-24,90
0f6c05bff4831033,tgs_stable_v2_universe_lab,U15,43d5dd5aa6be3b0638b5af83976e61a214bd9c37,False,True,survivorship-biased exploratory evidence; not Formal Candidate,8002.T,Marubeni Corp.,Trading companies,2013-05-27,100
0f6c05bff4831033,tgs_stable_v2_universe_lab,U15,43d5dd5aa6be3b0638b5af83976e61a214bd9c37,False,True,survivorship-biased exploratory evidence; not Formal Candidate,8031.T,"Mitsui & Co., Ltd.",Trading companies,2013-05-27,100
0f6c05bff4831033,tgs_stable_v2_universe_lab,U15,43d5dd5aa6be3b0638b5af83976e61a214bd9c37,False,True,survivorship-biased exploratory evidence; not Formal Candidate,8058.T,Mitsubishi Corp.,Trading companies,2013-05-27,100
0f6c05bff4831033,tgs_stable_v2_universe_lab,U15,43d5dd5aa6be3b0638b5af83976e61a214bd9c37,False,True,survivorship-biased exploratory evidence; not Formal Candidate,6273.T,SMC Corporation,Machinery,2013-05-28,90
0f6c05bff4831033,tgs_stable_v2_universe_lab,U15,43d5dd5aa6be3b0638b5af83976e61a214bd9c37,False,True,survivorship-biased exploratory evidence; not Formal Candidate,8002.T,Marubeni Corp.,Trading companies,2013-05-28,100
0f6c05bff4831033,tgs_stable_v2_universe_lab,U15,43d5dd5aa6be3b0638b5af83976e61a214bd9c37,False,True,survivorship-biased exploratory evidence; not Formal Candidate,8031.T,"Mitsui & Co., Ltd.",Trading companies,2013-05-28,100
0f6c05bff4831033,tgs_stable_v2_universe_lab,U15,43d5dd5aa6be3b0638b5af83976e61a214bd9c37,False,True,survivorship-biased exploratory evidence; not Formal Candidate,8058.T,Mitsubishi Corp.,Trading companies,2013-05-28,100
0f6c05bff4831033,tgs_stable_v2_universe_lab,U15,43d5dd5aa6be3b0638b5af83976e61a214bd9c37,False,True,survivorship-biased exploratory evidence; not Formal Candidate,8002.T,Marubeni Corp.,Trading companies,2013-05-29,100
0f6c05bff4831033,tgs_stable_v2_universe_lab,U15,43d5dd5aa6be3b0638b5af83976e61a214bd9c37,False,True,survivorship-biased exploratory evidence; not Formal Candidate,8031.T,"Mitsui & Co., Ltd.",Trading companies,2013-05-29,100
0f6c05bff4831033,tgs_stable_v2_universe_lab,U15,43d5dd5aa6be3b0638b5af83976e61a214bd9c37,False,True,survivorship-biased exploratory evidence; not Formal Candidate,8058.T,Mitsubishi Corp.,Trading companies,2013-05-29,100
0f6c05bff4831033,tgs_stable_v2_universe_lab,U15,43d5dd5aa6be3b0638b5af83976e61a214bd9c37,False,True,survivorship-biased exploratory evidence; not Formal Candidate,8002.T,Marubeni Corp.,Trading companies,2013-05-30,100
0f6c05bff4831033,tgs_stable_v2_universe_lab,U15,43d5dd5aa6be3b0638b5af83976e61a214bd9c37,False,True,survivorship-biased exploratory evidence; not Formal Candidate,8031.T,"Mitsui & Co., Ltd.",Trading companies,2013-05-30,100
0f6c05bff4831033,tgs_stable_v2_universe_lab,U15,43d5dd5aa6be3b0638b5af83976e61a214bd9c37,False,True,survivorship-biased exploratory evidence; not Formal Candidate,8058.T,Mitsubishi Corp.,Trading companies,2013-05-30,100
0f6c05bff4831033,tgs_stable_v2_universe_lab,U15,43d5dd5aa6be3b0638b5af83976e61a214bd9c37,False,True,survivorship-biased exploratory evidence; not Formal Candidate,6273.T,SMC Corporation,Machinery,2013-06-03,90
0f6c05bff4831033,tgs_stable_v2_universe_lab,U15,43d5dd5aa6be3b0638b5af83976e61a214bd9c37,False,True,survivorship-biased exploratory evidence; not Formal Candidate,6273.T,SMC Corporation,Machinery,2013-06-05,90
0f6c05bff4831033,tgs_stable_v2_universe_lab,U15,43d5dd5aa6be3b0638b5af83976e61a214bd9c37,False,True,survivorship-biased exploratory evidence; not Formal Candidate,6273.T,SMC Corporation,Machinery,2013-06-07,90
0f6c05bff4831033,tgs_stable_v2_universe_lab,U15,43d5dd5aa6be3b0638b5af83976e61a214bd9c37,False,True,survivorship-biased exploratory evidence; not Formal Candidate,6367.T,"Daikin Industries, Ltd.",Machinery,2013-06-14,90
0f6c05bff4831033,tgs_stable_v2_universe_lab,U15,43d5dd5aa6be3b0638b5af83976e61a214bd9c37,False,True,survivorship-biased exploratory evidence; not Formal Candidate,8053.T,Sumitomo Corp.,Trading companies,2013-07-19,100
0f6c05bff4831033,tgs_stable_v2_universe_lab,U15,43d5dd5aa6be3b0638b5af83976e61a214bd9c37,False,True,survivorship-biased exploratory evidence; not Formal Candidate,8053.T,Sumitomo Corp.,Trading companies,2013-07-22,100
0f6c05bff4831033,tgs_stable_v2_universe_lab,U15,43d5dd5aa6be3b0638b5af83976e61a214bd9c37,False,True,survivorship-biased exploratory evidence; not Formal Candidate,8053.T,Sumitomo Corp.,Trading companies,2013-07-23,100
0f6c05bff4831033,tgs_stable_v2_universe_lab,U15,43d5dd5aa6be3b0638b5af83976e61a214bd9c37,False,True,survivorship-biased exploratory evidence; not Formal Candidate,8053.T,Sumitomo Corp.,Trading companies,2013-07-25,100
0f6c05bff4831033,tgs_stable_v2_universe_lab,U15,43d5dd5aa6be3b0638b5af83976e61a214bd9c37,False,True,survivorship-biased exploratory evidence; not Formal Candidate,8053.T,Sumitomo Corp.,Trading companies,2013-07-31,90
0f6c05bff4831033,tgs_stable_v2_universe_lab,U15,43d5dd5aa6be3b0638b5af83976e61a214bd9c37,False,True,survivorship-biased exploratory evidence; not Formal Candidate,5802.T,"Sumitomo Electric Industries, Ltd.",Nonferrous metals,2013-08-02,100
0f6c05bff4831033,tgs_stable_v2_universe_lab,U15,43d5dd5aa6be3b0638b5af83976e61a214bd9c37,False,True,survivorship-biased exploratory evidence; not Formal Candidate,8031.T,"Mitsui & Co., Ltd.",Trading companies,2013-08-02,100
0f6c05bff4831033,tgs_stable_v2_universe_lab,U15,43d5dd5aa6be3b0638b5af83976e61a214bd9c37,False,True,survivorship-biased exploratory evidence; not Formal Candidate,5802.T,"Sumitomo Electric Industries, Ltd.",Nonferrous metals,2013-08-05,100
0f6c05bff4831033,tgs_stable_v2_universe_lab,U15,43d5dd5aa6be3b0638b5af83976e61a214bd9c37,False,True,survivorship-biased exploratory evidence; not Formal Candidate,8031.T,"Mitsui & Co., Ltd.",Trading companies,2013-08-05,100
0f6c05bff4831033,tgs_stable_v2_universe_lab,U15,43d5dd5aa6be3b0638b5af83976e61a214bd9c37,False,True,survivorship-biased exploratory evidence; not Formal Candidate,5802.T,"Sumitomo Electric Industries, Ltd.",Nonferrous metals,2013-08-06,100
0f6c05bff4831033,tgs_stable_v2_universe_lab,U15,43d5dd5aa6be3b0638b5af83976e61a214bd9c37,False,True,survivorship-biased exploratory evidence; not Formal Candidate,5802.T,"Sumitomo Electric Industries, Ltd.",Nonferrous metals,2013-08-07,100
0f6c05bff4831033,tgs_stable_v2_universe_lab,U15,43d5dd5aa6be3b0638b5af83976e61a214bd9c37,False,True,survivorship-biased exploratory evidence; not Formal Candidate,8031.T,"Mitsui & Co., Ltd.",Trading companies,2013-08-07,100
0f6c05bff4831033,tgs_stable_v2_universe_lab,U15,43d5dd5aa6be3b0638b5af83976e61a214bd9c37,False,True,survivorship-biased exploratory evidence; not Formal Candidate,5802.T,"Sumitomo Electric Industries, Ltd.",Nonferrous metals,2013-08-08,100
0f6c05bff4831033,tgs_stable_v2_universe_lab,U15,43d5dd5aa6be3b0638b5af83976e61a214bd9c37,False,True,survivorship-biased exploratory evidence; not Formal Candidate,8031.T,"Mitsui & Co., Ltd.",Trading companies,2013-08-08,100
0f6c05bff4831033,tgs_stable_v2_universe_lab,U15,43d5dd5aa6be3b0638b5af83976e61a214bd9c37,False,True,survivorship-biased exploratory evidence; not Formal Candidate,5802.T,"Sumitomo Electric Industries, Ltd.",Nonferrous metals,2013-08-16,100
0f6c05bff4831033,tgs_stable_v2_universe_lab,U15,43d5dd5aa6be3b0638b5af83976e61a214bd9c37,False,True,survivorship-biased exploratory evidence; not Formal Candidate,5802.T,"Sumitomo Electric Industries, Ltd.",Nonferrous metals,2013-08-19,100
0f6c05bff4831033,tgs_stable_v2_universe_lab,U15,43d5dd5aa6be3b0638b5af83976e61a214bd9c37,False,True,survivorship-biased exploratory evidence; not Formal Candidate,5802.T,"Sumitomo Electric Industries, Ltd.",Nonferrous metals,2013-08-20,100
0f6c05bff4831033,tgs_stable_v2_universe_lab,U15,43d5dd5aa6be3b0638b5af83976e61a214bd9c37,False,True,survivorship-biased exploratory evidence; not Formal Candidate,5802.T,"Sumitomo Electric Industries, Ltd.",Nonferrous metals,2013-08-21,100
0f6c05bff4831033,tgs_stable_v2_universe_lab,U15,43d5dd5aa6be3b0638b5af83976e61a214bd9c37,False,True,survivorship-biased exploratory evidence; not Formal Candidate,5802.T,"Sumitomo Electric Industries, Ltd.",Nonferrous metals,2013-08-22,100
0f6c05bff4831033,tgs_stable_v2_universe_lab,U15,43d5dd5aa6be3b0638b5af83976e61a214bd9c37,False,True,survivorship-biased exploratory evidence; not Formal Candidate,8002.T,Marubeni Corp.,Trading companies,2013-08-23,100
0f6c05bff4831033,tgs_stable_v2_universe_lab,U15,43d5dd5aa6be3b0638b5af83976e61a214bd9c37,False,True,survivorship-biased exploratory evidence; not Formal Candidate,8002.T,Marubeni Corp.,Trading companies,2013-08-26,100
0f6c05bff4831033,tgs_stable_v2_universe_lab,U15,43d5dd5aa6be3b0638b5af83976e61a214bd9c37,False,True,survivorship-biased exploratory evidence; not Formal Candidate,8002.T,Marubeni Corp.,Trading companies,2013-08-27,100
0f6c05bff4831033,tgs_stable_v2_universe_lab,U15,43d5dd5aa6be3b0638b5af83976e61a214bd9c37,False,True,survivorship-biased exploratory evidence; not Formal Candidate,8002.T,Marubeni Corp.,Trading companies,2013-08-28,100
0f6c05bff4831033,tgs_stable_v2_universe_lab,U15,43d5dd5aa6be3b0638b5af83976e61a214bd9c37,False,True,survivorship-biased exploratory evidence; not Formal Candidate,8002.T,Marubeni Corp.,Trading companies,2013-08-29,100
0f6c05bff4831033,tgs_stable_v2_universe_lab,U15,43d5dd5aa6be3b0638b5af83976e61a214bd9c37,False,True,survivorship-biased exploratory evidence; not Formal Candidate,5802.T,"Sumitomo Electric Industries, Ltd.",Nonferrous metals,2013-09-13,120
0f6c05bff4831033,tgs_stable_v2_universe_lab,U15,43d5dd5aa6be3b0638b5af83976e61a214bd9c37,False,True,survivorship-biased exploratory evidence; not Formal Candidate,6367.T,"Daikin Industries, Ltd.",Machinery,2013-09-13,100
0f6c05bff4831033,tgs_stable_v2_universe_lab,U15,43d5dd5aa6be3b0638b5af83976e61a214bd9c37,False,True,survivorship-biased exploratory evidence; not Formal Candidate,5802.T,"Sumitomo Electric Industries, Ltd.",Nonferrous metals,2013-09-17,100
0f6c05bff4831033,tgs_stable_v2_universe_lab,U15,43d5dd5aa6be3b0638b5af83976e61a214bd9c37,False,True,survivorship-biased exploratory evidence; not Formal Candidate,5802.T,"Sumitomo Electric Industries, Ltd.",Nonferrous metals,2013-09-18,100
0f6c05bff4831033,tgs_stable_v2_universe_lab,U15,43d5dd5aa6be3b0638b5af83976e61a214bd9c37,False,True,survivorship-biased exploratory evidence; not Formal Candidate,8801.T,"Mitsui Fudosan Co., Ltd.",Real estate,2013-09-20,100
0f6c05bff4831033,tgs_stable_v2_universe_lab,U15,43d5dd5aa6be3b0638b5af83976e61a214bd9c37,False,True,survivorship-biased exploratory evidence; not Formal Candidate,8802.T,"Mitsubishi Estate Co., Ltd.",Real estate,2013-09-20,100
0f6c05bff4831033,tgs_stable_v2_universe_lab,U15,43d5dd5aa6be3b0638b5af83976e61a214bd9c37,False,True,survivorship-biased exploratory evidence; not Formal Candidate,8801.T,"Mitsui Fudosan Co., Ltd.",Real estate,2013-09-24,100
0f6c05bff4831033,tgs_stable_v2_universe_lab,U15,43d5dd5aa6be3b0638b5af83976e61a214bd9c37,False,True,survivorship-biased exploratory evidence; not Formal Candidate,6301.T,Komatsu Ltd.,Machinery,2013-09-25,100
0f6c05bff4831033,tgs_stable_v2_universe_lab,U15,43d5dd5aa6be3b0638b5af83976e61a214bd9c37,False,True,survivorship-biased exploratory evidence; not Formal Candidate,8801.T,"Mitsui Fudosan Co., Ltd.",Real estate,2013-09-25,100
0f6c05bff4831033,tgs_stable_v2_universe_lab,U15,43d5dd5aa6be3b0638b5af83976e61a214bd9c37,False,True,survivorship-biased exploratory evidence; not Formal Candidate,6273.T,SMC Corporation,Machinery,2013-09-26,100
0f6c05bff4831033,tgs_stable_v2_universe_lab,U15,43d5dd5aa6be3b0638b5af83976e61a214bd9c37,False,True,survivorship-biased exploratory evidence; not Formal Candidate,6301.T,Komatsu Ltd.,Machinery,2013-09-26,100
0f6c05bff4831033,tgs_stable_v2_universe_lab,U15,43d5dd5aa6be3b0638b5af83976e61a214bd9c37,False,True,survivorship-biased exploratory evidence; not Formal Candidate,8801.T,"Mitsui Fudosan Co., Ltd.",Real estate,2013-09-26,100
0f6c05bff4831033,tgs_stable_v2_universe_lab,U15,43d5dd5aa6be3b0638b5af83976e61a214bd9c37,False,True,survivorship-biased exploratory evidence; not Formal Candidate,8802.T,"Mitsubishi Estate Co., Ltd.",Real estate,2013-09-26,100
0f6c05bff4831033,tgs_stable_v2_universe_lab,U15,43d5dd5aa6be3b0638b5af83976e61a214bd9c37,False,True,survivorship-biased exploratory evidence; not Formal Candidate,8053.T,Sumitomo Corp.,Trading companies,2013-09-27,100
0f6c05bff4831033,tgs_stable_v2_universe_lab,U15,43d5dd5aa6be3b0638b5af83976e61a214bd9c37,False,True,survivorship-biased exploratory evidence; not Formal Candidate,8053.T,Sumitomo Corp.,Trading companies,2013-09-30,100
0f6c05bff4831033,tgs_stable_v2_universe_lab,U15,43d5dd5aa6be3b0638b5af83976e61a214bd9c37,False,True,survivorship-biased exploratory evidence; not Formal Candidate,8053.T,Sumitomo Corp.,Trading companies,2013-10-01,100
0f6c05bff4831033,tgs_stable_v2_universe_lab,U15,43d5dd5aa6be3b0638b5af83976e61a214bd9c37,False,True,survivorship-biased exploratory evidence; not Formal Candidate,5802.T,"Sumitomo Electric Industries, Ltd.",Nonferrous metals,2013-10-02,90
0f6c05bff4831033,tgs_stable_v2_universe_lab,U15,43d5dd5aa6be3b0638b5af83976e61a214bd9c37,False,True,survivorship-biased exploratory evidence; not Formal Candidate,8053.T,Sumitomo Corp.,Trading companies,2013-10-02,100
0f6c05bff4831033,tgs_stable_v2_universe_lab,U15,43d5dd5aa6be3b0638b5af83976e61a214bd9c37,False,True,survivorship-biased exploratory evidence; not Formal Candidate,6367.T,"Daikin Industries, Ltd.",Machinery,2013-10-03,90
0f6c05bff4831033,tgs_stable_v2_universe_lab,U15,43d5dd5aa6be3b0638b5af83976e61a214bd9c37,False,True,survivorship-biased exploratory evidence; not Formal Candidate,8053.T,Sumitomo Corp.,Trading companies,2013-10-03,100
0f6c05bff4831033,tgs_stable_v2_universe_lab,U15,43d5dd5aa6be3b0638b5af83976e61a214bd9c37,False,True,survivorship-biased exploratory evidence; not Formal Candidate,5803.T,Fujikura Ltd.,Nonferrous metals,2013-10-04,100
0f6c05bff4831033,tgs_stable_v2_universe_lab,U15,43d5dd5aa6be3b0638b5af83976e61a214bd9c37,False,True,survivorship-biased exploratory evidence; not Formal Candidate,5803.T,Fujikura Ltd.,Nonferrous metals,2013-10-07,100
0f6c05bff4831033,tgs_stable_v2_universe_lab,U15,43d5dd5aa6be3b0638b5af83976e61a214bd9c37,False,True,survivorship-biased exploratory evidence; not Formal Candidate,6273.T,SMC Corporation,Machinery,2013-10-07,90
0f6c05bff4831033,tgs_stable_v2_universe_lab,U15,43d5dd5aa6be3b0638b5af83976e61a214bd9c37,False,True,survivorship-biased exploratory evidence; not Formal Candidate,5803.T,Fujikura Ltd.,Nonferrous metals,2013-10-08,100
0f6c05bff4831033,tgs_stable_v2_universe_lab,U15,43d5dd5aa6be3b0638b5af83976e61a214bd9c37,False,True,survivorship-biased exploratory evidence; not Formal Candidate,6273.T,SMC Corporation,Machinery,2013-10-08,90
0f6c05bff4831033,tgs_stable_v2_universe_lab,U15,43d5dd5aa6be3b0638b5af83976e61a214bd9c37,False,True,survivorship-biased exploratory evidence; not Formal Candidate,5803.T,Fujikura Ltd.,Nonferrous metals,2013-10-09,100
0f6c05bff4831033,tgs_stable_v2_universe_lab,U15,43d5dd5aa6be3b0638b5af83976e61a214bd9c37,False,True,survivorship-biased exploratory evidence; not Formal Candidate,5803.T,Fujikura Ltd.,Nonferrous metals,2013-10-10,100
0f6c05bff4831033,tgs_stable_v2_universe_lab,U15,43d5dd5aa6be3b0638b5af83976e61a214bd9c37,False,True,survivorship-biased exploratory evidence; not Formal Candidate,5802.T,"Sumitomo Electric Industries, Ltd.",Nonferrous metals,2013-10-23,90
0f6c05bff4831033,tgs_stable_v2_universe_lab,U15,43d5dd5aa6be3b0638b5af83976e61a214bd9c37,False,True,survivorship-biased exploratory evidence; not Formal Candidate,5803.T,Fujikura Ltd.,Nonferrous metals,2013-10-23,90
0f6c05bff4831033,tgs_stable_v2_universe_lab,U15,43d5dd5aa6be3b0638b5af83976e61a214bd9c37,False,True,survivorship-biased exploratory evidence; not Formal Candidate,5803.T,Fujikura Ltd.,Nonferrous metals,2013-10-25,90
0f6c05bff4831033,tgs_stable_v2_universe_lab,U15,43d5dd5aa6be3b0638b5af83976e61a214bd9c37,False,True,survivorship-biased exploratory evidence; not Formal Candidate,7011.T,"Mitsubishi Heavy Industries, Ltd.",Machinery,2013-10-25,120
0f6c05bff4831033,tgs_stable_v2_universe_lab,U15,43d5dd5aa6be3b0638b5af83976e61a214bd9c37,False,True,survivorship-biased exploratory evidence; not Formal Candidate,7011.T,"Mitsubishi Heavy Industries, Ltd.",Machinery,2013-10-29,100
0f6c05bff4831033,tgs_stable_v2_universe_lab,U15,43d5dd5aa6be3b0638b5af83976e61a214bd9c37,False,True,survivorship-biased exploratory evidence; not Formal Candidate,5802.T,"Sumitomo Electric Industries, Ltd.",Nonferrous metals,2013-10-30,90
0f6c05bff4831033,tgs_stable_v2_universe_lab,U15,43d5dd5aa6be3b0638b5af83976e61a214bd9c37,False,True,survivorship-biased exploratory evidence; not Formal Candidate,7011.T,"Mitsubishi Heavy Industries, Ltd.",Machinery,2013-10-30,100
0f6c05bff4831033,tgs_stable_v2_universe_lab,U15,43d5dd5aa6be3b0638b5af83976e61a214bd9c37,False,True,survivorship-biased exploratory evidence; not Formal Candidate,8031.T,"Mitsui & Co., Ltd.",Trading companies,2013-10-30,90
0f6c05bff4831033,tgs_stable_v2_universe_lab,U15,43d5dd5aa6be3b0638b5af83976e61a214bd9c37,False,True,survivorship-biased exploratory evidence; not Formal Candidate,7011.T,"Mitsubishi Heavy Industries, Ltd.",Machinery,2013-10-31,100
0f6c05bff4831033,tgs_stable_v2_universe_lab,U15,43d5dd5aa6be3b0638b5af83976e61a214bd9c37,False,True,survivorship-biased exploratory evidence; not Formal Candidate,6367.T,"Daikin Industries, Ltd.",Machinery,2013-11-07,90
0f6c05bff4831033,tgs_stable_v2_universe_lab,U15,43d5dd5aa6be3b0638b5af83976e61a214bd9c37,False,True,survivorship-biased exploratory evidence; not Formal Candidate,5801.T,"The Furukawa Electric Co., Ltd.",Nonferrous metals,2013-11-11,90
0f6c05bff4831033,tgs_stable_v2_universe_lab,U15,43d5dd5aa6be3b0638b5af83976e61a214bd9c37,False,True,survivorship-biased exploratory evidence; not Formal Candidate,8058.T,Mitsubishi Corp.,Trading companies,2013-11-15,90
0f6c05bff4831033,tgs_stable_v2_universe_lab,U15,43d5dd5aa6be3b0638b5af83976e61a214bd9c37,False,True,survivorship-biased exploratory evidence; not Formal Candidate,5802.T,"Sumitomo Electric Industries, Ltd.",Nonferrous metals,2013-11-18,100
0f6c05bff4831033,tgs_stable_v2_universe_lab,U15,43d5dd5aa6be3b0638b5af83976e61a214bd9c37,False,True,survivorship-biased exploratory evidence; not Formal Candidate,5802.T,"Sumitomo Electric Industries, Ltd.",Nonferrous metals,2013-11-19,100
0f6c05bff4831033,tgs_stable_v2_universe_lab,U15,43d5dd5aa6be3b0638b5af83976e61a214bd9c37,False,True,survivorship-biased exploratory evidence; not Formal Candidate,5802.T,"Sumitomo Electric Industries, Ltd.",Nonferrous metals,2013-11-20,100
0f6c05bff4831033,tgs_stable_v2_universe_lab,U15,43d5dd5aa6be3b0638b5af83976e61a214bd9c37,False,True,survivorship-biased exploratory evidence; not Formal Candidate,8058.T,Mitsubishi Corp.,Trading companies,2013-11-22,90
0f6c05bff4831033,tgs_stable_v2_universe_lab,U15,43d5dd5aa6be3b0638b5af83976e61a214bd9c37,False,True,survivorship-biased exploratory evidence; not Formal Candidate,8001.T,Itochu Corp.,Trading companies,2013-11-27,100
0f6c05bff4831033,tgs_stable_v2_universe_lab,U15,43d5dd5aa6be3b0638b5af83976e61a214bd9c37,False,True,survivorship-biased exploratory evidence; not Formal Candidate,8001.T,Itochu Corp.,Trading companies,2013-11-28,100
0f6c05bff4831033,tgs_stable_v2_universe_lab,U15,43d5dd5aa6be3b0638b5af83976e61a214bd9c37,False,True,survivorship-biased exploratory evidence; not Formal Candidate,8058.T,Mitsubishi Corp.,Trading companies,2013-11-29,90
0f6c05bff4831033,tgs_stable_v2_universe_lab,U15,43d5dd5aa6be3b0638b5af83976e61a214bd9c37,False,True,survivorship-biased exploratory evidence; not Formal Candidate,6273.T,SMC Corporation,Machinery,2013-12-02,100
0f6c05bff4831033,tgs_stable_v2_universe_lab,U15,43d5dd5aa6be3b0638b5af83976e61a214bd9c37,False,True,survivorship-biased exploratory evidence; not Formal Candidate,6273.T,SMC Corporation,Machinery,2013-12-04,100
0f6c05bff4831033,tgs_stable_v2_universe_lab,U15,43d5dd5aa6be3b0638b5af83976e61a214bd9c37,False,True,survivorship-biased exploratory evidence; not Formal Candidate,6273.T,SMC Corporation,Machinery,2013-12-05,100
0f6c05bff4831033,tgs_stable_v2_universe_lab,U15,43d5dd5aa6be3b0638b5af83976e61a214bd9c37,False,True,survivorship-biased exploratory evidence; not Formal Candidate,5803.T,Fujikura Ltd.,Nonferrous metals,2013-12-13,90
0f6c05bff4831033,tgs_stable_v2_universe_lab,U15,43d5dd5aa6be3b0638b5af83976e61a214bd9c37,False,True,survivorship-biased exploratory evidence; not Formal Candidate,6273.T,SMC Corporation,Machinery,2013-12-13,90
0f6c05bff4831033,tgs_stable_v2_universe_lab,U15,43d5dd5aa6be3b0638b5af83976e61a214bd9c37,False,True,survivorship-biased exploratory evidence; not Formal Candidate,6367.T,"Daikin Industries, Ltd.",Machinery,2013-12-13,90
0f6c05bff4831033,tgs_stable_v2_universe_lab,U15,43d5dd5aa6be3b0638b5af83976e61a214bd9c37,False,True,survivorship-biased exploratory evidence; not Formal Candidate,8001.T,Itochu Corp.,Trading companies,2013-12-13,90
0f6c05bff4831033,tgs_stable_v2_universe_lab,U15,43d5dd5aa6be3b0638b5af83976e61a214bd9c37,False,True,survivorship-biased exploratory evidence; not Formal Candidate,5803.T,Fujikura Ltd.,Nonferrous metals,2014-01-07,90
0f6c05bff4831033,tgs_stable_v2_universe_lab,U15,43d5dd5aa6be3b0638b5af83976e61a214bd9c37,False,True,survivorship-biased exploratory evidence; not Formal Candidate,8031.T,"Mitsui & Co., Ltd.",Trading companies,2014-01-07,100
0f6c05bff4831033,tgs_stable_v2_universe_lab,U15,43d5dd5aa6be3b0638b5af83976e61a214bd9c37,False,True,survivorship-biased exploratory evidence; not Formal Candidate,5803.T,Fujikura Ltd.,Nonferrous metals,2014-01-08,90
0f6c05bff4831033,tgs_stable_v2_universe_lab,U15,43d5dd5aa6be3b0638b5af83976e61a214bd9c37,False,True,survivorship-biased exploratory evidence; not Formal Candidate,5803.T,Fujikura Ltd.,Nonferrous metals,2014-01-10,90
0f6c05bff4831033,tgs_stable_v2_universe_lab,U15,43d5dd5aa6be3b0638b5af83976e61a214bd9c37,False,True,survivorship-biased exploratory evidence; not Formal Candidate,8053.T,Sumitomo Corp.,Trading companies,2014-01-10,100
0f6c05bff4831033,tgs_stable_v2_universe_lab,U15,43d5dd5aa6be3b0638b5af83976e61a214bd9c37,False,True,survivorship-biased exploratory evidence; not Formal Candidate,8053.T,Sumitomo Corp.,Trading companies,2014-01-14,100
0f6c05bff4831033,tgs_stable_v2_universe_lab,U15,43d5dd5aa6be3b0638b5af83976e61a214bd9c37,False,True,survivorship-biased exploratory evidence; not Formal Candidate,8053.T,Sumitomo Corp.,Trading companies,2014-01-15,100
0f6c05bff4831033,tgs_stable_v2_universe_lab,U15,43d5dd5aa6be3b0638b5af83976e61a214bd9c37,False,True,survivorship-biased exploratory evidence; not Formal Candidate,8053.T,Sumitomo Corp.,Trading companies,2014-01-16,100
0f6c05bff4831033,tgs_stable_v2_universe_lab,U15,43d5dd5aa6be3b0638b5af83976e61a214bd9c37,False,True,survivorship-biased exploratory evidence; not Formal Candidate,5801.T,"The Furukawa Electric Co., Ltd.",Nonferrous metals,2014-01-23,90
0f6c05bff4831033,tgs_stable_v2_universe_lab,U15,43d5dd5aa6be3b0638b5af83976e61a214bd9c37,False,True,survivorship-biased exploratory evidence; not Formal Candidate,5801.T,"The Furukawa Electric Co., Ltd.",Nonferrous metals,2014-01-24,90
0f6c05bff4831033,tgs_stable_v2_universe_lab,U15,43d5dd5aa6be3b0638b5af83976e61a214bd9c37,False,True,survivorship-biased exploratory evidence; not Formal Candidate,6301.T,Komatsu Ltd.,Machinery,2014-01-31,120
0f6c05bff4831033,tgs_stable_v2_universe_lab,U15,43d5dd5aa6be3b0638b5af83976e61a214bd9c37,False,True,survivorship-biased exploratory evidence; not Formal Candidate,6301.T,Komatsu Ltd.,Machinery,2014-02-03,100
0f6c05bff4831033,tgs_stable_v2_universe_lab,U15,43d5dd5aa6be3b0638b5af83976e61a214bd9c37,False,True,survivorship-biased exploratory evidence; not Formal Candidate,6301.T,Komatsu Ltd.,Machinery,2014-02-04,120
0f6c05bff4831033,tgs_stable_v2_universe_lab,U15,43d5dd5aa6be3b0638b5af83976e61a214bd9c37,False,True,survivorship-biased exploratory evidence; not Formal Candidate,6301.T,Komatsu Ltd.,Machinery,2014-02-05,100
0f6c05bff4831033,tgs_stable_v2_universe_lab,U15,43d5dd5aa6be3b0638b5af83976e61a214bd9c37,False,True,survivorship-biased exploratory evidence; not Formal Candidate,7011.T,"Mitsubishi Heavy Industries, Ltd.",Machinery,2014-02-06,90
0f6c05bff4831033,tgs_stable_v2_universe_lab,U15,43d5dd5aa6be3b0638b5af83976e61a214bd9c37,False,True,survivorship-biased exploratory evidence; not Formal Candidate,8031.T,"Mitsui & Co., Ltd.",Trading companies,2014-02-07,120
0f6c05bff4831033,tgs_stable_v2_universe_lab,U15,43d5dd5aa6be3b0638b5af83976e61a214bd9c37,False,True,survivorship-biased exploratory evidence; not Formal Candidate,8031.T,"Mitsui & Co., Ltd.",Trading companies,2014-02-10,100
0f6c05bff4831033,tgs_stable_v2_universe_lab,U15,43d5dd5aa6be3b0638b5af83976e61a214bd9c37,False,True,survivorship-biased exploratory evidence; not Formal Candidate,8031.T,"Mitsui & Co., Ltd.",Trading companies,2014-02-12,120
0f6c05bff4831033,tgs_stable_v2_universe_lab,U15,43d5dd5aa6be3b0638b5af83976e61a214bd9c37,False,True,survivorship-biased exploratory evidence; not Formal Candidate,8031.T,"Mitsui & Co., Ltd.",Trading companies,2014-02-13,120
0f6c05bff4831033,tgs_stable_v2_universe_lab,U15,43d5dd5aa6be3b0638b5af83976e61a214bd9c37,False,True,survivorship-biased exploratory evidence; not Formal Candidate,8031.T,"Mitsui & Co., Ltd.",Trading companies,2014-02-14,90
0f6c05bff4831033,tgs_stable_v2_universe_lab,U15,43d5dd5aa6be3b0638b5af83976e61a214bd9c37,False,True,survivorship-biased exploratory evidence; not Formal Candidate,8053.T,Sumitomo Corp.,Trading companies,2014-02-14,100
0f6c05bff4831033,tgs_stable_v2_universe_lab,U15,43d5dd5aa6be3b0638b5af83976e61a214bd9c37,False,True,survivorship-biased exploratory evidence; not Formal Candidate,8053.T,Sumitomo Corp.,Trading companies,2014-02-17,100
0f6c05bff4831033,tgs_stable_v2_universe_lab,U15,43d5dd5aa6be3b0638b5af83976e61a214bd9c37,False,True,survivorship-biased exploratory evidence; not Formal Candidate,8053.T,Sumitomo Corp.,Trading companies,2014-02-18,100
0f6c05bff4831033,tgs_stable_v2_universe_lab,U15,43d5dd5aa6be3b0638b5af83976e61a214bd9c37,False,True,survivorship-biased exploratory evidence; not Formal Candidate,8053.T,Sumitomo Corp.,Trading companies,2014-02-19,100
0f6c05bff4831033,tgs_stable_v2_universe_lab,U15,43d5dd5aa6be3b0638b5af83976e61a214bd9c37,False,True,survivorship-biased exploratory evidence; not Formal Candidate,8053.T,Sumitomo Corp.,Trading companies,2014-02-20,100
0f6c05bff4831033,tgs_stable_v2_universe_lab,U15,43d5dd5aa6be3b0638b5af83976e61a214bd9c37,False,True,survivorship-biased exploratory evidence; not Formal Candidate,5801.T,"The Furukawa Electric Co., Ltd.",Nonferrous metals,2014-03-12,90
0f6c05bff4831033,tgs_stable_v2_universe_lab,U15,43d5dd5aa6be3b0638b5af83976e61a214bd9c37,False,True,survivorship-biased exploratory evidence; not Formal Candidate,8031.T,"Mitsui & Co., Ltd.",Trading companies,2014-03-13,90
0f6c05bff4831033,tgs_stable_v2_universe_lab,U15,43d5dd5aa6be3b0638b5af83976e61a214bd9c37,False,True,survivorship-biased exploratory evidence; not Formal Candidate,8053.T,Sumitomo Corp.,Trading companies,2014-03-14,90
0f6c05bff4831033,tgs_stable_v2_universe_lab,U15,43d5dd5aa6be3b0638b5af83976e61a214bd9c37,False,True,survivorship-biased exploratory evidence; not Formal Candidate,8015.T,Toyota Tsusho Corp.,Trading companies,2014-03-28,100
0f6c05bff4831033,tgs_stable_v2_universe_lab,U15,43d5dd5aa6be3b0638b5af83976e61a214bd9c37,False,True,survivorship-biased exploratory evidence; not Formal Candidate,8015.T,Toyota Tsusho Corp.,Trading companies,2014-03-31,100
0f6c05bff4831033,tgs_stable_v2_universe_lab,U15,43d5dd5aa6be3b0638b5af83976e61a214bd9c37,False,True,survivorship-biased exploratory evidence; not Formal Candidate,8015.T,Toyota Tsusho Corp.,Trading companies,2014-04-01,100
0f6c05bff4831033,tgs_stable_v2_universe_lab,U15,43d5dd5aa6be3b0638b5af83976e61a214bd9c37,False,True,survivorship-biased exploratory evidence; not Formal Candidate,8015.T,Toyota Tsusho Corp.,Trading companies,2014-04-02,100
0f6c05bff4831033,tgs_stable_v2_universe_lab,U15,43d5dd5aa6be3b0638b5af83976e61a214bd9c37,False,True,survivorship-biased exploratory evidence; not Formal Candidate,8015.T,Toyota Tsusho Corp.,Trading companies,2014-04-03,100
0f6c05bff4831033,tgs_stable_v2_universe_lab,U15,43d5dd5aa6be3b0638b5af83976e61a214bd9c37,False,True,survivorship-biased exploratory evidence; not Formal Candidate,6301.T,Komatsu Ltd.,Machinery,2014-04-09,90
0f6c05bff4831033,tgs_stable_v2_universe_lab,U15,43d5dd5aa6be3b0638b5af83976e61a214bd9c37,False,True,survivorship-biased exploratory evidence; not Formal Candidate,8015.T,Toyota Tsusho Corp.,Trading companies,2014-04-11,90
0f6c05bff4831033,tgs_stable_v2_universe_lab,U15,43d5dd5aa6be3b0638b5af83976e61a214bd9c37,False,True,survivorship-biased exploratory evidence; not Formal Candidate,8053.T,Sumitomo Corp.,Trading companies,2014-04-25,100
0f6c05bff4831033,tgs_stable_v2_universe_lab,U15,43d5dd5aa6be3b0638b5af83976e61a214bd9c37,False,True,survivorship-biased exploratory evidence; not Formal Candidate,8053.T,Sumitomo Corp.,Trading companies,2014-04-28,100
0f6c05bff4831033,tgs_stable_v2_universe_lab,U15,43d5dd5aa6be3b0638b5af83976e61a214bd9c37,False,True,survivorship-biased exploratory evidence; not Formal Candidate,8053.T,Sumitomo Corp.,Trading companies,2014-04-30,100
0f6c05bff4831033,tgs_stable_v2_universe_lab,U15,43d5dd5aa6be3b0638b5af83976e61a214bd9c37,False,True,survivorship-biased exploratory evidence; not Formal Candidate,8015.T,Toyota Tsusho Corp.,Trading companies,2014-05-01,90
0f6c05bff4831033,tgs_stable_v2_universe_lab,U15,43d5dd5aa6be3b0638b5af83976e61a214bd9c37,False,True,survivorship-biased exploratory evidence; not Formal Candidate,8053.T,Sumitomo Corp.,Trading companies,2014-05-01,120
0f6c05bff4831033,tgs_stable_v2_universe_lab,U15,43d5dd5aa6be3b0638b5af83976e61a214bd9c37,False,True,survivorship-biased exploratory evidence; not Formal Candidate,8015.T,Toyota Tsusho Corp.,Trading companies,2014-05-02,90
0f6c05bff4831033,tgs_stable_v2_universe_lab,U15,43d5dd5aa6be3b0638b5af83976e61a214bd9c37,False,True,survivorship-biased exploratory evidence; not Formal Candidate,8058.T,Mitsubishi Corp.,Trading companies,2014-05-16,100
0f6c05bff4831033,tgs_stable_v2_universe_lab,U15,43d5dd5aa6be3b0638b5af83976e61a214bd9c37,False,True,survivorship-biased exploratory evidence; not Formal Candidate,8031.T,"Mitsui & Co., Ltd.",Trading companies,2014-05-19,100
0f6c05bff4831033,tgs_stable_v2_universe_lab,U15,43d5dd5aa6be3b0638b5af83976e61a214bd9c37,False,True,survivorship-biased exploratory evidence; not Formal Candidate,8058.T,Mitsubishi Corp.,Trading companies,2014-05-19,100
0f6c05bff4831033,tgs_stable_v2_universe_lab,U15,43d5dd5aa6be3b0638b5af83976e61a214bd9c37,False,True,survivorship-biased exploratory evidence; not Formal Candidate,8031.T,"Mitsui & Co., Ltd.",Trading companies,2014-05-20,100
0f6c05bff4831033,tgs_stable_v2_universe_lab,U15,43d5dd5aa6be3b0638b5af83976e61a214bd9c37,False,True,survivorship-biased exploratory evidence; not Formal Candidate,8058.T,Mitsubishi Corp.,Trading companies,2014-05-20,100
0f6c05bff4831033,tgs_stable_v2_universe_lab,U15,43d5dd5aa6be3b0638b5af83976e61a214bd9c37,False,True,survivorship-biased exploratory evidence; not Formal Candidate,8031.T,"Mitsui & Co., Ltd.",Trading companies,2014-05-21,100
0f6c05bff4831033,tgs_stable_v2_universe_lab,U15,43d5dd5aa6be3b0638b5af83976e61a214bd9c37,False,True,survivorship-biased exploratory evidence; not Formal Candidate,8058.T,Mitsubishi Corp.,Trading companies,2014-05-21,100
0f6c05bff4831033,tgs_stable_v2_universe_lab,U15,43d5dd5aa6be3b0638b5af83976e61a214bd9c37,False,True,survivorship-biased exploratory evidence; not Formal Candidate,8031.T,"Mitsui & Co., Ltd.",Trading companies,2014-05-22,100
0f6c05bff4831033,tgs_stable_v2_universe_lab,U15,43d5dd5aa6be3b0638b5af83976e61a214bd9c37,False,True,survivorship-biased exploratory evidence; not Formal Candidate,8801.T,"Mitsui Fudosan Co., Ltd.",Real estate,2014-05-23,100
0f6c05bff4831033,tgs_stable_v2_universe_lab,U15,43d5dd5aa6be3b0638b5af83976e61a214bd9c37,False,True,survivorship-biased exploratory evidence; not Formal Candidate,8802.T,"Mitsubishi Estate Co., Ltd.",Real estate,2014-05-23,100
0f6c05bff4831033,tgs_stable_v2_universe_lab,U15,43d5dd5aa6be3b0638b5af83976e61a214bd9c37,False,True,survivorship-biased exploratory evidence; not Formal Candidate,8801.T,"Mitsui Fudosan Co., Ltd.",Real estate,2014-05-26,100
0f6c05bff4831033,tgs_stable_v2_universe_lab,U15,43d5dd5aa6be3b0638b5af83976e61a214bd9c37,False,True,survivorship-biased exploratory evidence; not Formal Candidate,8802.T,"Mitsubishi Estate Co., Ltd.",Real estate,2014-05-26,100
0f6c05bff4831033,tgs_stable_v2_universe_lab,U15,43d5dd5aa6be3b0638b5af83976e61a214bd9c37,False,True,survivorship-biased exploratory evidence; not Formal Candidate,8801.T,"Mitsui Fudosan Co., Ltd.",Real estate,2014-05-27,100
0f6c05bff4831033,tgs_stable_v2_universe_lab,U15,43d5dd5aa6be3b0638b5af83976e61a214bd9c37,False,True,survivorship-biased exploratory evidence; not Formal Candidate,8802.T,"Mitsubishi Estate Co., Ltd.",Real estate,2014-05-27,100
0f6c05bff4831033,tgs_stable_v2_universe_lab,U15,43d5dd5aa6be3b0638b5af83976e61a214bd9c37,False,True,survivorship-biased exploratory evidence; not Formal Candidate,8801.T,"Mitsui Fudosan Co., Ltd.",Real estate,2014-05-28,120
0f6c05bff4831033,tgs_stable_v2_universe_lab,U15,43d5dd5aa6be3b0638b5af83976e61a214bd9c37,False,True,survivorship-biased exploratory evidence; not Formal Candidate,8802.T,"Mitsubishi Estate Co., Ltd.",Real estate,2014-05-28,120
0f6c05bff4831033,tgs_stable_v2_universe_lab,U15,43d5dd5aa6be3b0638b5af83976e61a214bd9c37,False,True,survivorship-biased exploratory evidence; not Formal Candidate,8801.T,"Mitsui Fudosan Co., Ltd.",Real estate,2014-05-29,100
0f6c05bff4831033,tgs_stable_v2_universe_lab,U15,43d5dd5aa6be3b0638b5af83976e61a214bd9c37,False,True,survivorship-biased exploratory evidence; not Formal Candidate,8802.T,"Mitsubishi Estate Co., Ltd.",Real estate,2014-05-29,100
0f6c05bff4831033,tgs_stable_v2_universe_lab,U15,43d5dd5aa6be3b0638b5af83976e61a214bd9c37,False,True,survivorship-biased exploratory evidence; not Formal Candidate,8801.T,"Mitsui Fudosan Co., Ltd.",Real estate,2014-05-30,90
0f6c05bff4831033,tgs_stable_v2_universe_lab,U15,43d5dd5aa6be3b0638b5af83976e61a214bd9c37,False,True,survivorship-biased exploratory evidence; not Formal Candidate,8031.T,"Mitsui & Co., Ltd.",Trading companies,2014-06-04,90
0f6c05bff4831033,tgs_stable_v2_universe_lab,U15,43d5dd5aa6be3b0638b5af83976e61a214bd9c37,False,True,survivorship-biased exploratory evidence; not Formal Candidate,8002.T,Marubeni Corp.,Trading companies,2014-06-06,100
0f6c05bff4831033,tgs_stable_v2_universe_lab,U15,43d5dd5aa6be3b0638b5af83976e61a214bd9c37,False,True,survivorship-biased exploratory evidence; not Formal Candidate,8053.T,Sumitomo Corp.,Trading companies,2014-06-06,100
0f6c05bff4831033,tgs_stable_v2_universe_lab,U15,43d5dd5aa6be3b0638b5af83976e61a214bd9c37,False,True,survivorship-biased exploratory evidence; not Formal Candidate,6273.T,SMC Corporation,Machinery,2014-06-09,120
0f6c05bff4831033,tgs_stable_v2_universe_lab,U15,43d5dd5aa6be3b0638b5af83976e61a214bd9c37,False,True,survivorship-biased exploratory evidence; not Formal Candidate,8053.T,Sumitomo Corp.,Trading companies,2014-06-09,100
0f6c05bff4831033,tgs_stable_v2_universe_lab,U15,43d5dd5aa6be3b0638b5af83976e61a214bd9c37,False,True,survivorship-biased exploratory evidence; not Formal Candidate,6273.T,SMC Corporation,Machinery,2014-06-10,100
0f6c05bff4831033,tgs_stable_v2_universe_lab,U15,43d5dd5aa6be3b0638b5af83976e61a214bd9c37,False,True,survivorship-biased exploratory evidence; not Formal Candidate,8002.T,Marubeni Corp.,Trading companies,2014-06-10,100
0f6c05bff4831033,tgs_stable_v2_universe_lab,U15,43d5dd5aa6be3b0638b5af83976e61a214bd9c37,False,True,survivorship-biased exploratory evidence; not Formal Candidate,8053.T,Sumitomo Corp.,Trading companies,2014-06-10,100
0f6c05bff4831033,tgs_stable_v2_universe_lab,U15,43d5dd5aa6be3b0638b5af83976e61a214bd9c37,False,True,survivorship-biased exploratory evidence; not Formal Candidate,6367.T,"Daikin Industries, Ltd.",Machinery,2014-06-11,100
0f6c05bff4831033,tgs_stable_v2_universe_lab,U15,43d5dd5aa6be3b0638b5af83976e61a214bd9c37,False,True,survivorship-biased exploratory evidence; not Formal Candidate,8002.T,Marubeni Corp.,Trading companies,2014-06-11,100
0f6c05bff4831033,tgs_stable_v2_universe_lab,U15,43d5dd5aa6be3b0638b5af83976e61a214bd9c37,False,True,survivorship-biased exploratory evidence; not Formal Candidate,8053.T,Sumitomo Corp.,Trading companies,2014-06-11,100
0f6c05bff4831033,tgs_stable_v2_universe_lab,U15,43d5dd5aa6be3b0638b5af83976e61a214bd9c37,False,True,survivorship-biased exploratory evidence; not Formal Candidate,6367.T,"Daikin Industries, Ltd.",Machinery,2014-06-12,100
0f6c05bff4831033,tgs_stable_v2_universe_lab,U15,43d5dd5aa6be3b0638b5af83976e61a214bd9c37,False,True,survivorship-biased exploratory evidence; not Formal Candidate,7011.T,"Mitsubishi Heavy Industries, Ltd.",Machinery,2014-06-12,100
0f6c05bff4831033,tgs_stable_v2_universe_lab,U15,43d5dd5aa6be3b0638b5af83976e61a214bd9c37,False,True,survivorship-biased exploratory evidence; not Formal Candidate,8002.T,Marubeni Corp.,Trading companies,2014-06-12,100
0f6c05bff4831033,tgs_stable_v2_universe_lab,U15,43d5dd5aa6be3b0638b5af83976e61a214bd9c37,False,True,survivorship-biased exploratory evidence; not Formal Candidate,8053.T,Sumitomo Corp.,Trading companies,2014-06-12,100
0f6c05bff4831033,tgs_stable_v2_universe_lab,U15,43d5dd5aa6be3b0638b5af83976e61a214bd9c37,False,True,survivorship-biased exploratory evidence; not Formal Candidate,6301.T,Komatsu Ltd.,Machinery,2014-06-13,90
0f6c05bff4831033,tgs_stable_v2_universe_lab,U15,43d5dd5aa6be3b0638b5af83976e61a214bd9c37,False,True,survivorship-biased exploratory evidence; not Formal Candidate,6367.T,"Daikin Industries, Ltd.",Machinery,2014-06-13,90
0f6c05bff4831033,tgs_stable_v2_universe_lab,U15,43d5dd5aa6be3b0638b5af83976e61a214bd9c37,False,True,survivorship-biased exploratory evidence; not Formal Candidate,8015.T,Toyota Tsusho Corp.,Trading companies,2014-06-13,90
0f6c05bff4831033,tgs_stable_v2_universe_lab,U15,43d5dd5aa6be3b0638b5af83976e61a214bd9c37,False,True,survivorship-biased exploratory evidence; not Formal Candidate,8031.T,"Mitsui & Co., Ltd.",Trading companies,2014-06-13,90
0f6c05bff4831033,tgs_stable_v2_universe_lab,U15,43d5dd5aa6be3b0638b5af83976e61a214bd9c37,False,True,survivorship-biased exploratory evidence; not Formal Candidate,8801.T,"Mitsui Fudosan Co., Ltd.",Real estate,2014-06-13,90
0f6c05bff4831033,tgs_stable_v2_universe_lab,U15,43d5dd5aa6be3b0638b5af83976e61a214bd9c37,False,True,survivorship-biased exploratory evidence; not Formal Candidate,6273.T,SMC Corporation,Machinery,2014-06-16,90
0f6c05bff4831033,tgs_stable_v2_universe_lab,U15,43d5dd5aa6be3b0638b5af83976e61a214bd9c37,False,True,survivorship-biased exploratory evidence; not Formal Candidate,7011.T,"Mitsubishi Heavy Industries, Ltd.",Machinery,2014-06-16,90
0f6c05bff4831033,tgs_stable_v2_universe_lab,U15,43d5dd5aa6be3b0638b5af83976e61a214bd9c37,False,True,survivorship-biased exploratory evidence; not Formal Candidate,8801.T,"Mitsui Fudosan Co., Ltd.",Real estate,2014-06-16,90
0f6c05bff4831033,tgs_stable_v2_universe_lab,U15,43d5dd5aa6be3b0638b5af83976e61a214bd9c37,False,True,survivorship-biased exploratory evidence; not Formal Candidate,8001.T,Itochu Corp.,Trading companies,2014-06-17,100
0f6c05bff4831033,tgs_stable_v2_universe_lab,U15,43d5dd5aa6be3b0638b5af83976e61a214bd9c37,False,True,survivorship-biased exploratory evidence; not Formal Candidate,8801.T,"Mitsui Fudosan Co., Ltd.",Real estate,2014-06-17,90
0f6c05bff4831033,tgs_stable_v2_universe_lab,U15,43d5dd5aa6be3b0638b5af83976e61a214bd9c37,False,True,survivorship-biased exploratory evidence; not Formal Candidate,7011.T,"Mitsubishi Heavy Industries, Ltd.",Machinery,2014-06-18,90
0f6c05bff4831033,tgs_stable_v2_universe_lab,U15,43d5dd5aa6be3b0638b5af83976e61a214bd9c37,False,True,survivorship-biased exploratory evidence; not Formal Candidate,8001.T,Itochu Corp.,Trading companies,2014-06-18,100
0f6c05bff4831033,tgs_stable_v2_universe_lab,U15,43d5dd5aa6be3b0638b5af83976e61a214bd9c37,False,True,survivorship-biased exploratory evidence; not Formal Candidate,8801.T,"Mitsui Fudosan Co., Ltd.",Real estate,2014-06-19,90
0f6c05bff4831033,tgs_stable_v2_universe_lab,U15,43d5dd5aa6be3b0638b5af83976e61a214bd9c37,False,True,survivorship-biased exploratory evidence; not Formal Candidate,6273.T,SMC Corporation,Machinery,2014-06-20,90
0f6c05bff4831033,tgs_stable_v2_universe_lab,U15,43d5dd5aa6be3b0638b5af83976e61a214bd9c37,False,True,survivorship-biased exploratory evidence; not Formal Candidate,8053.T,Sumitomo Corp.,Trading companies,2014-06-20,90
0f6c05bff4831033,tgs_stable_v2_universe_lab,U15,43d5dd5aa6be3b0638b5af83976e61a214bd9c37,False,True,survivorship-biased exploratory evidence; not Formal Candidate,8802.T,"Mitsubishi Estate Co., Ltd.",Real estate,2014-06-20,90
0f6c05bff4831033,tgs_stable_v2_universe_lab,U15,43d5dd5aa6be3b0638b5af83976e61a214bd9c37,False,True,survivorship-biased exploratory evidence; not Formal Candidate,8801.T,"Mitsui Fudosan Co., Ltd.",Real estate,2014-06-23,90
0f6c05bff4831033,tgs_stable_v2_universe_lab,U15,43d5dd5aa6be3b0638b5af83976e61a214bd9c37,False,True,survivorship-biased exploratory evidence; not Formal Candidate,8801.T,"Mitsui Fudosan Co., Ltd.",Real estate,2014-06-24,90
0f6c05bff4831033,tgs_stable_v2_universe_lab,U15,43d5dd5aa6be3b0638b5af83976e61a214bd9c37,False,True,survivorship-biased exploratory evidence; not Formal Candidate,6273.T,SMC Corporation,Machinery,2014-06-25,90
0f6c05bff4831033,tgs_stable_v2_universe_lab,U15,43d5dd5aa6be3b0638b5af83976e61a214bd9c37,False,True,survivorship-biased exploratory evidence; not Formal Candidate,8015.T,Toyota Tsusho Corp.,Trading companies,2014-06-27,90
0f6c05bff4831033,tgs_stable_v2_universe_lab,U15,43d5dd5aa6be3b0638b5af83976e61a214bd9c37,False,True,survivorship-biased exploratory evidence; not Formal Candidate,8015.T,Toyota Tsusho Corp.,Trading companies,2014-07-03,90
0f6c05bff4831033,tgs_stable_v2_universe_lab,U15,43d5dd5aa6be3b0638b5af83976e61a214bd9c37,False,True,survivorship-biased exploratory evidence; not Formal Candidate,5802.T,"Sumitomo Electric Industries, Ltd.",Nonferrous metals,2014-07-04,100
0f6c05bff4831033,tgs_stable_v2_universe_lab,U15,43d5dd5aa6be3b0638b5af83976e61a214bd9c37,False,True,survivorship-biased exploratory evidence; not Formal Candidate,5802.T,"Sumitomo Electric Industries, Ltd.",Nonferrous metals,2014-07-07,100
0f6c05bff4831033,tgs_stable_v2_universe_lab,U15,43d5dd5aa6be3b0638b5af83976e61a214bd9c37,False,True,survivorship-biased exploratory evidence; not Formal Candidate,5802.T,"Sumitomo Electric Industries, Ltd.",Nonferrous metals,2014-07-08,100
0f6c05bff4831033,tgs_stable_v2_universe_lab,U15,43d5dd5aa6be3b0638b5af83976e61a214bd9c37,False,True,survivorship-biased exploratory evidence; not Formal Candidate,5802.T,"Sumitomo Electric Industries, Ltd.",Nonferrous metals,2014-07-10,100
0f6c05bff4831033,tgs_stable_v2_universe_lab,U15,43d5dd5aa6be3b0638b5af83976e61a214bd9c37,False,True,survivorship-biased exploratory evidence; not Formal Candidate,8015.T,Toyota Tsusho Corp.,Trading companies,2014-07-17,90
0f6c05bff4831033,tgs_stable_v2_universe_lab,U15,43d5dd5aa6be3b0638b5af83976e61a214bd9c37,False,True,survivorship-biased exploratory evidence; not Formal Candidate,5803.T,Fujikura Ltd.,Nonferrous metals,2014-07-29,90
0f6c05bff4831033,tgs_stable_v2_universe_lab,U15,43d5dd5aa6be3b0638b5af83976e61a214bd9c37,False,True,survivorship-biased exploratory evidence; not Formal Candidate,5803.T,Fujikura Ltd.,Nonferrous metals,2014-07-30,90
0f6c05bff4831033,tgs_stable_v2_universe_lab,U15,43d5dd5aa6be3b0638b5af83976e61a214bd9c37,False,True,survivorship-biased exploratory evidence; not Formal Candidate,6301.T,Komatsu Ltd.,Machinery,2014-07-30,90
0f6c05bff4831033,tgs_stable_v2_universe_lab,U15,43d5dd5aa6be3b0638b5af83976e61a214bd9c37,False,True,survivorship-biased exploratory evidence; not Formal Candidate,8015.T,Toyota Tsusho Corp.,Trading companies,2014-07-31,90
0f6c05bff4831033,tgs_stable_v2_universe_lab,U15,43d5dd5aa6be3b0638b5af83976e61a214bd9c37,False,True,survivorship-biased exploratory evidence; not Formal Candidate,8015.T,Toyota Tsusho Corp.,Trading companies,2014-08-01,90
0f6c05bff4831033,tgs_stable_v2_universe_lab,U15,43d5dd5aa6be3b0638b5af83976e61a214bd9c37,False,True,survivorship-biased exploratory evidence; not Formal Candidate,8053.T,Sumitomo Corp.,Trading companies,2014-08-01,90
0f6c05bff4831033,tgs_stable_v2_universe_lab,U15,43d5dd5aa6be3b0638b5af83976e61a214bd9c37,False,True,survivorship-biased exploratory evidence; not Formal Candidate,6367.T,"Daikin Industries, Ltd.",Machinery,2014-08-05,90
0f6c05bff4831033,tgs_stable_v2_universe_lab,U15,43d5dd5aa6be3b0638b5af83976e61a214bd9c37,False,True,survivorship-biased exploratory evidence; not Formal Candidate,6367.T,"Daikin Industries, Ltd.",Machinery,2014-08-06,90
0f6c05bff4831033,tgs_stable_v2_universe_lab,U15,43d5dd5aa6be3b0638b5af83976e61a214bd9c37,False,True,survivorship-biased exploratory evidence; not Formal Candidate,8002.T,Marubeni Corp.,Trading companies,2014-08-06,90
0f6c05bff4831033,tgs_stable_v2_universe_lab,U15,43d5dd5aa6be3b0638b5af83976e61a214bd9c37,False,True,survivorship-biased exploratory evidence; not Formal Candidate,5802.T,"Sumitomo Electric Industries, Ltd.",Nonferrous metals,2014-08-07,90
0f6c05bff4831033,tgs_stable_v2_universe_lab,U15,43d5dd5aa6be3b0638b5af83976e61a214bd9c37,False,True,survivorship-biased exploratory evidence; not Formal Candidate,6367.T,"Daikin Industries, Ltd.",Machinery,2014-08-07,90
0f6c05bff4831033,tgs_stable_v2_universe_lab,U15,43d5dd5aa6be3b0638b5af83976e61a214bd9c37,False,True,survivorship-biased exploratory evidence; not Formal Candidate,8001.T,Itochu Corp.,Trading companies,2014-08-08,90
0f6c05bff4831033,tgs_stable_v2_universe_lab,U15,43d5dd5aa6be3b0638b5af83976e61a214bd9c37,False,True,survivorship-biased exploratory evidence; not Formal Candidate,8002.T,Marubeni Corp.,Trading companies,2014-08-08,90
0f6c05bff4831033,tgs_stable_v2_universe_lab,U15,43d5dd5aa6be3b0638b5af83976e61a214bd9c37,False,True,survivorship-biased exploratory evidence; not Formal Candidate,8031.T,"Mitsui & Co., Ltd.",Trading companies,2014-08-08,90
0f6c05bff4831033,tgs_stable_v2_universe_lab,U15,43d5dd5aa6be3b0638b5af83976e61a214bd9c37,False,True,survivorship-biased exploratory evidence; not Formal Candidate,6273.T,SMC Corporation,Machinery,2014-08-11,90
0f6c05bff4831033,tgs_stable_v2_universe_lab,U15,43d5dd5aa6be3b0638b5af83976e61a214bd9c37,False,True,survivorship-biased exploratory evidence; not Formal Candidate,6273.T,SMC Corporation,Machinery,2014-08-12,90
0f6c05bff4831033,tgs_stable_v2_universe_lab,U15,43d5dd5aa6be3b0638b5af83976e61a214bd9c37,False,True,survivorship-biased exploratory evidence; not Formal Candidate,6273.T,SMC Corporation,Machinery,2014-08-13,90
0f6c05bff4831033,tgs_stable_v2_universe_lab,U15,43d5dd5aa6be3b0638b5af83976e61a214bd9c37,False,True,survivorship-biased exploratory evidence; not Formal Candidate,6367.T,"Daikin Industries, Ltd.",Machinery,2014-08-15,90
0f6c05bff4831033,tgs_stable_v2_universe_lab,U15,43d5dd5aa6be3b0638b5af83976e61a214bd9c37,False,True,survivorship-biased exploratory evidence; not Formal Candidate,6367.T,"Daikin Industries, Ltd.",Machinery,2014-08-19,90
0f6c05bff4831033,tgs_stable_v2_universe_lab,U15,43d5dd5aa6be3b0638b5af83976e61a214bd9c37,False,True,survivorship-biased exploratory evidence; not Formal Candidate,5801.T,"The Furukawa Electric Co., Ltd.",Nonferrous metals,2014-08-27,90
0f6c05bff4831033,tgs_stable_v2_universe_lab,U15,43d5dd5aa6be3b0638b5af83976e61a214bd9c37,False,True,survivorship-biased exploratory evidence; not Formal Candidate,5801.T,"The Furukawa Electric Co., Ltd.",Nonferrous metals,2014-08-28,90
0f6c05bff4831033,tgs_stable_v2_universe_lab,U15,43d5dd5aa6be3b0638b5af83976e61a214bd9c37,False,True,survivorship-biased exploratory evidence; not Formal Candidate,8031.T,"Mitsui & Co., Ltd.",Trading companies,2014-08-29,90
0f6c05bff4831033,tgs_stable_v2_universe_lab,U15,43d5dd5aa6be3b0638b5af83976e61a214bd9c37,False,True,survivorship-biased exploratory evidence; not Formal Candidate,8801.T,"Mitsui Fudosan Co., Ltd.",Real estate,2014-09-05,100
0f6c05bff4831033,tgs_stable_v2_universe_lab,U15,43d5dd5aa6be3b0638b5af83976e61a214bd9c37,False,True,survivorship-biased exploratory evidence; not Formal Candidate,8801.T,"Mitsui Fudosan Co., Ltd.",Real estate,2014-09-08,100
0f6c05bff4831033,tgs_stable_v2_universe_lab,U15,43d5dd5aa6be3b0638b5af83976e61a214bd9c37,False,True,survivorship-biased exploratory evidence; not Formal Candidate,8801.T,"Mitsui Fudosan Co., Ltd.",Real estate,2014-09-09,100
0f6c05bff4831033,tgs_stable_v2_universe_lab,U15,43d5dd5aa6be3b0638b5af83976e61a214bd9c37,False,True,survivorship-biased exploratory evidence; not Formal Candidate,8801.T,"Mitsui Fudosan Co., Ltd.",Real estate,2014-09-10,100
0f6c05bff4831033,tgs_stable_v2_universe_lab,U15,43d5dd5aa6be3b0638b5af83976e61a214bd9c37,False,True,survivorship-biased exploratory evidence; not Formal Candidate,8801.T,"Mitsui Fudosan Co., Ltd.",Real estate,2014-09-11,100
0f6c05bff4831033,tgs_stable_v2_universe_lab,U15,43d5dd5aa6be3b0638b5af83976e61a214bd9c37,False,True,survivorship-biased exploratory evidence; not Formal Candidate,6273.T,SMC Corporation,Machinery,2014-09-12,100
0f6c05bff4831033,tgs_stable_v2_universe_lab,U15,43d5dd5aa6be3b0638b5af83976e61a214bd9c37,False,True,survivorship-biased exploratory evidence; not Formal Candidate,6367.T,"Daikin Industries, Ltd.",Machinery,2014-09-12,90
0f6c05bff4831033,tgs_stable_v2_universe_lab,U15,43d5dd5aa6be3b0638b5af83976e61a214bd9c37,False,True,survivorship-biased exploratory evidence; not Formal Candidate,8031.T,"Mitsui & Co., Ltd.",Trading companies,2014-09-12,90
0f6c05bff4831033,tgs_stable_v2_universe_lab,U15,43d5dd5aa6be3b0638b5af83976e61a214bd9c37,False,True,survivorship-biased exploratory evidence; not Formal Candidate,8801.T,"Mitsui Fudosan Co., Ltd.",Real estate,2014-09-12,90
0f6c05bff4831033,tgs_stable_v2_universe_lab,U15,43d5dd5aa6be3b0638b5af83976e61a214bd9c37,False,True,survivorship-biased exploratory evidence; not Formal Candidate,8802.T,"Mitsubishi Estate Co., Ltd.",Real estate,2014-09-12,90
0f6c05bff4831033,tgs_stable_v2_universe_lab,U15,43d5dd5aa6be3b0638b5af83976e61a214bd9c37,False,True,survivorship-biased exploratory evidence; not Formal Candidate,6273.T,SMC Corporation,Machinery,2014-09-16,100
0f6c05bff4831033,tgs_stable_v2_universe_lab,U15,43d5dd5aa6be3b0638b5af83976e61a214bd9c37,False,True,survivorship-biased exploratory evidence; not Formal Candidate,6273.T,SMC Corporation,Machinery,2014-09-17,100
0f6c05bff4831033,tgs_stable_v2_universe_lab,U15,43d5dd5aa6be3b0638b5af83976e61a214bd9c37,False,True,survivorship-biased exploratory evidence; not Formal Candidate,6301.T,Komatsu Ltd.,Machinery,2014-09-17,90
0f6c05bff4831033,tgs_stable_v2_universe_lab,U15,43d5dd5aa6be3b0638b5af83976e61a214bd9c37,False,True,survivorship-biased exploratory evidence; not Formal Candidate,6273.T,SMC Corporation,Machinery,2014-09-18,100
0f6c05bff4831033,tgs_stable_v2_universe_lab,U15,43d5dd5aa6be3b0638b5af83976e61a214bd9c37,False,True,survivorship-biased exploratory evidence; not Formal Candidate,7011.T,"Mitsubishi Heavy Industries, Ltd.",Machinery,2014-09-18,90
0f6c05bff4831033,tgs_stable_v2_universe_lab,U15,43d5dd5aa6be3b0638b5af83976e61a214bd9c37,False,True,survivorship-biased exploratory evidence; not Formal Candidate,5803.T,Fujikura Ltd.,Nonferrous metals,2014-09-19,90
0f6c05bff4831033,tgs_stable_v2_universe_lab,U15,43d5dd5aa6be3b0638b5af83976e61a214bd9c37,False,True,survivorship-biased exploratory evidence; not Formal Candidate,8053.T,Sumitomo Corp.,Trading companies,2014-09-19,100
0f6c05bff4831033,tgs_stable_v2_universe_lab,U15,43d5dd5aa6be3b0638b5af83976e61a214bd9c37,False,True,survivorship-biased exploratory evidence; not Formal Candidate,8053.T,Sumitomo Corp.,Trading companies,2014-09-24,100
0f6c05bff4831033,tgs_stable_v2_universe_lab,U15,43d5dd5aa6be3b0638b5af83976e61a214bd9c37,False,True,survivorship-biased exploratory evidence; not Formal Candidate,8053.T,Sumitomo Corp.,Trading companies,2014-09-25,100
0f6c05bff4831033,tgs_stable_v2_universe_lab,U15,43d5dd5aa6be3b0638b5af83976e61a214bd9c37,False,True,survivorship-biased exploratory evidence; not Formal Candidate,8031.T,"Mitsui & Co., Ltd.",Trading companies,2014-09-26,90
0f6c05bff4831033,tgs_stable_v2_universe_lab,U15,43d5dd5aa6be3b0638b5af83976e61a214bd9c37,False,True,survivorship-biased exploratory evidence; not Formal Candidate,8058.T,Mitsubishi Corp.,Trading companies,2014-09-26,90
0f6c05bff4831033,tgs_stable_v2_universe_lab,U15,43d5dd5aa6be3b0638b5af83976e61a214bd9c37,False,True,survivorship-biased exploratory evidence; not Formal Candidate,8802.T,"Mitsubishi Estate Co., Ltd.",Real estate,2014-09-26,120
0f6c05bff4831033,tgs_stable_v2_universe_lab,U15,43d5dd5aa6be3b0638b5af83976e61a214bd9c37,False,True,survivorship-biased exploratory evidence; not Formal Candidate,8802.T,"Mitsubishi Estate Co., Ltd.",Real estate,2014-09-29,100
0f6c05bff4831033,tgs_stable_v2_universe_lab,U15,43d5dd5aa6be3b0638b5af83976e61a214bd9c37,False,True,survivorship-biased exploratory evidence; not Formal Candidate,6273.T,SMC Corporation,Machinery,2014-09-30,90
0f6c05bff4831033,tgs_stable_v2_universe_lab,U15,43d5dd5aa6be3b0638b5af83976e61a214bd9c37,False,True,survivorship-biased exploratory evidence; not Formal Candidate,6367.T,"Daikin Industries, Ltd.",Machinery,2014-09-30,90
0f6c05bff4831033,tgs_stable_v2_universe_lab,U15,43d5dd5aa6be3b0638b5af83976e61a214bd9c37,False,True,survivorship-biased exploratory evidence; not Formal Candidate,8001.T,Itochu Corp.,Trading companies,2014-09-30,90
0f6c05bff4831033,tgs_stable_v2_universe_lab,U15,43d5dd5aa6be3b0638b5af83976e61a214bd9c37,False,True,survivorship-biased exploratory evidence; not Formal Candidate,8031.T,"Mitsui & Co., Ltd.",Trading companies,2014-09-30,90
0f6c05bff4831033,tgs_stable_v2_universe_lab,U15,43d5dd5aa6be3b0638b5af83976e61a214bd9c37,False,True,survivorship-biased exploratory evidence; not Formal Candidate,8058.T,Mitsubishi Corp.,Trading companies,2014-09-30,90
0f6c05bff4831033,tgs_stable_v2_universe_lab,U15,43d5dd5aa6be3b0638b5af83976e61a214bd9c37,False,True,survivorship-biased exploratory evidence; not Formal Candidate,8802.T,"Mitsubishi Estate Co., Ltd.",Real estate,2014-09-30,100
0f6c05bff4831033,tgs_stable_v2_universe_lab,U15,43d5dd5aa6be3b0638b5af83976e61a214bd9c37,False,True,survivorship-biased exploratory evidence; not Formal Candidate,8058.T,Mitsubishi Corp.,Trading companies,2014-10-01,90
0f6c05bff4831033,tgs_stable_v2_universe_lab,U15,43d5dd5aa6be3b0638b5af83976e61a214bd9c37,False,True,survivorship-biased exploratory evidence; not Formal Candidate,8802.T,"Mitsubishi Estate Co., Ltd.",Real estate,2014-10-01,100
0f6c05bff4831033,tgs_stable_v2_universe_lab,U15,43d5dd5aa6be3b0638b5af83976e61a214bd9c37,False,True,survivorship-biased exploratory evidence; not Formal Candidate,6273.T,SMC Corporation,Machinery,2014-10-02,90
0f6c05bff4831033,tgs_stable_v2_universe_lab,U15,43d5dd5aa6be3b0638b5af83976e61a214bd9c37,False,True,survivorship-biased exploratory evidence; not Formal Candidate,7011.T,"Mitsubishi Heavy Industries, Ltd.",Machinery,2014-10-02,90
0f6c05bff4831033,tgs_stable_v2_universe_lab,U15,43d5dd5aa6be3b0638b5af83976e61a214bd9c37,False,True,survivorship-biased exploratory evidence; not Formal Candidate,8802.T,"Mitsubishi Estate Co., Ltd.",Real estate,2014-10-02,100
0f6c05bff4831033,tgs_stable_v2_universe_lab,U15,43d5dd5aa6be3b0638b5af83976e61a214bd9c37,False,True,survivorship-biased exploratory evidence; not Formal Candidate,5803.T,Fujikura Ltd.,Nonferrous metals,2014-10-07,90
0f6c05bff4831033,tgs_stable_v2_universe_lab,U15,43d5dd5aa6be3b0638b5af83976e61a214bd9c37,False,True,survivorship-biased exploratory evidence; not Formal Candidate,6273.T,SMC Corporation,Machinery,2014-10-31,100
0f6c05bff4831033,tgs_stable_v2_universe_lab,U15,43d5dd5aa6be3b0638b5af83976e61a214bd9c37,False,True,survivorship-biased exploratory evidence; not Formal Candidate,6301.T,Komatsu Ltd.,Machinery,2014-10-31,100
0f6c05bff4831033,tgs_stable_v2_universe_lab,U15,43d5dd5aa6be3b0638b5af83976e61a214bd9c37,False,True,survivorship-biased exploratory evidence; not Formal Candidate,8802.T,"Mitsubishi Estate Co., Ltd.",Real estate,2014-10-31,100
0f6c05bff4831033,tgs_stable_v2_universe_lab,U15,43d5dd5aa6be3b0638b5af83976e61a214bd9c37,False,True,survivorship-biased exploratory evidence; not Formal Candidate,6273.T,SMC Corporation,Machinery,2014-11-04,100
0f6c05bff4831033,tgs_stable_v2_universe_lab,U15,43d5dd5aa6be3b0638b5af83976e61a214bd9c37,False,True,survivorship-biased exploratory evidence; not Formal Candidate,6301.T,Komatsu Ltd.,Machinery,2014-11-04,100
0f6c05bff4831033,tgs_stable_v2_universe_lab,U15,43d5dd5aa6be3b0638b5af83976e61a214bd9c37,False,True,survivorship-biased exploratory evidence; not Formal Candidate,8802.T,"Mitsubishi Estate Co., Ltd.",Real estate,2014-11-04,100
0f6c05bff4831033,tgs_stable_v2_universe_lab,U15,43d5dd5aa6be3b0638b5af83976e61a214bd9c37,False,True,survivorship-biased exploratory evidence; not Formal Candidate,6273.T,SMC Corporation,Machinery,2014-11-05,100
0f6c05bff4831033,tgs_stable_v2_universe_lab,U15,43d5dd5aa6be3b0638b5af83976e61a214bd9c37,False,True,survivorship-biased exploratory evidence; not Formal Candidate,8802.T,"Mitsubishi Estate Co., Ltd.",Real estate,2014-11-05,100
0f6c05bff4831033,tgs_stable_v2_universe_lab,U15,43d5dd5aa6be3b0638b5af83976e61a214bd9c37,False,True,survivorship-biased exploratory evidence; not Formal Candidate,6273.T,SMC Corporation,Machinery,2014-11-06,100
0f6c05bff4831033,tgs_stable_v2_universe_lab,U15,43d5dd5aa6be3b0638b5af83976e61a214bd9c37,False,True,survivorship-biased exploratory evidence; not Formal Candidate,8802.T,"Mitsubishi Estate Co., Ltd.",Real estate,2014-11-06,120
0f6c05bff4831033,tgs_stable_v2_universe_lab,U15,43d5dd5aa6be3b0638b5af83976e61a214bd9c37,False,True,survivorship-biased exploratory evidence; not Formal Candidate,7011.T,"Mitsubishi Heavy Industries, Ltd.",Machinery,2014-11-07,100
0f6c05bff4831033,tgs_stable_v2_universe_lab,U15,43d5dd5aa6be3b0638b5af83976e61a214bd9c37,False,True,survivorship-biased exploratory evidence; not Formal Candidate,7011.T,"Mitsubishi Heavy Industries, Ltd.",Machinery,2014-11-10,100
0f6c05bff4831033,tgs_stable_v2_universe_lab,U15,43d5dd5aa6be3b0638b5af83976e61a214bd9c37,False,True,survivorship-biased exploratory evidence; not Formal Candidate,7011.T,"Mitsubishi Heavy Industries, Ltd.",Machinery,2014-11-11,100
0f6c05bff4831033,tgs_stable_v2_universe_lab,U15,43d5dd5aa6be3b0638b5af83976e61a214bd9c37,False,True,survivorship-biased exploratory evidence; not Formal Candidate,6273.T,SMC Corporation,Machinery,2014-11-12,90
0f6c05bff4831033,tgs_stable_v2_universe_lab,U15,43d5dd5aa6be3b0638b5af83976e61a214bd9c37,False,True,survivorship-biased exploratory evidence; not Formal Candidate,7011.T,"Mitsubishi Heavy Industries, Ltd.",Machinery,2014-11-12,100
0f6c05bff4831033,tgs_stable_v2_universe_lab,U15,43d5dd5aa6be3b0638b5af83976e61a214bd9c37,False,True,survivorship-biased exploratory evidence; not Formal Candidate,7011.T,"Mitsubishi Heavy Industries, Ltd.",Machinery,2014-11-13,100
0f6c05bff4831033,tgs_stable_v2_universe_lab,U15,43d5dd5aa6be3b0638b5af83976e61a214bd9c37,False,True,survivorship-biased exploratory evidence; not Formal Candidate,8001.T,Itochu Corp.,Trading companies,2014-11-14,100
0f6c05bff4831033,tgs_stable_v2_universe_lab,U15,43d5dd5aa6be3b0638b5af83976e61a214bd9c37,False,True,survivorship-biased exploratory evidence; not Formal Candidate,8001.T,Itochu Corp.,Trading companies,2014-11-17,100
0f6c05bff4831033,tgs_stable_v2_universe_lab,U15,43d5dd5aa6be3b0638b5af83976e61a214bd9c37,False,True,survivorship-biased exploratory evidence; not Formal Candidate,8015.T,Toyota Tsusho Corp.,Trading companies,2014-11-17,100
0f6c05bff4831033,tgs_stable_v2_universe_lab,U15,43d5dd5aa6be3b0638b5af83976e61a214bd9c37,False,True,survivorship-biased exploratory evidence; not Formal Candidate,8058.T,Mitsubishi Corp.,Trading companies,2014-11-17,100
0f6c05bff4831033,tgs_stable_v2_universe_lab,U15,43d5dd5aa6be3b0638b5af83976e61a214bd9c37,False,True,survivorship-biased exploratory evidence; not Formal Candidate,8801.T,"Mitsui Fudosan Co., Ltd.",Real estate,2014-11-17,100
0f6c05bff4831033,tgs_stable_v2_universe_lab,U15,43d5dd5aa6be3b0638b5af83976e61a214bd9c37,False,True,survivorship-biased exploratory evidence; not Formal Candidate,8001.T,Itochu Corp.,Trading companies,2014-11-18,100
0f6c05bff4831033,tgs_stable_v2_universe_lab,U15,43d5dd5aa6be3b0638b5af83976e61a214bd9c37,False,True,survivorship-biased exploratory evidence; not Formal Candidate,8015.T,Toyota Tsusho Corp.,Trading companies,2014-11-18,100
0f6c05bff4831033,tgs_stable_v2_universe_lab,U15,43d5dd5aa6be3b0638b5af83976e61a214bd9c37,False,True,survivorship-biased exploratory evidence; not Formal Candidate,8801.T,"Mitsui Fudosan Co., Ltd.",Real estate,2014-11-18,100
0f6c05bff4831033,tgs_stable_v2_universe_lab,U15,43d5dd5aa6be3b0638b5af83976e61a214bd9c37,False,True,survivorship-biased exploratory evidence; not Formal Candidate,8001.T,Itochu Corp.,Trading companies,2014-11-19,100
0f6c05bff4831033,tgs_stable_v2_universe_lab,U15,43d5dd5aa6be3b0638b5af83976e61a214bd9c37,False,True,survivorship-biased exploratory evidence; not Formal Candidate,8015.T,Toyota Tsusho Corp.,Trading companies,2014-11-19,100
0f6c05bff4831033,tgs_stable_v2_universe_lab,U15,43d5dd5aa6be3b0638b5af83976e61a214bd9c37,False,True,survivorship-biased exploratory evidence; not Formal Candidate,8058.T,Mitsubishi Corp.,Trading companies,2014-11-19,100
0f6c05bff4831033,tgs_stable_v2_universe_lab,U15,43d5dd5aa6be3b0638b5af83976e61a214bd9c37,False,True,survivorship-biased exploratory evidence; not Formal Candidate,8801.T,"Mitsui Fudosan Co., Ltd.",Real estate,2014-11-19,100
0f6c05bff4831033,tgs_stable_v2_universe_lab,U15,43d5dd5aa6be3b0638b5af83976e61a214bd9c37,False,True,survivorship-biased exploratory evidence; not Formal Candidate,8001.T,Itochu Corp.,Trading companies,2014-11-20,100
0f6c05bff4831033,tgs_stable_v2_universe_lab,U15,43d5dd5aa6be3b0638b5af83976e61a214bd9c37,False,True,survivorship-biased exploratory evidence; not Formal Candidate,8015.T,Toyota Tsusho Corp.,Trading companies,2014-11-20,100
0f6c05bff4831033,tgs_stable_v2_universe_lab,U15,43d5dd5aa6be3b0638b5af83976e61a214bd9c37,False,True,survivorship-biased exploratory evidence; not Formal Candidate,8058.T,Mitsubishi Corp.,Trading companies,2014-11-20,100
0f6c05bff4831033,tgs_stable_v2_universe_lab,U15,43d5dd5aa6be3b0638b5af83976e61a214bd9c37,False,True,survivorship-biased exploratory evidence; not Formal Candidate,8801.T,"Mitsui Fudosan Co., Ltd.",Real estate,2014-11-20,100
0f6c05bff4831033,tgs_stable_v2_universe_lab,U15,43d5dd5aa6be3b0638b5af83976e61a214bd9c37,False,True,survivorship-biased exploratory evidence; not Formal Candidate,6367.T,"Daikin Industries, Ltd.",Machinery,2014-11-21,100
0f6c05bff4831033,tgs_stable_v2_universe_lab,U15,43d5dd5aa6be3b0638b5af83976e61a214bd9c37,False,True,survivorship-biased exploratory evidence; not Formal Candidate,6367.T,"Daikin Industries, Ltd.",Machinery,2014-11-25,100
0f6c05bff4831033,tgs_stable_v2_universe_lab,U15,43d5dd5aa6be3b0638b5af83976e61a214bd9c37,False,True,survivorship-biased exploratory evidence; not Formal Candidate,5802.T,"Sumitomo Electric Industries, Ltd.",Nonferrous metals,2014-11-28,100
0f6c05bff4831033,tgs_stable_v2_universe_lab,U15,43d5dd5aa6be3b0638b5af83976e61a214bd9c37,False,True,survivorship-biased exploratory evidence; not Formal Candidate,5802.T,"Sumitomo Electric Industries, Ltd.",Nonferrous metals,2014-12-01,100
0f6c05bff4831033,tgs_stable_v2_universe_lab,U15,43d5dd5aa6be3b0638b5af83976e61a214bd9c37,False,True,survivorship-biased exploratory evidence; not Formal Candidate,5802.T,"Sumitomo Electric Industries, Ltd.",Nonferrous metals,2014-12-02,100
0f6c05bff4831033,tgs_stable_v2_universe_lab,U15,43d5dd5aa6be3b0638b5af83976e61a214bd9c37,False,True,survivorship-biased exploratory evidence; not Formal Candidate,5802.T,"Sumitomo Electric Industries, Ltd.",Nonferrous metals,2014-12-03,100
0f6c05bff4831033,tgs_stable_v2_universe_lab,U15,43d5dd5aa6be3b0638b5af83976e61a214bd9c37,False,True,survivorship-biased exploratory evidence; not Formal Candidate,5802.T,"Sumitomo Electric Industries, Ltd.",Nonferrous metals,2014-12-04,100
0f6c05bff4831033,tgs_stable_v2_universe_lab,U15,43d5dd5aa6be3b0638b5af83976e61a214bd9c37,False,True,survivorship-biased exploratory evidence; not Formal Candidate,8002.T,Marubeni Corp.,Trading companies,2014-12-05,100
0f6c05bff4831033,tgs_stable_v2_universe_lab,U15,43d5dd5aa6be3b0638b5af83976e61a214bd9c37,False,True,survivorship-biased exploratory evidence; not Formal Candidate,8053.T,Sumitomo Corp.,Trading companies,2014-12-05,100
0f6c05bff4831033,tgs_stable_v2_universe_lab,U15,43d5dd5aa6be3b0638b5af83976e61a214bd9c37,False,True,survivorship-biased exploratory evidence; not Formal Candidate,8002.T,Marubeni Corp.,Trading companies,2014-12-08,100
0f6c05bff4831033,tgs_stable_v2_universe_lab,U15,43d5dd5aa6be3b0638b5af83976e61a214bd9c37,False,True,survivorship-biased exploratory evidence; not Formal Candidate,8053.T,Sumitomo Corp.,Trading companies,2014-12-08,100
0f6c05bff4831033,tgs_stable_v2_universe_lab,U15,43d5dd5aa6be3b0638b5af83976e61a214bd9c37,False,True,survivorship-biased exploratory evidence; not Formal Candidate,8002.T,Marubeni Corp.,Trading companies,2014-12-09,100
0f6c05bff4831033,tgs_stable_v2_universe_lab,U15,43d5dd5aa6be3b0638b5af83976e61a214bd9c37,False,True,survivorship-biased exploratory evidence; not Formal Candidate,8053.T,Sumitomo Corp.,Trading companies,2014-12-09,100
0f6c05bff4831033,tgs_stable_v2_universe_lab,U15,43d5dd5aa6be3b0638b5af83976e61a214bd9c37,False,True,survivorship-biased exploratory evidence; not Formal Candidate,8002.T,Marubeni Corp.,Trading companies,2014-12-10,100
0f6c05bff4831033,tgs_stable_v2_universe_lab,U15,43d5dd5aa6be3b0638b5af83976e61a214bd9c37,False,True,survivorship-biased exploratory evidence; not Formal Candidate,8053.T,Sumitomo Corp.,Trading companies,2014-12-10,100
0f6c05bff4831033,tgs_stable_v2_universe_lab,U15,43d5dd5aa6be3b0638b5af83976e61a214bd9c37,False,True,survivorship-biased exploratory evidence; not Formal Candidate,8053.T,Sumitomo Corp.,Trading companies,2014-12-11,100
0f6c05bff4831033,tgs_stable_v2_universe_lab,U15,43d5dd5aa6be3b0638b5af83976e61a214bd9c37,False,True,survivorship-biased exploratory evidence; not Formal Candidate,8015.T,Toyota Tsusho Corp.,Trading companies,2014-12-12,90
0f6c05bff4831033,tgs_stable_v2_universe_lab,U15,43d5dd5aa6be3b0638b5af83976e61a214bd9c37,False,True,survivorship-biased exploratory evidence; not Formal Candidate,8802.T,"Mitsubishi Estate Co., Ltd.",Real estate,2014-12-19,90
0f6c05bff4831033,tgs_stable_v2_universe_lab,U15,43d5dd5aa6be3b0638b5af83976e61a214bd9c37,False,True,survivorship-biased exploratory evidence; not Formal Candidate,6273.T,SMC Corporation,Machinery,2014-12-29,90
0f6c05bff4831033,tgs_stable_v2_universe_lab,U15,43d5dd5aa6be3b0638b5af83976e61a214bd9c37,False,True,survivorship-biased exploratory evidence; not Formal Candidate,6273.T,SMC Corporation,Machinery,2015-01-05,90
0f6c05bff4831033,tgs_stable_v2_universe_lab,U15,43d5dd5aa6be3b0638b5af83976e61a214bd9c37,False,True,survivorship-biased exploratory evidence; not Formal Candidate,6367.T,"Daikin Industries, Ltd.",Machinery,2015-01-20,90
0f6c05bff4831033,tgs_stable_v2_universe_lab,U15,43d5dd5aa6be3b0638b5af83976e61a214bd9c37,False,True,survivorship-biased exploratory evidence; not Formal Candidate,5803.T,Fujikura Ltd.,Nonferrous metals,2015-01-21,90
0f6c05bff4831033,tgs_stable_v2_universe_lab,U15,43d5dd5aa6be3b0638b5af83976e61a214bd9c37,False,True,survivorship-biased exploratory evidence; not Formal Candidate,6367.T,"Daikin Industries, Ltd.",Machinery,2015-01-28,90
0f6c05bff4831033,tgs_stable_v2_universe_lab,U15,43d5dd5aa6be3b0638b5af83976e61a214bd9c37,False,True,survivorship-biased exploratory evidence; not Formal Candidate,8015.T,Toyota Tsusho Corp.,Trading companies,2015-01-30,100
0f6c05bff4831033,tgs_stable_v2_universe_lab,U15,43d5dd5aa6be3b0638b5af83976e61a214bd9c37,False,True,survivorship-biased exploratory evidence; not Formal Candidate,8015.T,Toyota Tsusho Corp.,Trading companies,2015-02-02,100
0f6c05bff4831033,tgs_stable_v2_universe_lab,U15,43d5dd5aa6be3b0638b5af83976e61a214bd9c37,False,True,survivorship-biased exploratory evidence; not Formal Candidate,5803.T,Fujikura Ltd.,Nonferrous metals,2015-02-03,90
0f6c05bff4831033,tgs_stable_v2_universe_lab,U15,43d5dd5aa6be3b0638b5af83976e61a214bd9c37,False,True,survivorship-biased exploratory evidence; not Formal Candidate,8015.T,Toyota Tsusho Corp.,Trading companies,2015-02-03,100
0f6c05bff4831033,tgs_stable_v2_universe_lab,U15,43d5dd5aa6be3b0638b5af83976e61a214bd9c37,False,True,survivorship-biased exploratory evidence; not Formal Candidate,8053.T,Sumitomo Corp.,Trading companies,2015-02-06,100
0f6c05bff4831033,tgs_stable_v2_universe_lab,U15,43d5dd5aa6be3b0638b5af83976e61a214bd9c37,False,True,survivorship-biased exploratory evidence; not Formal Candidate,8053.T,Sumitomo Corp.,Trading companies,2015-02-09,100
0f6c05bff4831033,tgs_stable_v2_universe_lab,U15,43d5dd5aa6be3b0638b5af83976e61a214bd9c37,False,True,survivorship-biased exploratory evidence; not Formal Candidate,6367.T,"Daikin Industries, Ltd.",Machinery,2015-02-10,90
0f6c05bff4831033,tgs_stable_v2_universe_lab,U15,43d5dd5aa6be3b0638b5af83976e61a214bd9c37,False,True,survivorship-biased exploratory evidence; not Formal Candidate,8053.T,Sumitomo Corp.,Trading companies,2015-02-10,100
0f6c05bff4831033,tgs_stable_v2_universe_lab,U15,43d5dd5aa6be3b0638b5af83976e61a214bd9c37,False,True,survivorship-biased exploratory evidence; not Formal Candidate,5803.T,Fujikura Ltd.,Nonferrous metals,2015-02-12,90
0f6c05bff4831033,tgs_stable_v2_universe_lab,U15,43d5dd5aa6be3b0638b5af83976e61a214bd9c37,False,True,survivorship-biased exploratory evidence; not Formal Candidate,6367.T,"Daikin Industries, Ltd.",Machinery,2015-02-12,90
0f6c05bff4831033,tgs_stable_v2_universe_lab,U15,43d5dd5aa6be3b0638b5af83976e61a214bd9c37,False,True,survivorship-biased exploratory evidence; not Formal Candidate,8053.T,Sumitomo Corp.,Trading companies,2015-02-12,100
0f6c05bff4831033,tgs_stable_v2_universe_lab,U15,43d5dd5aa6be3b0638b5af83976e61a214bd9c37,False,True,survivorship-biased exploratory evidence; not Formal Candidate,5803.T,Fujikura Ltd.,Nonferrous metals,2015-02-13,90
0f6c05bff4831033,tgs_stable_v2_universe_lab,U15,43d5dd5aa6be3b0638b5af83976e61a214bd9c37,False,True,survivorship-biased exploratory evidence; not Formal Candidate,8801.T,"Mitsui Fudosan Co., Ltd.",Real estate,2015-02-24,100
0f6c05bff4831033,tgs_stable_v2_universe_lab,U15,43d5dd5aa6be3b0638b5af83976e61a214bd9c37,False,True,survivorship-biased exploratory evidence; not Formal Candidate,8801.T,"Mitsui Fudosan Co., Ltd.",Real estate,2015-02-25,100
0f6c05bff4831033,tgs_stable_v2_universe_lab,U15,43d5dd5aa6be3b0638b5af83976e61a214bd9c37,False,True,survivorship-biased exploratory evidence; not Formal Candidate,5802.T,"Sumitomo Electric Industries, Ltd.",Nonferrous metals,2015-02-27,100
0f6c05bff4831033,tgs_stable_v2_universe_lab,U15,43d5dd5aa6be3b0638b5af83976e61a214bd9c37,False,True,survivorship-biased exploratory evidence; not Formal Candidate,6273.T,SMC Corporation,Machinery,2015-02-27,120
0f6c05bff4831033,tgs_stable_v2_universe_lab,U15,43d5dd5aa6be3b0638b5af83976e61a214bd9c37,False,True,survivorship-biased exploratory evidence; not Formal Candidate,8801.T,"Mitsui Fudosan Co., Ltd.",Real estate,2015-02-27,90
0f6c05bff4831033,tgs_stable_v2_universe_lab,U15,43d5dd5aa6be3b0638b5af83976e61a214bd9c37,False,True,survivorship-biased exploratory evidence; not Formal Candidate,5802.T,"Sumitomo Electric Industries, Ltd.",Nonferrous metals,2015-03-02,100
0f6c05bff4831033,tgs_stable_v2_universe_lab,U15,43d5dd5aa6be3b0638b5af83976e61a214bd9c37,False,True,survivorship-biased exploratory evidence; not Formal Candidate,6273.T,SMC Corporation,Machinery,2015-03-02,100
0f6c05bff4831033,tgs_stable_v2_universe_lab,U15,43d5dd5aa6be3b0638b5af83976e61a214bd9c37,False,True,survivorship-biased exploratory evidence; not Formal Candidate,5802.T,"Sumitomo Electric Industries, Ltd.",Nonferrous metals,2015-03-03,100
0f6c05bff4831033,tgs_stable_v2_universe_lab,U15,43d5dd5aa6be3b0638b5af83976e61a214bd9c37,False,True,survivorship-biased exploratory evidence; not Formal Candidate,6273.T,SMC Corporation,Machinery,2015-03-03,100
0f6c05bff4831033,tgs_stable_v2_universe_lab,U15,43d5dd5aa6be3b0638b5af83976e61a214bd9c37,False,True,survivorship-biased exploratory evidence; not Formal Candidate,5802.T,"Sumitomo Electric Industries, Ltd.",Nonferrous metals,2015-03-04,100
0f6c05bff4831033,tgs_stable_v2_universe_lab,U15,43d5dd5aa6be3b0638b5af83976e61a214bd9c37,False,True,survivorship-biased exploratory evidence; not Formal Candidate,6273.T,SMC Corporation,Machinery,2015-03-04,100
0f6c05bff4831033,tgs_stable_v2_universe_lab,U15,43d5dd5aa6be3b0638b5af83976e61a214bd9c37,False,True,survivorship-biased exploratory evidence; not Formal Candidate,8002.T,Marubeni Corp.,Trading companies,2015-03-04,100
0f6c05bff4831033,tgs_stable_v2_universe_lab,U15,43d5dd5aa6be3b0638b5af83976e61a214bd9c37,False,True,survivorship-biased exploratory evidence; not Formal Candidate,5802.T,"Sumitomo Electric Industries, Ltd.",Nonferrous metals,2015-03-05,100
0f6c05bff4831033,tgs_stable_v2_universe_lab,U15,43d5dd5aa6be3b0638b5af83976e61a214bd9c37,False,True,survivorship-biased exploratory evidence; not Formal Candidate,6273.T,SMC Corporation,Machinery,2015-03-05,100
0f6c05bff4831033,tgs_stable_v2_universe_lab,U15,43d5dd5aa6be3b0638b5af83976e61a214bd9c37,False,True,survivorship-biased exploratory evidence; not Formal Candidate,8001.T,Itochu Corp.,Trading companies,2015-03-05,100
0f6c05bff4831033,tgs_stable_v2_universe_lab,U15,43d5dd5aa6be3b0638b5af83976e61a214bd9c37,False,True,survivorship-biased exploratory evidence; not Formal Candidate,8002.T,Marubeni Corp.,Trading companies,2015-03-05,100
0f6c05bff4831033,tgs_stable_v2_universe_lab,U15,43d5dd5aa6be3b0638b5af83976e61a214bd9c37,False,True,survivorship-biased exploratory evidence; not Formal Candidate,8802.T,"Mitsubishi Estate Co., Ltd.",Real estate,2015-03-12,90
0f6c05bff4831033,tgs_stable_v2_universe_lab,U15,43d5dd5aa6be3b0638b5af83976e61a214bd9c37,False,True,survivorship-biased exploratory evidence; not Formal Candidate,8001.T,Itochu Corp.,Trading companies,2015-03-13,90
0f6c05bff4831033,tgs_stable_v2_universe_lab,U15,43d5dd5aa6be3b0638b5af83976e61a214bd9c37,False,True,survivorship-biased exploratory evidence; not Formal Candidate,8015.T,Toyota Tsusho Corp.,Trading companies,2015-03-13,90
0f6c05bff4831033,tgs_stable_v2_universe_lab,U15,43d5dd5aa6be3b0638b5af83976e61a214bd9c37,False,True,survivorship-biased exploratory evidence; not Formal Candidate,7011.T,"Mitsubishi Heavy Industries, Ltd.",Machinery,2015-03-20,100
0f6c05bff4831033,tgs_stable_v2_universe_lab,U15,43d5dd5aa6be3b0638b5af83976e61a214bd9c37,False,True,survivorship-biased exploratory evidence; not Formal Candidate,7011.T,"Mitsubishi Heavy Industries, Ltd.",Machinery,2015-03-23,100
0f6c05bff4831033,tgs_stable_v2_universe_lab,U15,43d5dd5aa6be3b0638b5af83976e61a214bd9c37,False,True,survivorship-biased exploratory evidence; not Formal Candidate,7011.T,"Mitsubishi Heavy Industries, Ltd.",Machinery,2015-03-24,100
0f6c05bff4831033,tgs_stable_v2_universe_lab,U15,43d5dd5aa6be3b0638b5af83976e61a214bd9c37,False,True,survivorship-biased exploratory evidence; not Formal Candidate,7011.T,"Mitsubishi Heavy Industries, Ltd.",Machinery,2015-03-25,100
0f6c05bff4831033,tgs_stable_v2_universe_lab,U15,43d5dd5aa6be3b0638b5af83976e61a214bd9c37,False,True,survivorship-biased exploratory evidence; not Formal Candidate,7011.T,"Mitsubishi Heavy Industries, Ltd.",Machinery,2015-03-26,100
0f6c05bff4831033,tgs_stable_v2_universe_lab,U15,43d5dd5aa6be3b0638b5af83976e61a214bd9c37,False,True,survivorship-biased exploratory evidence; not Formal Candidate,8031.T,"Mitsui & Co., Ltd.",Trading companies,2015-03-27,90
0f6c05bff4831033,tgs_stable_v2_universe_lab,U15,43d5dd5aa6be3b0638b5af83976e61a214bd9c37,False,True,survivorship-biased exploratory evidence; not Formal Candidate,8802.T,"Mitsubishi Estate Co., Ltd.",Real estate,2015-03-31,90
0f6c05bff4831033,tgs_stable_v2_universe_lab,U15,43d5dd5aa6be3b0638b5af83976e61a214bd9c37,False,True,survivorship-biased exploratory evidence; not Formal Candidate,5803.T,Fujikura Ltd.,Nonferrous metals,2015-04-01,90
0f6c05bff4831033,tgs_stable_v2_universe_lab,U15,43d5dd5aa6be3b0638b5af83976e61a214bd9c37,False,True,survivorship-biased exploratory evidence; not Formal Candidate,5801.T,"The Furukawa Electric Co., Ltd.",Nonferrous metals,2015-04-17,90
0f6c05bff4831033,tgs_stable_v2_universe_lab,U15,43d5dd5aa6be3b0638b5af83976e61a214bd9c37,False,True,survivorship-biased exploratory evidence; not Formal Candidate,7011.T,"Mitsubishi Heavy Industries, Ltd.",Machinery,2015-04-17,120
0f6c05bff4831033,tgs_stable_v2_universe_lab,U15,43d5dd5aa6be3b0638b5af83976e61a214bd9c37,False,True,survivorship-biased exploratory evidence; not Formal Candidate,7011.T,"Mitsubishi Heavy Industries, Ltd.",Machinery,2015-04-20,100
0f6c05bff4831033,tgs_stable_v2_universe_lab,U15,43d5dd5aa6be3b0638b5af83976e61a214bd9c37,False,True,survivorship-biased exploratory evidence; not Formal Candidate,7011.T,"Mitsubishi Heavy Industries, Ltd.",Machinery,2015-04-21,100
0f6c05bff4831033,tgs_stable_v2_universe_lab,U15,43d5dd5aa6be3b0638b5af83976e61a214bd9c37,False,True,survivorship-biased exploratory evidence; not Formal Candidate,7011.T,"Mitsubishi Heavy Industries, Ltd.",Machinery,2015-04-22,100
0f6c05bff4831033,tgs_stable_v2_universe_lab,U15,43d5dd5aa6be3b0638b5af83976e61a214bd9c37,False,True,survivorship-biased exploratory evidence; not Formal Candidate,7011.T,"Mitsubishi Heavy Industries, Ltd.",Machinery,2015-04-23,100
0f6c05bff4831033,tgs_stable_v2_universe_lab,U15,43d5dd5aa6be3b0638b5af83976e61a214bd9c37,False,True,survivorship-biased exploratory evidence; not Formal Candidate,8031.T,"Mitsui & Co., Ltd.",Trading companies,2015-04-23,90
0f6c05bff4831033,tgs_stable_v2_universe_lab,U15,43d5dd5aa6be3b0638b5af83976e61a214bd9c37,False,True,survivorship-biased exploratory evidence; not Formal Candidate,8015.T,Toyota Tsusho Corp.,Trading companies,2015-04-24,90
0f6c05bff4831033,tgs_stable_v2_universe_lab,U15,43d5dd5aa6be3b0638b5af83976e61a214bd9c37,False,True,survivorship-biased exploratory evidence; not Formal Candidate,8015.T,Toyota Tsusho Corp.,Trading companies,2015-04-28,90
0f6c05bff4831033,tgs_stable_v2_universe_lab,U15,43d5dd5aa6be3b0638b5af83976e61a214bd9c37,False,True,survivorship-biased exploratory evidence; not Formal Candidate,6273.T,SMC Corporation,Machinery,2015-05-07,90
0f6c05bff4831033,tgs_stable_v2_universe_lab,U15,43d5dd5aa6be3b0638b5af83976e61a214bd9c37,False,True,survivorship-biased exploratory evidence; not Formal Candidate,8002.T,Marubeni Corp.,Trading companies,2015-05-08,90
0f6c05bff4831033,tgs_stable_v2_universe_lab,U15,43d5dd5aa6be3b0638b5af83976e61a214bd9c37,False,True,survivorship-biased exploratory evidence; not Formal Candidate,8058.T,Mitsubishi Corp.,Trading companies,2015-05-08,90
0f6c05bff4831033,tgs_stable_v2_universe_lab,U15,43d5dd5aa6be3b0638b5af83976e61a214bd9c37,False,True,survivorship-biased exploratory evidence; not Formal Candidate,8002.T,Marubeni Corp.,Trading companies,2015-05-11,90
0f6c05bff4831033,tgs_stable_v2_universe_lab,U15,43d5dd5aa6be3b0638b5af83976e61a214bd9c37,False,True,survivorship-biased exploratory evidence; not Formal Candidate,8801.T,"Mitsui Fudosan Co., Ltd.",Real estate,2015-05-20,90
0f6c05bff4831033,tgs_stable_v2_universe_lab,U15,43d5dd5aa6be3b0638b5af83976e61a214bd9c37,False,True,survivorship-biased exploratory evidence; not Formal Candidate,8801.T,"Mitsui Fudosan Co., Ltd.",Real estate,2015-05-21,90
0f6c05bff4831033,tgs_stable_v2_universe_lab,U15,43d5dd5aa6be3b0638b5af83976e61a214bd9c37,False,True,survivorship-biased exploratory evidence; not Formal Candidate,6301.T,Komatsu Ltd.,Machinery,2015-05-22,100
0f6c05bff4831033,tgs_stable_v2_universe_lab,U15,43d5dd5aa6be3b0638b5af83976e61a214bd9c37,False,True,survivorship-biased exploratory evidence; not Formal Candidate,6367.T,"Daikin Industries, Ltd.",Machinery,2015-05-22,100
0f6c05bff4831033,tgs_stable_v2_universe_lab,U15,43d5dd5aa6be3b0638b5af83976e61a214bd9c37,False,True,survivorship-biased exploratory evidence; not Formal Candidate,6301.T,Komatsu Ltd.,Machinery,2015-05-26,100
0f6c05bff4831033,tgs_stable_v2_universe_lab,U15,43d5dd5aa6be3b0638b5af83976e61a214bd9c37,False,True,survivorship-biased exploratory evidence; not Formal Candidate,6301.T,Komatsu Ltd.,Machinery,2015-05-27,100
0f6c05bff4831033,tgs_stable_v2_universe_lab,U15,43d5dd5aa6be3b0638b5af83976e61a214bd9c37,False,True,survivorship-biased exploratory evidence; not Formal Candidate,6273.T,SMC Corporation,Machinery,2015-05-29,100
0f6c05bff4831033,tgs_stable_v2_universe_lab,U15,43d5dd5aa6be3b0638b5af83976e61a214bd9c37,False,True,survivorship-biased exploratory evidence; not Formal Candidate,6273.T,SMC Corporation,Machinery,2015-06-01,100
0f6c05bff4831033,tgs_stable_v2_universe_lab,U15,43d5dd5aa6be3b0638b5af83976e61a214bd9c37,False,True,survivorship-biased exploratory evidence; not Formal Candidate,8015.T,Toyota Tsusho Corp.,Trading companies,2015-06-02,100
0f6c05bff4831033,tgs_stable_v2_universe_lab,U15,43d5dd5aa6be3b0638b5af83976e61a214bd9c37,False,True,survivorship-biased exploratory evidence; not Formal Candidate,8015.T,Toyota Tsusho Corp.,Trading companies,2015-06-03,100
0f6c05bff4831033,tgs_stable_v2_universe_lab,U15,43d5dd5aa6be3b0638b5af83976e61a214bd9c37,False,True,survivorship-biased exploratory evidence; not Formal Candidate,8015.T,Toyota Tsusho Corp.,Trading companies,2015-06-04,100
0f6c05bff4831033,tgs_stable_v2_universe_lab,U15,43d5dd5aa6be3b0638b5af83976e61a214bd9c37,False,True,survivorship-biased exploratory evidence; not Formal Candidate,8015.T,Toyota Tsusho Corp.,Trading companies,2015-06-10,90
0f6c05bff4831033,tgs_stable_v2_universe_lab,U15,43d5dd5aa6be3b0638b5af83976e61a214bd9c37,False,True,survivorship-biased exploratory evidence; not Formal Candidate,8801.T,"Mitsui Fudosan Co., Ltd.",Real estate,2015-06-10,90
0f6c05bff4831033,tgs_stable_v2_universe_lab,U15,43d5dd5aa6be3b0638b5af83976e61a214bd9c37,False,True,survivorship-biased exploratory evidence; not Formal Candidate,6367.T,"Daikin Industries, Ltd.",Machinery,2015-06-12,90
0f6c05bff4831033,tgs_stable_v2_universe_lab,U15,43d5dd5aa6be3b0638b5af83976e61a214bd9c37,False,True,survivorship-biased exploratory evidence; not Formal Candidate,8015.T,Toyota Tsusho Corp.,Trading companies,2015-06-12,90
0f6c05bff4831033,tgs_stable_v2_universe_lab,U15,43d5dd5aa6be3b0638b5af83976e61a214bd9c37,False,True,survivorship-biased exploratory evidence; not Formal Candidate,6273.T,SMC Corporation,Machinery,2015-06-23,90
0f6c05bff4831033,tgs_stable_v2_universe_lab,U15,43d5dd5aa6be3b0638b5af83976e61a214bd9c37,False,True,survivorship-biased exploratory evidence; not Formal Candidate,8001.T,Itochu Corp.,Trading companies,2015-06-24,90
0f6c05bff4831033,tgs_stable_v2_universe_lab,U15,43d5dd5aa6be3b0638b5af83976e61a214bd9c37,False,True,survivorship-biased exploratory evidence; not Formal Candidate,5802.T,"Sumitomo Electric Industries, Ltd.",Nonferrous metals,2015-06-30,90
0f6c05bff4831033,tgs_stable_v2_universe_lab,U15,43d5dd5aa6be3b0638b5af83976e61a214bd9c37,False,True,survivorship-biased exploratory evidence; not Formal Candidate,5802.T,"Sumitomo Electric Industries, Ltd.",Nonferrous metals,2015-07-22,90
0f6c05bff4831033,tgs_stable_v2_universe_lab,U15,43d5dd5aa6be3b0638b5af83976e61a214bd9c37,False,True,survivorship-biased exploratory evidence; not Formal Candidate,8802.T,"Mitsubishi Estate Co., Ltd.",Real estate,2015-08-07,100
0f6c05bff4831033,tgs_stable_v2_universe_lab,U15,43d5dd5aa6be3b0638b5af83976e61a214bd9c37,False,True,survivorship-biased exploratory evidence; not Formal Candidate,8802.T,"Mitsubishi Estate Co., Ltd.",Real estate,2015-08-10,100
0f6c05bff4831033,tgs_stable_v2_universe_lab,U15,43d5dd5aa6be3b0638b5af83976e61a214bd9c37,False,True,survivorship-biased exploratory evidence; not Formal Candidate,8802.T,"Mitsubishi Estate Co., Ltd.",Real estate,2015-08-11,100
0f6c05bff4831033,tgs_stable_v2_universe_lab,U15,43d5dd5aa6be3b0638b5af83976e61a214bd9c37,False,True,survivorship-biased exploratory evidence; not Formal Candidate,8802.T,"Mitsubishi Estate Co., Ltd.",Real estate,2015-08-12,100
0f6c05bff4831033,tgs_stable_v2_universe_lab,U15,43d5dd5aa6be3b0638b5af83976e61a214bd9c37,False,True,survivorship-biased exploratory evidence; not Formal Candidate,8802.T,"Mitsubishi Estate Co., Ltd.",Real estate,2015-08-13,100
0f6c05bff4831033,tgs_stable_v2_universe_lab,U15,43d5dd5aa6be3b0638b5af83976e61a214bd9c37,False,True,survivorship-biased exploratory evidence; not Formal Candidate,8002.T,Marubeni Corp.,Trading companies,2015-08-14,100
0f6c05bff4831033,tgs_stable_v2_universe_lab,U15,43d5dd5aa6be3b0638b5af83976e61a214bd9c37,False,True,survivorship-biased exploratory evidence; not Formal Candidate,8801.T,"Mitsui Fudosan Co., Ltd.",Real estate,2015-08-14,100
0f6c05bff4831033,tgs_stable_v2_universe_lab,U15,43d5dd5aa6be3b0638b5af83976e61a214bd9c37,False,True,survivorship-biased exploratory evidence; not Formal Candidate,8002.T,Marubeni Corp.,Trading companies,2015-08-17,100
0f6c05bff4831033,tgs_stable_v2_universe_lab,U15,43d5dd5aa6be3b0638b5af83976e61a214bd9c37,False,True,survivorship-biased exploratory evidence; not Formal Candidate,8002.T,Marubeni Corp.,Trading companies,2015-08-18,100
0f6c05bff4831033,tgs_stable_v2_universe_lab,U15,43d5dd5aa6be3b0638b5af83976e61a214bd9c37,False,True,survivorship-biased exploratory evidence; not Formal Candidate,8002.T,Marubeni Corp.,Trading companies,2015-08-19,100
0f6c05bff4831033,tgs_stable_v2_universe_lab,U15,43d5dd5aa6be3b0638b5af83976e61a214bd9c37,False,True,survivorship-biased exploratory evidence; not Formal Candidate,8801.T,"Mitsui Fudosan Co., Ltd.",Real estate,2015-08-19,100
0f6c05bff4831033,tgs_stable_v2_universe_lab,U15,43d5dd5aa6be3b0638b5af83976e61a214bd9c37,False,True,survivorship-biased exploratory evidence; not Formal Candidate,8002.T,Marubeni Corp.,Trading companies,2015-08-20,100
0f6c05bff4831033,tgs_stable_v2_universe_lab,U15,43d5dd5aa6be3b0638b5af83976e61a214bd9c37,False,True,survivorship-biased exploratory evidence; not Formal Candidate,8801.T,"Mitsui Fudosan Co., Ltd.",Real estate,2015-08-21,90
0f6c05bff4831033,tgs_stable_v2_universe_lab,U15,43d5dd5aa6be3b0638b5af83976e61a214bd9c37,False,True,survivorship-biased exploratory evidence; not Formal Candidate,8802.T,"Mitsubishi Estate Co., Ltd.",Real estate,2015-08-21,90
0f6c05bff4831033,tgs_stable_v2_universe_lab,U15,43d5dd5aa6be3b0638b5af83976e61a214bd9c37,False,True,survivorship-biased exploratory evidence; not Formal Candidate,5801.T,"The Furukawa Electric Co., Ltd.",Nonferrous metals,2015-10-16,100
0f6c05bff4831033,tgs_stable_v2_universe_lab,U15,43d5dd5aa6be3b0638b5af83976e61a214bd9c37,False,True,survivorship-biased exploratory evidence; not Formal Candidate,5801.T,"The Furukawa Electric Co., Ltd.",Nonferrous metals,2015-10-19,100
0f6c05bff4831033,tgs_stable_v2_universe_lab,U15,43d5dd5aa6be3b0638b5af83976e61a214bd9c37,False,True,survivorship-biased exploratory evidence; not Formal Candidate,5801.T,"The Furukawa Electric Co., Ltd.",Nonferrous metals,2015-10-20,100
0f6c05bff4831033,tgs_stable_v2_universe_lab,U15,43d5dd5aa6be3b0638b5af83976e61a214bd9c37,False,True,survivorship-biased exploratory evidence; not Formal Candidate,5801.T,"The Furukawa Electric Co., Ltd.",Nonferrous metals,2015-10-21,100
0f6c05bff4831033,tgs_stable_v2_universe_lab,U15,43d5dd5aa6be3b0638b5af83976e61a214bd9c37,False,True,survivorship-biased exploratory evidence; not Formal Candidate,5801.T,"The Furukawa Electric Co., Ltd.",Nonferrous metals,2015-10-22,100
0f6c05bff4831033,tgs_stable_v2_universe_lab,U15,43d5dd5aa6be3b0638b5af83976e61a214bd9c37,False,True,survivorship-biased exploratory evidence; not Formal Candidate,8002.T,Marubeni Corp.,Trading companies,2015-10-23,100
0f6c05bff4831033,tgs_stable_v2_universe_lab,U15,43d5dd5aa6be3b0638b5af83976e61a214bd9c37,False,True,survivorship-biased exploratory evidence; not Formal Candidate,8002.T,Marubeni Corp.,Trading companies,2015-10-26,100
0f6c05bff4831033,tgs_stable_v2_universe_lab,U15,43d5dd5aa6be3b0638b5af83976e61a214bd9c37,False,True,survivorship-biased exploratory evidence; not Formal Candidate,8002.T,Marubeni Corp.,Trading companies,2015-10-27,100
0f6c05bff4831033,tgs_stable_v2_universe_lab,U15,43d5dd5aa6be3b0638b5af83976e61a214bd9c37,False,True,survivorship-biased exploratory evidence; not Formal Candidate,8002.T,Marubeni Corp.,Trading companies,2015-10-28,100
0f6c05bff4831033,tgs_stable_v2_universe_lab,U15,43d5dd5aa6be3b0638b5af83976e61a214bd9c37,False,True,survivorship-biased exploratory evidence; not Formal Candidate,8002.T,Marubeni Corp.,Trading companies,2015-10-29,120
0f6c05bff4831033,tgs_stable_v2_universe_lab,U15,43d5dd5aa6be3b0638b5af83976e61a214bd9c37,False,True,survivorship-biased exploratory evidence; not Formal Candidate,6273.T,SMC Corporation,Machinery,2015-10-30,100
0f6c05bff4831033,tgs_stable_v2_universe_lab,U15,43d5dd5aa6be3b0638b5af83976e61a214bd9c37,False,True,survivorship-biased exploratory evidence; not Formal Candidate,6367.T,"Daikin Industries, Ltd.",Machinery,2015-10-30,100
0f6c05bff4831033,tgs_stable_v2_universe_lab,U15,43d5dd5aa6be3b0638b5af83976e61a214bd9c37,False,True,survivorship-biased exploratory evidence; not Formal Candidate,7011.T,"Mitsubishi Heavy Industries, Ltd.",Machinery,2015-10-30,120
0f6c05bff4831033,tgs_stable_v2_universe_lab,U15,43d5dd5aa6be3b0638b5af83976e61a214bd9c37,False,True,survivorship-biased exploratory evidence; not Formal Candidate,8001.T,Itochu Corp.,Trading companies,2015-10-30,100
0f6c05bff4831033,tgs_stable_v2_universe_lab,U15,43d5dd5aa6be3b0638b5af83976e61a214bd9c37,False,True,survivorship-biased exploratory evidence; not Formal Candidate,6273.T,SMC Corporation,Machinery,2015-11-02,100
0f6c05bff4831033,tgs_stable_v2_universe_lab,U15,43d5dd5aa6be3b0638b5af83976e61a214bd9c37,False,True,survivorship-biased exploratory evidence; not Formal Candidate,6367.T,"Daikin Industries, Ltd.",Machinery,2015-11-02,100
0f6c05bff4831033,tgs_stable_v2_universe_lab,U15,43d5dd5aa6be3b0638b5af83976e61a214bd9c37,False,True,survivorship-biased exploratory evidence; not Formal Candidate,7011.T,"Mitsubishi Heavy Industries, Ltd.",Machinery,2015-11-02,100
0f6c05bff4831033,tgs_stable_v2_universe_lab,U15,43d5dd5aa6be3b0638b5af83976e61a214bd9c37,False,True,survivorship-biased exploratory evidence; not Formal Candidate,8001.T,Itochu Corp.,Trading companies,2015-11-02,100
0f6c05bff4831033,tgs_stable_v2_universe_lab,U15,43d5dd5aa6be3b0638b5af83976e61a214bd9c37,False,True,survivorship-biased exploratory evidence; not Formal Candidate,6273.T,SMC Corporation,Machinery,2015-11-04,100
0f6c05bff4831033,tgs_stable_v2_universe_lab,U15,43d5dd5aa6be3b0638b5af83976e61a214bd9c37,False,True,survivorship-biased exploratory evidence; not Formal Candidate,6367.T,"Daikin Industries, Ltd.",Machinery,2015-11-04,100
0f6c05bff4831033,tgs_stable_v2_universe_lab,U15,43d5dd5aa6be3b0638b5af83976e61a214bd9c37,False,True,survivorship-biased exploratory evidence; not Formal Candidate,7011.T,"Mitsubishi Heavy Industries, Ltd.",Machinery,2015-11-04,100
0f6c05bff4831033,tgs_stable_v2_universe_lab,U15,43d5dd5aa6be3b0638b5af83976e61a214bd9c37,False,True,survivorship-biased exploratory evidence; not Formal Candidate,8001.T,Itochu Corp.,Trading companies,2015-11-04,100
0f6c05bff4831033,tgs_stable_v2_universe_lab,U15,43d5dd5aa6be3b0638b5af83976e61a214bd9c37,False,True,survivorship-biased exploratory evidence; not Formal Candidate,6273.T,SMC Corporation,Machinery,2015-11-05,100
0f6c05bff4831033,tgs_stable_v2_universe_lab,U15,43d5dd5aa6be3b0638b5af83976e61a214bd9c37,False,True,survivorship-biased exploratory evidence; not Formal Candidate,6367.T,"Daikin Industries, Ltd.",Machinery,2015-11-05,100
0f6c05bff4831033,tgs_stable_v2_universe_lab,U15,43d5dd5aa6be3b0638b5af83976e61a214bd9c37,False,True,survivorship-biased exploratory evidence; not Formal Candidate,7011.T,"Mitsubishi Heavy Industries, Ltd.",Machinery,2015-11-05,100
0f6c05bff4831033,tgs_stable_v2_universe_lab,U15,43d5dd5aa6be3b0638b5af83976e61a214bd9c37,False,True,survivorship-biased exploratory evidence; not Formal Candidate,8001.T,Itochu Corp.,Trading companies,2015-11-05,100
0f6c05bff4831033,tgs_stable_v2_universe_lab,U15,43d5dd5aa6be3b0638b5af83976e61a214bd9c37,False,True,survivorship-biased exploratory evidence; not Formal Candidate,8053.T,Sumitomo Corp.,Trading companies,2015-11-06,100
0f6c05bff4831033,tgs_stable_v2_universe_lab,U15,43d5dd5aa6be3b0638b5af83976e61a214bd9c37,False,True,survivorship-biased exploratory evidence; not Formal Candidate,8053.T,Sumitomo Corp.,Trading companies,2015-11-09,100
0f6c05bff4831033,tgs_stable_v2_universe_lab,U15,43d5dd5aa6be3b0638b5af83976e61a214bd9c37,False,True,survivorship-biased exploratory evidence; not Formal Candidate,8053.T,Sumitomo Corp.,Trading companies,2015-11-10,100
0f6c05bff4831033,tgs_stable_v2_universe_lab,U15,43d5dd5aa6be3b0638b5af83976e61a214bd9c37,False,True,survivorship-biased exploratory evidence; not Formal Candidate,7011.T,"Mitsubishi Heavy Industries, Ltd.",Machinery,2015-11-11,90
0f6c05bff4831033,tgs_stable_v2_universe_lab,U15,43d5dd5aa6be3b0638b5af83976e61a214bd9c37,False,True,survivorship-biased exploratory evidence; not Formal Candidate,8053.T,Sumitomo Corp.,Trading companies,2015-11-11,100
0f6c05bff4831033,tgs_stable_v2_universe_lab,U15,43d5dd5aa6be3b0638b5af83976e61a214bd9c37,False,True,survivorship-biased exploratory evidence; not Formal Candidate,8053.T,Sumitomo Corp.,Trading companies,2015-11-12,100
0f6c05bff4831033,tgs_stable_v2_universe_lab,U15,43d5dd5aa6be3b0638b5af83976e61a214bd9c37,False,True,survivorship-biased exploratory evidence; not Formal Candidate,8015.T,Toyota Tsusho Corp.,Trading companies,2015-11-13,100
0f6c05bff4831033,tgs_stable_v2_universe_lab,U15,43d5dd5aa6be3b0638b5af83976e61a214bd9c37,False,True,survivorship-biased exploratory evidence; not Formal Candidate,8031.T,"Mitsui & Co., Ltd.",Trading companies,2015-11-13,100
0f6c05bff4831033,tgs_stable_v2_universe_lab,U15,43d5dd5aa6be3b0638b5af83976e61a214bd9c37,False,True,survivorship-biased exploratory evidence; not Formal Candidate,8015.T,Toyota Tsusho Corp.,Trading companies,2015-11-16,100
0f6c05bff4831033,tgs_stable_v2_universe_lab,U15,43d5dd5aa6be3b0638b5af83976e61a214bd9c37,False,True,survivorship-biased exploratory evidence; not Formal Candidate,8031.T,"Mitsui & Co., Ltd.",Trading companies,2015-11-16,100
0f6c05bff4831033,tgs_stable_v2_universe_lab,U15,43d5dd5aa6be3b0638b5af83976e61a214bd9c37,False,True,survivorship-biased exploratory evidence; not Formal Candidate,8015.T,Toyota Tsusho Corp.,Trading companies,2015-11-17,100
0f6c05bff4831033,tgs_stable_v2_universe_lab,U15,43d5dd5aa6be3b0638b5af83976e61a214bd9c37,False,True,survivorship-biased exploratory evidence; not Formal Candidate,8031.T,"Mitsui & Co., Ltd.",Trading companies,2015-11-17,100
0f6c05bff4831033,tgs_stable_v2_universe_lab,U15,43d5dd5aa6be3b0638b5af83976e61a214bd9c37,False,True,survivorship-biased exploratory evidence; not Formal Candidate,8015.T,Toyota Tsusho Corp.,Trading companies,2015-11-18,100
0f6c05bff4831033,tgs_stable_v2_universe_lab,U15,43d5dd5aa6be3b0638b5af83976e61a214bd9c37,False,True,survivorship-biased exploratory evidence; not Formal Candidate,8031.T,"Mitsui & Co., Ltd.",Trading companies,2015-11-18,100
0f6c05bff4831033,tgs_stable_v2_universe_lab,U15,43d5dd5aa6be3b0638b5af83976e61a214bd9c37,False,True,survivorship-biased exploratory evidence; not Formal Candidate,8015.T,Toyota Tsusho Corp.,Trading companies,2015-11-19,100
0f6c05bff4831033,tgs_stable_v2_universe_lab,U15,43d5dd5aa6be3b0638b5af83976e61a214bd9c37,False,True,survivorship-biased exploratory evidence; not Formal Candidate,8031.T,"Mitsui & Co., Ltd.",Trading companies,2015-11-19,100
0f6c05bff4831033,tgs_stable_v2_universe_lab,U15,43d5dd5aa6be3b0638b5af83976e61a214bd9c37,False,True,survivorship-biased exploratory evidence; not Formal Candidate,8802.T,"Mitsubishi Estate Co., Ltd.",Real estate,2015-11-20,100
0f6c05bff4831033,tgs_stable_v2_universe_lab,U15,43d5dd5aa6be3b0638b5af83976e61a214bd9c37,False,True,survivorship-biased exploratory evidence; not Formal Candidate,8802.T,"Mitsubishi Estate Co., Ltd.",Real estate,2015-11-24,100
0f6c05bff4831033,tgs_stable_v2_universe_lab,U15,43d5dd5aa6be3b0638b5af83976e61a214bd9c37,False,True,survivorship-biased exploratory evidence; not Formal Candidate,8802.T,"Mitsubishi Estate Co., Ltd.",Real estate,2015-11-25,100
0f6c05bff4831033,tgs_stable_v2_universe_lab,U15,43d5dd5aa6be3b0638b5af83976e61a214bd9c37,False,True,survivorship-biased exploratory evidence; not Formal Candidate,8802.T,"Mitsubishi Estate Co., Ltd.",Real estate,2015-11-26,100
0f6c05bff4831033,tgs_stable_v2_universe_lab,U15,43d5dd5aa6be3b0638b5af83976e61a214bd9c37,False,True,survivorship-biased exploratory evidence; not Formal Candidate,5802.T,"Sumitomo Electric Industries, Ltd.",Nonferrous metals,2015-11-27,100
0f6c05bff4831033,tgs_stable_v2_universe_lab,U15,43d5dd5aa6be3b0638b5af83976e61a214bd9c37,False,True,survivorship-biased exploratory evidence; not Formal Candidate,5802.T,"Sumitomo Electric Industries, Ltd.",Nonferrous metals,2015-11-30,100
0f6c05bff4831033,tgs_stable_v2_universe_lab,U15,43d5dd5aa6be3b0638b5af83976e61a214bd9c37,False,True,survivorship-biased exploratory evidence; not Formal Candidate,8001.T,Itochu Corp.,Trading companies,2015-11-30,90
0f6c05bff4831033,tgs_stable_v2_universe_lab,U15,43d5dd5aa6be3b0638b5af83976e61a214bd9c37,False,True,survivorship-biased exploratory evidence; not Formal Candidate,8002.T,Marubeni Corp.,Trading companies,2015-11-30,90
0f6c05bff4831033,tgs_stable_v2_universe_lab,U15,43d5dd5aa6be3b0638b5af83976e61a214bd9c37,False,True,survivorship-biased exploratory evidence; not Formal Candidate,8053.T,Sumitomo Corp.,Trading companies,2015-11-30,90
0f6c05bff4831033,tgs_stable_v2_universe_lab,U15,43d5dd5aa6be3b0638b5af83976e61a214bd9c37,False,True,survivorship-biased exploratory evidence; not Formal Candidate,5802.T,"Sumitomo Electric Industries, Ltd.",Nonferrous metals,2015-12-01,100
0f6c05bff4831033,tgs_stable_v2_universe_lab,U15,43d5dd5aa6be3b0638b5af83976e61a214bd9c37,False,True,survivorship-biased exploratory evidence; not Formal Candidate,5802.T,"Sumitomo Electric Industries, Ltd.",Nonferrous metals,2015-12-02,100
0f6c05bff4831033,tgs_stable_v2_universe_lab,U15,43d5dd5aa6be3b0638b5af83976e61a214bd9c37,False,True,survivorship-biased exploratory evidence; not Formal Candidate,5802.T,"Sumitomo Electric Industries, Ltd.",Nonferrous metals,2015-12-03,100
0f6c05bff4831033,tgs_stable_v2_universe_lab,U15,43d5dd5aa6be3b0638b5af83976e61a214bd9c37,False,True,survivorship-biased exploratory evidence; not Formal Candidate,8002.T,Marubeni Corp.,Trading companies,2015-12-08,90
0f6c05bff4831033,tgs_stable_v2_universe_lab,U15,43d5dd5aa6be3b0638b5af83976e61a214bd9c37,False,True,survivorship-biased exploratory evidence; not Formal Candidate,8031.T,"Mitsui & Co., Ltd.",Trading companies,2015-12-08,90
0f6c05bff4831033,tgs_stable_v2_universe_lab,U15,43d5dd5aa6be3b0638b5af83976e61a214bd9c37,False,True,survivorship-biased exploratory evidence; not Formal Candidate,8053.T,Sumitomo Corp.,Trading companies,2015-12-08,90
0f6c05bff4831033,tgs_stable_v2_universe_lab,U15,43d5dd5aa6be3b0638b5af83976e61a214bd9c37,False,True,survivorship-biased exploratory evidence; not Formal Candidate,6367.T,"Daikin Industries, Ltd.",Machinery,2015-12-09,90
0f6c05bff4831033,tgs_stable_v2_universe_lab,U15,43d5dd5aa6be3b0638b5af83976e61a214bd9c37,False,True,survivorship-biased exploratory evidence; not Formal Candidate,5802.T,"Sumitomo Electric Industries, Ltd.",Nonferrous metals,2015-12-11,90
0f6c05bff4831033,tgs_stable_v2_universe_lab,U15,43d5dd5aa6be3b0638b5af83976e61a214bd9c37,False,True,survivorship-biased exploratory evidence; not Formal Candidate,6367.T,"Daikin Industries, Ltd.",Machinery,2015-12-11,90
0f6c05bff4831033,tgs_stable_v2_universe_lab,U15,43d5dd5aa6be3b0638b5af83976e61a214bd9c37,False,True,survivorship-biased exploratory evidence; not Formal Candidate,8015.T,Toyota Tsusho Corp.,Trading companies,2015-12-11,90
0f6c05bff4831033,tgs_stable_v2_universe_lab,U15,43d5dd5aa6be3b0638b5af83976e61a214bd9c37,False,True,survivorship-biased exploratory evidence; not Formal Candidate,6367.T,"Daikin Industries, Ltd.",Machinery,2015-12-14,90
0f6c05bff4831033,tgs_stable_v2_universe_lab,U15,43d5dd5aa6be3b0638b5af83976e61a214bd9c37,False,True,survivorship-biased exploratory evidence; not Formal Candidate,8015.T,Toyota Tsusho Corp.,Trading companies,2015-12-18,90
0f6c05bff4831033,tgs_stable_v2_universe_lab,U15,43d5dd5aa6be3b0638b5af83976e61a214bd9c37,False,True,survivorship-biased exploratory evidence; not Formal Candidate,5802.T,"Sumitomo Electric Industries, Ltd.",Nonferrous metals,2016-01-04,100
0f6c05bff4831033,tgs_stable_v2_universe_lab,U15,43d5dd5aa6be3b0638b5af83976e61a214bd9c37,False,True,survivorship-biased exploratory evidence; not Formal Candidate,5801.T,"The Furukawa Electric Co., Ltd.",Nonferrous metals,2016-01-05,90
0f6c05bff4831033,tgs_stable_v2_universe_lab,U15,43d5dd5aa6be3b0638b5af83976e61a214bd9c37,False,True,survivorship-biased exploratory evidence; not Formal Candidate,5802.T,"Sumitomo Electric Industries, Ltd.",Nonferrous metals,2016-01-05,100
0f6c05bff4831033,tgs_stable_v2_universe_lab,U15,43d5dd5aa6be3b0638b5af83976e61a214bd9c37,False,True,survivorship-biased exploratory evidence; not Formal Candidate,5801.T,"The Furukawa Electric Co., Ltd.",Nonferrous metals,2016-01-06,90
0f6c05bff4831033,tgs_stable_v2_universe_lab,U15,43d5dd5aa6be3b0638b5af83976e61a214bd9c37,False,True,survivorship-biased exploratory evidence; not Formal Candidate,5802.T,"Sumitomo Electric Industries, Ltd.",Nonferrous metals,2016-01-06,100
0f6c05bff4831033,tgs_stable_v2_universe_lab,U15,43d5dd5aa6be3b0638b5af83976e61a214bd9c37,False,True,survivorship-biased exploratory evidence; not Formal Candidate,5801.T,"The Furukawa Electric Co., Ltd.",Nonferrous metals,2016-01-07,90
0f6c05bff4831033,tgs_stable_v2_universe_lab,U15,43d5dd5aa6be3b0638b5af83976e61a214bd9c37,False,True,survivorship-biased exploratory evidence; not Formal Candidate,5801.T,"The Furukawa Electric Co., Ltd.",Nonferrous metals,2016-01-08,90
0f6c05bff4831033,tgs_stable_v2_universe_lab,U15,43d5dd5aa6be3b0638b5af83976e61a214bd9c37,False,True,survivorship-biased exploratory evidence; not Formal Candidate,5801.T,"The Furukawa Electric Co., Ltd.",Nonferrous metals,2016-01-12,90
0f6c05bff4831033,tgs_stable_v2_universe_lab,U15,43d5dd5aa6be3b0638b5af83976e61a214bd9c37,False,True,survivorship-biased exploratory evidence; not Formal Candidate,8001.T,Itochu Corp.,Trading companies,2016-03-04,100
0f6c05bff4831033,tgs_stable_v2_universe_lab,U15,43d5dd5aa6be3b0638b5af83976e61a214bd9c37,False,True,survivorship-biased exploratory evidence; not Formal Candidate,8031.T,"Mitsui & Co., Ltd.",Trading companies,2016-03-04,100
0f6c05bff4831033,tgs_stable_v2_universe_lab,U15,43d5dd5aa6be3b0638b5af83976e61a214bd9c37,False,True,survivorship-biased exploratory evidence; not Formal Candidate,8058.T,Mitsubishi Corp.,Trading companies,2016-03-04,100
0f6c05bff4831033,tgs_stable_v2_universe_lab,U15,43d5dd5aa6be3b0638b5af83976e61a214bd9c37,False,True,survivorship-biased exploratory evidence; not Formal Candidate,8001.T,Itochu Corp.,Trading companies,2016-03-07,100
0f6c05bff4831033,tgs_stable_v2_universe_lab,U15,43d5dd5aa6be3b0638b5af83976e61a214bd9c37,False,True,survivorship-biased exploratory evidence; not Formal Candidate,8031.T,"Mitsui & Co., Ltd.",Trading companies,2016-03-07,100
0f6c05bff4831033,tgs_stable_v2_universe_lab,U15,43d5dd5aa6be3b0638b5af83976e61a214bd9c37,False,True,survivorship-biased exploratory evidence; not Formal Candidate,8058.T,Mitsubishi Corp.,Trading companies,2016-03-07,100
0f6c05bff4831033,tgs_stable_v2_universe_lab,U15,43d5dd5aa6be3b0638b5af83976e61a214bd9c37,False,True,survivorship-biased exploratory evidence; not Formal Candidate,6301.T,Komatsu Ltd.,Machinery,2016-03-08,90
0f6c05bff4831033,tgs_stable_v2_universe_lab,U15,43d5dd5aa6be3b0638b5af83976e61a214bd9c37,False,True,survivorship-biased exploratory evidence; not Formal Candidate,8001.T,Itochu Corp.,Trading companies,2016-03-08,100
0f6c05bff4831033,tgs_stable_v2_universe_lab,U15,43d5dd5aa6be3b0638b5af83976e61a214bd9c37,False,True,survivorship-biased exploratory evidence; not Formal Candidate,8031.T,"Mitsui & Co., Ltd.",Trading companies,2016-03-08,100
0f6c05bff4831033,tgs_stable_v2_universe_lab,U15,43d5dd5aa6be3b0638b5af83976e61a214bd9c37,False,True,survivorship-biased exploratory evidence; not Formal Candidate,8058.T,Mitsubishi Corp.,Trading companies,2016-03-08,100
0f6c05bff4831033,tgs_stable_v2_universe_lab,U15,43d5dd5aa6be3b0638b5af83976e61a214bd9c37,False,True,survivorship-biased exploratory evidence; not Formal Candidate,8001.T,Itochu Corp.,Trading companies,2016-03-09,100
0f6c05bff4831033,tgs_stable_v2_universe_lab,U15,43d5dd5aa6be3b0638b5af83976e61a214bd9c37,False,True,survivorship-biased exploratory evidence; not Formal Candidate,8031.T,"Mitsui & Co., Ltd.",Trading companies,2016-03-09,100
0f6c05bff4831033,tgs_stable_v2_universe_lab,U15,43d5dd5aa6be3b0638b5af83976e61a214bd9c37,False,True,survivorship-biased exploratory evidence; not Formal Candidate,8058.T,Mitsubishi Corp.,Trading companies,2016-03-09,100
0f6c05bff4831033,tgs_stable_v2_universe_lab,U15,43d5dd5aa6be3b0638b5af83976e61a214bd9c37,False,True,survivorship-biased exploratory evidence; not Formal Candidate,8001.T,Itochu Corp.,Trading companies,2016-03-10,100
0f6c05bff4831033,tgs_stable_v2_universe_lab,U15,43d5dd5aa6be3b0638b5af83976e61a214bd9c37,False,True,survivorship-biased exploratory evidence; not Formal Candidate,8031.T,"Mitsui & Co., Ltd.",Trading companies,2016-03-10,100
0f6c05bff4831033,tgs_stable_v2_universe_lab,U15,43d5dd5aa6be3b0638b5af83976e61a214bd9c37,False,True,survivorship-biased exploratory evidence; not Formal Candidate,8058.T,Mitsubishi Corp.,Trading companies,2016-03-10,100
0f6c05bff4831033,tgs_stable_v2_universe_lab,U15,43d5dd5aa6be3b0638b5af83976e61a214bd9c37,False,True,survivorship-biased exploratory evidence; not Formal Candidate,6367.T,"Daikin Industries, Ltd.",Machinery,2016-03-18,100
0f6c05bff4831033,tgs_stable_v2_universe_lab,U15,43d5dd5aa6be3b0638b5af83976e61a214bd9c37,False,True,survivorship-biased exploratory evidence; not Formal Candidate,8015.T,Toyota Tsusho Corp.,Trading companies,2016-03-18,100
0f6c05bff4831033,tgs_stable_v2_universe_lab,U15,43d5dd5aa6be3b0638b5af83976e61a214bd9c37,False,True,survivorship-biased exploratory evidence; not Formal Candidate,6367.T,"Daikin Industries, Ltd.",Machinery,2016-03-22,100
0f6c05bff4831033,tgs_stable_v2_universe_lab,U15,43d5dd5aa6be3b0638b5af83976e61a214bd9c37,False,True,survivorship-biased exploratory evidence; not Formal Candidate,8015.T,Toyota Tsusho Corp.,Trading companies,2016-03-22,100
0f6c05bff4831033,tgs_stable_v2_universe_lab,U15,43d5dd5aa6be3b0638b5af83976e61a214bd9c37,False,True,survivorship-biased exploratory evidence; not Formal Candidate,6367.T,"Daikin Industries, Ltd.",Machinery,2016-03-23,100
0f6c05bff4831033,tgs_stable_v2_universe_lab,U15,43d5dd5aa6be3b0638b5af83976e61a214bd9c37,False,True,survivorship-biased exploratory evidence; not Formal Candidate,8015.T,Toyota Tsusho Corp.,Trading companies,2016-03-23,100
0f6c05bff4831033,tgs_stable_v2_universe_lab,U15,43d5dd5aa6be3b0638b5af83976e61a214bd9c37,False,True,survivorship-biased exploratory evidence; not Formal Candidate,6367.T,"Daikin Industries, Ltd.",Machinery,2016-03-24,100
0f6c05bff4831033,tgs_stable_v2_universe_lab,U15,43d5dd5aa6be3b0638b5af83976e61a214bd9c37,False,True,survivorship-biased exploratory evidence; not Formal Candidate,8015.T,Toyota Tsusho Corp.,Trading companies,2016-03-24,100
0f6c05bff4831033,tgs_stable_v2_universe_lab,U15,43d5dd5aa6be3b0638b5af83976e61a214bd9c37,False,True,survivorship-biased exploratory evidence; not Formal Candidate,8058.T,Mitsubishi Corp.,Trading companies,2016-03-24,90
0f6c05bff4831033,tgs_stable_v2_universe_lab,U15,43d5dd5aa6be3b0638b5af83976e61a214bd9c37,False,True,survivorship-biased exploratory evidence; not Formal Candidate,7011.T,"Mitsubishi Heavy Industries, Ltd.",Machinery,2016-04-20,90
0f6c05bff4831033,tgs_stable_v2_universe_lab,U15,43d5dd5aa6be3b0638b5af83976e61a214bd9c37,False,True,survivorship-biased exploratory evidence; not Formal Candidate,7011.T,"Mitsubishi Heavy Industries, Ltd.",Machinery,2016-04-21,90
0f6c05bff4831033,tgs_stable_v2_universe_lab,U15,43d5dd5aa6be3b0638b5af83976e61a214bd9c37,False,True,survivorship-biased exploratory evidence; not Formal Candidate,8001.T,Itochu Corp.,Trading companies,2016-04-21,90
0f6c05bff4831033,tgs_stable_v2_universe_lab,U15,43d5dd5aa6be3b0638b5af83976e61a214bd9c37,False,True,survivorship-biased exploratory evidence; not Formal Candidate,8015.T,Toyota Tsusho Corp.,Trading companies,2016-04-21,90
0f6c05bff4831033,tgs_stable_v2_universe_lab,U15,43d5dd5aa6be3b0638b5af83976e61a214bd9c37,False,True,survivorship-biased exploratory evidence; not Formal Candidate,5803.T,Fujikura Ltd.,Nonferrous metals,2016-04-22,120
0f6c05bff4831033,tgs_stable_v2_universe_lab,U15,43d5dd5aa6be3b0638b5af83976e61a214bd9c37,False,True,survivorship-biased exploratory evidence; not Formal Candidate,6273.T,SMC Corporation,Machinery,2016-04-22,100
0f6c05bff4831033,tgs_stable_v2_universe_lab,U15,43d5dd5aa6be3b0638b5af83976e61a214bd9c37,False,True,survivorship-biased exploratory evidence; not Formal Candidate,8015.T,Toyota Tsusho Corp.,Trading companies,2016-04-22,90
0f6c05bff4831033,tgs_stable_v2_universe_lab,U15,43d5dd5aa6be3b0638b5af83976e61a214bd9c37,False,True,survivorship-biased exploratory evidence; not Formal Candidate,5803.T,Fujikura Ltd.,Nonferrous metals,2016-04-25,100
0f6c05bff4831033,tgs_stable_v2_universe_lab,U15,43d5dd5aa6be3b0638b5af83976e61a214bd9c37,False,True,survivorship-biased exploratory evidence; not Formal Candidate,6273.T,SMC Corporation,Machinery,2016-04-25,100
0f6c05bff4831033,tgs_stable_v2_universe_lab,U15,43d5dd5aa6be3b0638b5af83976e61a214bd9c37,False,True,survivorship-biased exploratory evidence; not Formal Candidate,5803.T,Fujikura Ltd.,Nonferrous metals,2016-04-26,100
0f6c05bff4831033,tgs_stable_v2_universe_lab,U15,43d5dd5aa6be3b0638b5af83976e61a214bd9c37,False,True,survivorship-biased exploratory evidence; not Formal Candidate,6273.T,SMC Corporation,Machinery,2016-04-26,100
0f6c05bff4831033,tgs_stable_v2_universe_lab,U15,43d5dd5aa6be3b0638b5af83976e61a214bd9c37,False,True,survivorship-biased exploratory evidence; not Formal Candidate,5803.T,Fujikura Ltd.,Nonferrous metals,2016-04-27,100
0f6c05bff4831033,tgs_stable_v2_universe_lab,U15,43d5dd5aa6be3b0638b5af83976e61a214bd9c37,False,True,survivorship-biased exploratory evidence; not Formal Candidate,6273.T,SMC Corporation,Machinery,2016-04-27,100
0f6c05bff4831033,tgs_stable_v2_universe_lab,U15,43d5dd5aa6be3b0638b5af83976e61a214bd9c37,False,True,survivorship-biased exploratory evidence; not Formal Candidate,5803.T,Fujikura Ltd.,Nonferrous metals,2016-04-28,100
0f6c05bff4831033,tgs_stable_v2_universe_lab,U15,43d5dd5aa6be3b0638b5af83976e61a214bd9c37,False,True,survivorship-biased exploratory evidence; not Formal Candidate,6273.T,SMC Corporation,Machinery,2016-04-28,100
0f6c05bff4831033,tgs_stable_v2_universe_lab,U15,43d5dd5aa6be3b0638b5af83976e61a214bd9c37,False,True,survivorship-biased exploratory evidence; not Formal Candidate,8015.T,Toyota Tsusho Corp.,Trading companies,2016-04-28,90
0f6c05bff4831033,tgs_stable_v2_universe_lab,U15,43d5dd5aa6be3b0638b5af83976e61a214bd9c37,False,True,survivorship-biased exploratory evidence; not Formal Candidate,5801.T,"The Furukawa Electric Co., Ltd.",Nonferrous metals,2016-05-02,100
0f6c05bff4831033,tgs_stable_v2_universe_lab,U15,43d5dd5aa6be3b0638b5af83976e61a214bd9c37,False,True,survivorship-biased exploratory evidence; not Formal Candidate,8001.T,Itochu Corp.,Trading companies,2016-05-02,90
0f6c05bff4831033,tgs_stable_v2_universe_lab,U15,43d5dd5aa6be3b0638b5af83976e61a214bd9c37,False,True,survivorship-biased exploratory evidence; not Formal Candidate,8001.T,Itochu Corp.,Trading companies,2016-05-06,90
0f6c05bff4831033,tgs_stable_v2_universe_lab,U15,43d5dd5aa6be3b0638b5af83976e61a214bd9c37,False,True,survivorship-biased exploratory evidence; not Formal Candidate,8001.T,Itochu Corp.,Trading companies,2016-05-10,90
0f6c05bff4831033,tgs_stable_v2_universe_lab,U15,43d5dd5aa6be3b0638b5af83976e61a214bd9c37,False,True,survivorship-biased exploratory evidence; not Formal Candidate,5801.T,"The Furukawa Electric Co., Ltd.",Nonferrous metals,2016-05-20,100
0f6c05bff4831033,tgs_stable_v2_universe_lab,U15,43d5dd5aa6be3b0638b5af83976e61a214bd9c37,False,True,survivorship-biased exploratory evidence; not Formal Candidate,5803.T,Fujikura Ltd.,Nonferrous metals,2016-05-20,100
0f6c05bff4831033,tgs_stable_v2_universe_lab,U15,43d5dd5aa6be3b0638b5af83976e61a214bd9c37,False,True,survivorship-biased exploratory evidence; not Formal Candidate,5801.T,"The Furukawa Electric Co., Ltd.",Nonferrous metals,2016-05-23,100
0f6c05bff4831033,tgs_stable_v2_universe_lab,U15,43d5dd5aa6be3b0638b5af83976e61a214bd9c37,False,True,survivorship-biased exploratory evidence; not Formal Candidate,5802.T,"Sumitomo Electric Industries, Ltd.",Nonferrous metals,2016-05-23,100
0f6c05bff4831033,tgs_stable_v2_universe_lab,U15,43d5dd5aa6be3b0638b5af83976e61a214bd9c37,False,True,survivorship-biased exploratory evidence; not Formal Candidate,5803.T,Fujikura Ltd.,Nonferrous metals,2016-05-23,100
0f6c05bff4831033,tgs_stable_v2_universe_lab,U15,43d5dd5aa6be3b0638b5af83976e61a214bd9c37,False,True,survivorship-biased exploratory evidence; not Formal Candidate,5801.T,"The Furukawa Electric Co., Ltd.",Nonferrous metals,2016-05-24,100
0f6c05bff4831033,tgs_stable_v2_universe_lab,U15,43d5dd5aa6be3b0638b5af83976e61a214bd9c37,False,True,survivorship-biased exploratory evidence; not Formal Candidate,5802.T,"Sumitomo Electric Industries, Ltd.",Nonferrous metals,2016-05-24,100
0f6c05bff4831033,tgs_stable_v2_universe_lab,U15,43d5dd5aa6be3b0638b5af83976e61a214bd9c37,False,True,survivorship-biased exploratory evidence; not Formal Candidate,5803.T,Fujikura Ltd.,Nonferrous metals,2016-05-24,100
0f6c05bff4831033,tgs_stable_v2_universe_lab,U15,43d5dd5aa6be3b0638b5af83976e61a214bd9c37,False,True,survivorship-biased exploratory evidence; not Formal Candidate,5801.T,"The Furukawa Electric Co., Ltd.",Nonferrous metals,2016-05-25,100
0f6c05bff4831033,tgs_stable_v2_universe_lab,U15,43d5dd5aa6be3b0638b5af83976e61a214bd9c37,False,True,survivorship-biased exploratory evidence; not Formal Candidate,5803.T,Fujikura Ltd.,Nonferrous metals,2016-05-25,100
0f6c05bff4831033,tgs_stable_v2_universe_lab,U15,43d5dd5aa6be3b0638b5af83976e61a214bd9c37,False,True,survivorship-biased exploratory evidence; not Formal Candidate,5801.T,"The Furukawa Electric Co., Ltd.",Nonferrous metals,2016-05-26,100
0f6c05bff4831033,tgs_stable_v2_universe_lab,U15,43d5dd5aa6be3b0638b5af83976e61a214bd9c37,False,True,survivorship-biased exploratory evidence; not Formal Candidate,5803.T,Fujikura Ltd.,Nonferrous metals,2016-05-26,100
0f6c05bff4831033,tgs_stable_v2_universe_lab,U15,43d5dd5aa6be3b0638b5af83976e61a214bd9c37,False,True,survivorship-biased exploratory evidence; not Formal Candidate,5801.T,"The Furukawa Electric Co., Ltd.",Nonferrous metals,2016-05-30,90
0f6c05bff4831033,tgs_stable_v2_universe_lab,U15,43d5dd5aa6be3b0638b5af83976e61a214bd9c37,False,True,survivorship-biased exploratory evidence; not Formal Candidate,6273.T,SMC Corporation,Machinery,2016-05-31,90
0f6c05bff4831033,tgs_stable_v2_universe_lab,U15,43d5dd5aa6be3b0638b5af83976e61a214bd9c37,False,True,survivorship-biased exploratory evidence; not Formal Candidate,8001.T,Itochu Corp.,Trading companies,2016-05-31,90
0f6c05bff4831033,tgs_stable_v2_universe_lab,U15,43d5dd5aa6be3b0638b5af83976e61a214bd9c37,False,True,survivorship-biased exploratory evidence; not Formal Candidate,6367.T,"Daikin Industries, Ltd.",Machinery,2016-06-10,90
0f6c05bff4831033,tgs_stable_v2_universe_lab,U15,43d5dd5aa6be3b0638b5af83976e61a214bd9c37,False,True,survivorship-biased exploratory evidence; not Formal Candidate,6367.T,"Daikin Industries, Ltd.",Machinery,2016-06-20,90
0f6c05bff4831033,tgs_stable_v2_universe_lab,U15,43d5dd5aa6be3b0638b5af83976e61a214bd9c37,False,True,survivorship-biased exploratory evidence; not Formal Candidate,6367.T,"Daikin Industries, Ltd.",Machinery,2016-07-22,100
0f6c05bff4831033,tgs_stable_v2_universe_lab,U15,43d5dd5aa6be3b0638b5af83976e61a214bd9c37,False,True,survivorship-biased exploratory evidence; not Formal Candidate,6273.T,SMC Corporation,Machinery,2016-07-25,90
0f6c05bff4831033,tgs_stable_v2_universe_lab,U15,43d5dd5aa6be3b0638b5af83976e61a214bd9c37,False,True,survivorship-biased exploratory evidence; not Formal Candidate,6367.T,"Daikin Industries, Ltd.",Machinery,2016-07-25,100
0f6c05bff4831033,tgs_stable_v2_universe_lab,U15,43d5dd5aa6be3b0638b5af83976e61a214bd9c37,False,True,survivorship-biased exploratory evidence; not Formal Candidate,6367.T,"Daikin Industries, Ltd.",Machinery,2016-07-26,100
0f6c05bff4831033,tgs_stable_v2_universe_lab,U15,43d5dd5aa6be3b0638b5af83976e61a214bd9c37,False,True,survivorship-biased exploratory evidence; not Formal Candidate,6273.T,SMC Corporation,Machinery,2016-07-27,90
0f6c05bff4831033,tgs_stable_v2_universe_lab,U15,43d5dd5aa6be3b0638b5af83976e61a214bd9c37,False,True,survivorship-biased exploratory evidence; not Formal Candidate,6367.T,"Daikin Industries, Ltd.",Machinery,2016-07-27,100
0f6c05bff4831033,tgs_stable_v2_universe_lab,U15,43d5dd5aa6be3b0638b5af83976e61a214bd9c37,False,True,survivorship-biased exploratory evidence; not Formal Candidate,8015.T,Toyota Tsusho Corp.,Trading companies,2016-07-27,90
0f6c05bff4831033,tgs_stable_v2_universe_lab,U15,43d5dd5aa6be3b0638b5af83976e61a214bd9c37,False,True,survivorship-biased exploratory evidence; not Formal Candidate,6367.T,"Daikin Industries, Ltd.",Machinery,2016-07-28,100
0f6c05bff4831033,tgs_stable_v2_universe_lab,U15,43d5dd5aa6be3b0638b5af83976e61a214bd9c37,False,True,survivorship-biased exploratory evidence; not Formal Candidate,5801.T,"The Furukawa Electric Co., Ltd.",Nonferrous metals,2016-07-29,100
0f6c05bff4831033,tgs_stable_v2_universe_lab,U15,43d5dd5aa6be3b0638b5af83976e61a214bd9c37,False,True,survivorship-biased exploratory evidence; not Formal Candidate,5803.T,Fujikura Ltd.,Nonferrous metals,2016-07-29,100
0f6c05bff4831033,tgs_stable_v2_universe_lab,U15,43d5dd5aa6be3b0638b5af83976e61a214bd9c37,False,True,survivorship-biased exploratory evidence; not Formal Candidate,8802.T,"Mitsubishi Estate Co., Ltd.",Real estate,2016-07-29,90
0f6c05bff4831033,tgs_stable_v2_universe_lab,U15,43d5dd5aa6be3b0638b5af83976e61a214bd9c37,False,True,survivorship-biased exploratory evidence; not Formal Candidate,5801.T,"The Furukawa Electric Co., Ltd.",Nonferrous metals,2016-08-01,100
0f6c05bff4831033,tgs_stable_v2_universe_lab,U15,43d5dd5aa6be3b0638b5af83976e61a214bd9c37,False,True,survivorship-biased exploratory evidence; not Formal Candidate,5803.T,Fujikura Ltd.,Nonferrous metals,2016-08-01,100
0f6c05bff4831033,tgs_stable_v2_universe_lab,U15,43d5dd5aa6be3b0638b5af83976e61a214bd9c37,False,True,survivorship-biased exploratory evidence; not Formal Candidate,5801.T,"The Furukawa Electric Co., Ltd.",Nonferrous metals,2016-08-02,100
0f6c05bff4831033,tgs_stable_v2_universe_lab,U15,43d5dd5aa6be3b0638b5af83976e61a214bd9c37,False,True,survivorship-biased exploratory evidence; not Formal Candidate,5803.T,Fujikura Ltd.,Nonferrous metals,2016-08-02,120
0f6c05bff4831033,tgs_stable_v2_universe_lab,U15,43d5dd5aa6be3b0638b5af83976e61a214bd9c37,False,True,survivorship-biased exploratory evidence; not Formal Candidate,5801.T,"The Furukawa Electric Co., Ltd.",Nonferrous metals,2016-08-03,100
0f6c05bff4831033,tgs_stable_v2_universe_lab,U15,43d5dd5aa6be3b0638b5af83976e61a214bd9c37,False,True,survivorship-biased exploratory evidence; not Formal Candidate,5803.T,Fujikura Ltd.,Nonferrous metals,2016-08-03,100
0f6c05bff4831033,tgs_stable_v2_universe_lab,U15,43d5dd5aa6be3b0638b5af83976e61a214bd9c37,False,True,survivorship-biased exploratory evidence; not Formal Candidate,5801.T,"The Furukawa Electric Co., Ltd.",Nonferrous metals,2016-08-04,100
0f6c05bff4831033,tgs_stable_v2_universe_lab,U15,43d5dd5aa6be3b0638b5af83976e61a214bd9c37,False,True,survivorship-biased exploratory evidence; not Formal Candidate,5803.T,Fujikura Ltd.,Nonferrous metals,2016-08-04,100
0f6c05bff4831033,tgs_stable_v2_universe_lab,U15,43d5dd5aa6be3b0638b5af83976e61a214bd9c37,False,True,survivorship-biased exploratory evidence; not Formal Candidate,6367.T,"Daikin Industries, Ltd.",Machinery,2016-08-12,100
0f6c05bff4831033,tgs_stable_v2_universe_lab,U15,43d5dd5aa6be3b0638b5af83976e61a214bd9c37,False,True,survivorship-biased exploratory evidence; not Formal Candidate,6367.T,"Daikin Industries, Ltd.",Machinery,2016-08-15,100
0f6c05bff4831033,tgs_stable_v2_universe_lab,U15,43d5dd5aa6be3b0638b5af83976e61a214bd9c37,False,True,survivorship-biased exploratory evidence; not Formal Candidate,6367.T,"Daikin Industries, Ltd.",Machinery,2016-08-16,100
0f6c05bff4831033,tgs_stable_v2_universe_lab,U15,43d5dd5aa6be3b0638b5af83976e61a214bd9c37,False,True,survivorship-biased exploratory evidence; not Formal Candidate,6367.T,"Daikin Industries, Ltd.",Machinery,2016-08-17,100
0f6c05bff4831033,tgs_stable_v2_universe_lab,U15,43d5dd5aa6be3b0638b5af83976e61a214bd9c37,False,True,survivorship-biased exploratory evidence; not Formal Candidate,6367.T,"Daikin Industries, Ltd.",Machinery,2016-08-18,100
0f6c05bff4831033,tgs_stable_v2_universe_lab,U15,43d5dd5aa6be3b0638b5af83976e61a214bd9c37,False,True,survivorship-biased exploratory evidence; not Formal Candidate,6367.T,"Daikin Industries, Ltd.",Machinery,2016-08-26,90
0f6c05bff4831033,tgs_stable_v2_universe_lab,U15,43d5dd5aa6be3b0638b5af83976e61a214bd9c37,False,True,survivorship-biased exploratory evidence; not Formal Candidate,6273.T,SMC Corporation,Machinery,2016-09-08,90
0f6c05bff4831033,tgs_stable_v2_universe_lab,U15,43d5dd5aa6be3b0638b5af83976e61a214bd9c37,False,True,survivorship-biased exploratory evidence; not Formal Candidate,8801.T,"Mitsui Fudosan Co., Ltd.",Real estate,2016-09-15,90
0f6c05bff4831033,tgs_stable_v2_universe_lab,U15,43d5dd5aa6be3b0638b5af83976e61a214bd9c37,False,True,survivorship-biased exploratory evidence; not Formal Candidate,5801.T,"The Furukawa Electric Co., Ltd.",Nonferrous metals,2016-09-30,100
0f6c05bff4831033,tgs_stable_v2_universe_lab,U15,43d5dd5aa6be3b0638b5af83976e61a214bd9c37,False,True,survivorship-biased exploratory evidence; not Formal Candidate,5803.T,Fujikura Ltd.,Nonferrous metals,2016-09-30,90
0f6c05bff4831033,tgs_stable_v2_universe_lab,U15,43d5dd5aa6be3b0638b5af83976e61a214bd9c37,False,True,survivorship-biased exploratory evidence; not Formal Candidate,5801.T,"The Furukawa Electric Co., Ltd.",Nonferrous metals,2016-10-03,100
0f6c05bff4831033,tgs_stable_v2_universe_lab,U15,43d5dd5aa6be3b0638b5af83976e61a214bd9c37,False,True,survivorship-biased exploratory evidence; not Formal Candidate,5801.T,"The Furukawa Electric Co., Ltd.",Nonferrous metals,2016-10-04,100
0f6c05bff4831033,tgs_stable_v2_universe_lab,U15,43d5dd5aa6be3b0638b5af83976e61a214bd9c37,False,True,survivorship-biased exploratory evidence; not Formal Candidate,5801.T,"The Furukawa Electric Co., Ltd.",Nonferrous metals,2016-10-05,100
0f6c05bff4831033,tgs_stable_v2_universe_lab,U15,43d5dd5aa6be3b0638b5af83976e61a214bd9c37,False,True,survivorship-biased exploratory evidence; not Formal Candidate,5801.T,"The Furukawa Electric Co., Ltd.",Nonferrous metals,2016-10-06,100
0f6c05bff4831033,tgs_stable_v2_universe_lab,U15,43d5dd5aa6be3b0638b5af83976e61a214bd9c37,False,True,survivorship-biased exploratory evidence; not Formal Candidate,5802.T,"Sumitomo Electric Industries, Ltd.",Nonferrous metals,2016-10-11,90
0f6c05bff4831033,tgs_stable_v2_universe_lab,U15,43d5dd5aa6be3b0638b5af83976e61a214bd9c37,False,True,survivorship-biased exploratory evidence; not Formal Candidate,6301.T,Komatsu Ltd.,Machinery,2016-10-26,90
0f6c05bff4831033,tgs_stable_v2_universe_lab,U15,43d5dd5aa6be3b0638b5af83976e61a214bd9c37,False,True,survivorship-biased exploratory evidence; not Formal Candidate,5802.T,"Sumitomo Electric Industries, Ltd.",Nonferrous metals,2016-10-28,90
0f6c05bff4831033,tgs_stable_v2_universe_lab,U15,43d5dd5aa6be3b0638b5af83976e61a214bd9c37,False,True,survivorship-biased exploratory evidence; not Formal Candidate,6301.T,Komatsu Ltd.,Machinery,2016-10-28,90
0f6c05bff4831033,tgs_stable_v2_universe_lab,U15,43d5dd5aa6be3b0638b5af83976e61a214bd9c37,False,True,survivorship-biased exploratory evidence; not Formal Candidate,8058.T,Mitsubishi Corp.,Trading companies,2016-10-28,90
0f6c05bff4831033,tgs_stable_v2_universe_lab,U15,43d5dd5aa6be3b0638b5af83976e61a214bd9c37,False,True,survivorship-biased exploratory evidence; not Formal Candidate,5803.T,Fujikura Ltd.,Nonferrous metals,2016-10-31,90
0f6c05bff4831033,tgs_stable_v2_universe_lab,U15,43d5dd5aa6be3b0638b5af83976e61a214bd9c37,False,True,survivorship-biased exploratory evidence; not Formal Candidate,8058.T,Mitsubishi Corp.,Trading companies,2016-11-04,90
0f6c05bff4831033,tgs_stable_v2_universe_lab,U15,43d5dd5aa6be3b0638b5af83976e61a214bd9c37,False,True,survivorship-biased exploratory evidence; not Formal Candidate,5801.T,"The Furukawa Electric Co., Ltd.",Nonferrous metals,2016-11-09,90
0f6c05bff4831033,tgs_stable_v2_universe_lab,U15,43d5dd5aa6be3b0638b5af83976e61a214bd9c37,False,True,survivorship-biased exploratory evidence; not Formal Candidate,6273.T,SMC Corporation,Machinery,2016-11-09,90
0f6c05bff4831033,tgs_stable_v2_universe_lab,U15,43d5dd5aa6be3b0638b5af83976e61a214bd9c37,False,True,survivorship-biased exploratory evidence; not Formal Candidate,6367.T,"Daikin Industries, Ltd.",Machinery,2016-11-09,90
0f6c05bff4831033,tgs_stable_v2_universe_lab,U15,43d5dd5aa6be3b0638b5af83976e61a214bd9c37,False,True,survivorship-biased exploratory evidence; not Formal Candidate,8001.T,Itochu Corp.,Trading companies,2016-11-09,90
0f6c05bff4831033,tgs_stable_v2_universe_lab,U15,43d5dd5aa6be3b0638b5af83976e61a214bd9c37,False,True,survivorship-biased exploratory evidence; not Formal Candidate,8058.T,Mitsubishi Corp.,Trading companies,2016-11-09,90
0f6c05bff4831033,tgs_stable_v2_universe_lab,U15,43d5dd5aa6be3b0638b5af83976e61a214bd9c37,False,True,survivorship-biased exploratory evidence; not Formal Candidate,6273.T,SMC Corporation,Machinery,2016-11-10,90
0f6c05bff4831033,tgs_stable_v2_universe_lab,U15,43d5dd5aa6be3b0638b5af83976e61a214bd9c37,False,True,survivorship-biased exploratory evidence; not Formal Candidate,6301.T,Komatsu Ltd.,Machinery,2016-11-10,90
0f6c05bff4831033,tgs_stable_v2_universe_lab,U15,43d5dd5aa6be3b0638b5af83976e61a214bd9c37,False,True,survivorship-biased exploratory evidence; not Formal Candidate,6367.T,"Daikin Industries, Ltd.",Machinery,2016-11-10,90
0f6c05bff4831033,tgs_stable_v2_universe_lab,U15,43d5dd5aa6be3b0638b5af83976e61a214bd9c37,False,True,survivorship-biased exploratory evidence; not Formal Candidate,8058.T,Mitsubishi Corp.,Trading companies,2016-11-10,90
0f6c05bff4831033,tgs_stable_v2_universe_lab,U15,43d5dd5aa6be3b0638b5af83976e61a214bd9c37,False,True,survivorship-biased exploratory evidence; not Formal Candidate,6367.T,"Daikin Industries, Ltd.",Machinery,2016-11-11,90
0f6c05bff4831033,tgs_stable_v2_universe_lab,U15,43d5dd5aa6be3b0638b5af83976e61a214bd9c37,False,True,survivorship-biased exploratory evidence; not Formal Candidate,8031.T,"Mitsui & Co., Ltd.",Trading companies,2016-11-11,90
0f6c05bff4831033,tgs_stable_v2_universe_lab,U15,43d5dd5aa6be3b0638b5af83976e61a214bd9c37,False,True,survivorship-biased exploratory evidence; not Formal Candidate,8058.T,Mitsubishi Corp.,Trading companies,2016-11-11,90
0f6c05bff4831033,tgs_stable_v2_universe_lab,U15,43d5dd5aa6be3b0638b5af83976e61a214bd9c37,False,True,survivorship-biased exploratory evidence; not Formal Candidate,6301.T,Komatsu Ltd.,Machinery,2016-11-14,90
0f6c05bff4831033,tgs_stable_v2_universe_lab,U15,43d5dd5aa6be3b0638b5af83976e61a214bd9c37,False,True,survivorship-biased exploratory evidence; not Formal Candidate,6273.T,SMC Corporation,Machinery,2016-11-16,90
0f6c05bff4831033,tgs_stable_v2_universe_lab,U15,43d5dd5aa6be3b0638b5af83976e61a214bd9c37,False,True,survivorship-biased exploratory evidence; not Formal Candidate,8031.T,"Mitsui & Co., Ltd.",Trading companies,2016-11-30,90
0f6c05bff4831033,tgs_stable_v2_universe_lab,U15,43d5dd5aa6be3b0638b5af83976e61a214bd9c37,False,True,survivorship-biased exploratory evidence; not Formal Candidate,5803.T,Fujikura Ltd.,Nonferrous metals,2016-12-01,90
0f6c05bff4831033,tgs_stable_v2_universe_lab,U15,43d5dd5aa6be3b0638b5af83976e61a214bd9c37,False,True,survivorship-biased exploratory evidence; not Formal Candidate,6273.T,SMC Corporation,Machinery,2016-12-01,90
0f6c05bff4831033,tgs_stable_v2_universe_lab,U15,43d5dd5aa6be3b0638b5af83976e61a214bd9c37,False,True,survivorship-biased exploratory evidence; not Formal Candidate,6273.T,SMC Corporation,Machinery,2016-12-06,90
0f6c05bff4831033,tgs_stable_v2_universe_lab,U15,43d5dd5aa6be3b0638b5af83976e61a214bd9c37,False,True,survivorship-biased exploratory evidence; not Formal Candidate,6273.T,SMC Corporation,Machinery,2016-12-08,90
0f6c05bff4831033,tgs_stable_v2_universe_lab,U15,43d5dd5aa6be3b0638b5af83976e61a214bd9c37,False,True,survivorship-biased exploratory evidence; not Formal Candidate,6367.T,"Daikin Industries, Ltd.",Machinery,2016-12-09,90
0f6c05bff4831033,tgs_stable_v2_universe_lab,U15,43d5dd5aa6be3b0638b5af83976e61a214bd9c37,False,True,survivorship-biased exploratory evidence; not Formal Candidate,6273.T,SMC Corporation,Machinery,2016-12-12,90
0f6c05bff4831033,tgs_stable_v2_universe_lab,U15,43d5dd5aa6be3b0638b5af83976e61a214bd9c37,False,True,survivorship-biased exploratory evidence; not Formal Candidate,6301.T,Komatsu Ltd.,Machinery,2016-12-13,90
0f6c05bff4831033,tgs_stable_v2_universe_lab,U15,43d5dd5aa6be3b0638b5af83976e61a214bd9c37,False,True,survivorship-biased exploratory evidence; not Formal Candidate,5803.T,Fujikura Ltd.,Nonferrous metals,2017-01-10,90
0f6c05bff4831033,tgs_stable_v2_universe_lab,U15,43d5dd5aa6be3b0638b5af83976e61a214bd9c37,False,True,survivorship-biased exploratory evidence; not Formal Candidate,5803.T,Fujikura Ltd.,Nonferrous metals,2017-01-20,90
0f6c05bff4831033,tgs_stable_v2_universe_lab,U15,43d5dd5aa6be3b0638b5af83976e61a214bd9c37,False,True,survivorship-biased exploratory evidence; not Formal Candidate,8058.T,Mitsubishi Corp.,Trading companies,2017-02-02,90
0f6c05bff4831033,tgs_stable_v2_universe_lab,U15,43d5dd5aa6be3b0638b5af83976e61a214bd9c37,False,True,survivorship-biased exploratory evidence; not Formal Candidate,8001.T,Itochu Corp.,Trading companies,2017-02-06,90
0f6c05bff4831033,tgs_stable_v2_universe_lab,U15,43d5dd5aa6be3b0638b5af83976e61a214bd9c37,False,True,survivorship-biased exploratory evidence; not Formal Candidate,8002.T,Marubeni Corp.,Trading companies,2017-02-06,90
0f6c05bff4831033,tgs_stable_v2_universe_lab,U15,43d5dd5aa6be3b0638b5af83976e61a214bd9c37,False,True,survivorship-biased exploratory evidence; not Formal Candidate,8002.T,Marubeni Corp.,Trading companies,2017-02-07,90
0f6c05bff4831033,tgs_stable_v2_universe_lab,U15,43d5dd5aa6be3b0638b5af83976e61a214bd9c37,False,True,survivorship-biased exploratory evidence; not Formal Candidate,8031.T,"Mitsui & Co., Ltd.",Trading companies,2017-02-08,90
0f6c05bff4831033,tgs_stable_v2_universe_lab,U15,43d5dd5aa6be3b0638b5af83976e61a214bd9c37,False,True,survivorship-biased exploratory evidence; not Formal Candidate,6273.T,SMC Corporation,Machinery,2017-02-10,100
0f6c05bff4831033,tgs_stable_v2_universe_lab,U15,43d5dd5aa6be3b0638b5af83976e61a214bd9c37,False,True,survivorship-biased exploratory evidence; not Formal Candidate,8031.T,"Mitsui & Co., Ltd.",Trading companies,2017-02-13,90
0f6c05bff4831033,tgs_stable_v2_universe_lab,U15,43d5dd5aa6be3b0638b5af83976e61a214bd9c37,False,True,survivorship-biased exploratory evidence; not Formal Candidate,6273.T,SMC Corporation,Machinery,2017-02-14,100
0f6c05bff4831033,tgs_stable_v2_universe_lab,U15,43d5dd5aa6be3b0638b5af83976e61a214bd9c37,False,True,survivorship-biased exploratory evidence; not Formal Candidate,6273.T,SMC Corporation,Machinery,2017-02-15,100
0f6c05bff4831033,tgs_stable_v2_universe_lab,U15,43d5dd5aa6be3b0638b5af83976e61a214bd9c37,False,True,survivorship-biased exploratory evidence; not Formal Candidate,6273.T,SMC Corporation,Machinery,2017-02-16,100
0f6c05bff4831033,tgs_stable_v2_universe_lab,U15,43d5dd5aa6be3b0638b5af83976e61a214bd9c37,False,True,survivorship-biased exploratory evidence; not Formal Candidate,8015.T,Toyota Tsusho Corp.,Trading companies,2017-03-01,90
0f6c05bff4831033,tgs_stable_v2_universe_lab,U15,43d5dd5aa6be3b0638b5af83976e61a214bd9c37,False,True,survivorship-biased exploratory evidence; not Formal Candidate,8015.T,Toyota Tsusho Corp.,Trading companies,2017-03-10,90
0f6c05bff4831033,tgs_stable_v2_universe_lab,U15,43d5dd5aa6be3b0638b5af83976e61a214bd9c37,False,True,survivorship-biased exploratory evidence; not Formal Candidate,6301.T,Komatsu Ltd.,Machinery,2017-03-22,100
0f6c05bff4831033,tgs_stable_v2_universe_lab,U15,43d5dd5aa6be3b0638b5af83976e61a214bd9c37,False,True,survivorship-biased exploratory evidence; not Formal Candidate,8001.T,Itochu Corp.,Trading companies,2017-03-22,90
0f6c05bff4831033,tgs_stable_v2_universe_lab,U15,43d5dd5aa6be3b0638b5af83976e61a214bd9c37,False,True,survivorship-biased exploratory evidence; not Formal Candidate,6301.T,Komatsu Ltd.,Machinery,2017-03-23,100
0f6c05bff4831033,tgs_stable_v2_universe_lab,U15,43d5dd5aa6be3b0638b5af83976e61a214bd9c37,False,True,survivorship-biased exploratory evidence; not Formal Candidate,8053.T,Sumitomo Corp.,Trading companies,2017-03-30,90
0f6c05bff4831033,tgs_stable_v2_universe_lab,U15,43d5dd5aa6be3b0638b5af83976e61a214bd9c37,False,True,survivorship-biased exploratory evidence; not Formal Candidate,5802.T,"Sumitomo Electric Industries, Ltd.",Nonferrous metals,2017-03-31,90
0f6c05bff4831033,tgs_stable_v2_universe_lab,U15,43d5dd5aa6be3b0638b5af83976e61a214bd9c37,False,True,survivorship-biased exploratory evidence; not Formal Candidate,5803.T,Fujikura Ltd.,Nonferrous metals,2017-03-31,90
0f6c05bff4831033,tgs_stable_v2_universe_lab,U15,43d5dd5aa6be3b0638b5af83976e61a214bd9c37,False,True,survivorship-biased exploratory evidence; not Formal Candidate,6273.T,SMC Corporation,Machinery,2017-04-04,90
0f6c05bff4831033,tgs_stable_v2_universe_lab,U15,43d5dd5aa6be3b0638b5af83976e61a214bd9c37,False,True,survivorship-biased exploratory evidence; not Formal Candidate,8015.T,Toyota Tsusho Corp.,Trading companies,2017-05-12,100
0f6c05bff4831033,tgs_stable_v2_universe_lab,U15,43d5dd5aa6be3b0638b5af83976e61a214bd9c37,False,True,survivorship-biased exploratory evidence; not Formal Candidate,8015.T,Toyota Tsusho Corp.,Trading companies,2017-05-17,100
0f6c05bff4831033,tgs_stable_v2_universe_lab,U15,43d5dd5aa6be3b0638b5af83976e61a214bd9c37,False,True,survivorship-biased exploratory evidence; not Formal Candidate,8015.T,Toyota Tsusho Corp.,Trading companies,2017-05-18,100
0f6c05bff4831033,tgs_stable_v2_universe_lab,U15,43d5dd5aa6be3b0638b5af83976e61a214bd9c37,False,True,survivorship-biased exploratory evidence; not Formal Candidate,6367.T,"Daikin Industries, Ltd.",Machinery,2017-06-26,100
0f6c05bff4831033,tgs_stable_v2_universe_lab,U15,43d5dd5aa6be3b0638b5af83976e61a214bd9c37,False,True,survivorship-biased exploratory evidence; not Formal Candidate,8031.T,"Mitsui & Co., Ltd.",Trading companies,2017-07-14,100
0f6c05bff4831033,tgs_stable_v2_universe_lab,U15,43d5dd5aa6be3b0638b5af83976e61a214bd9c37,False,True,survivorship-biased exploratory evidence; not Formal Candidate,8002.T,Marubeni Corp.,Trading companies,2017-07-18,100
0f6c05bff4831033,tgs_stable_v2_universe_lab,U15,43d5dd5aa6be3b0638b5af83976e61a214bd9c37,False,True,survivorship-biased exploratory evidence; not Formal Candidate,8031.T,"Mitsui & Co., Ltd.",Trading companies,2017-07-18,100
0f6c05bff4831033,tgs_stable_v2_universe_lab,U15,43d5dd5aa6be3b0638b5af83976e61a214bd9c37,False,True,survivorship-biased exploratory evidence; not Formal Candidate,8058.T,Mitsubishi Corp.,Trading companies,2017-07-18,100
0f6c05bff4831033,tgs_stable_v2_universe_lab,U15,43d5dd5aa6be3b0638b5af83976e61a214bd9c37,False,True,survivorship-biased exploratory evidence; not Formal Candidate,8002.T,Marubeni Corp.,Trading companies,2017-07-19,100
0f6c05bff4831033,tgs_stable_v2_universe_lab,U15,43d5dd5aa6be3b0638b5af83976e61a214bd9c37,False,True,survivorship-biased exploratory evidence; not Formal Candidate,8031.T,"Mitsui & Co., Ltd.",Trading companies,2017-07-19,100
0f6c05bff4831033,tgs_stable_v2_universe_lab,U15,43d5dd5aa6be3b0638b5af83976e61a214bd9c37,False,True,survivorship-biased exploratory evidence; not Formal Candidate,8058.T,Mitsubishi Corp.,Trading companies,2017-07-19,100
0f6c05bff4831033,tgs_stable_v2_universe_lab,U15,43d5dd5aa6be3b0638b5af83976e61a214bd9c37,False,True,survivorship-biased exploratory evidence; not Formal Candidate,8002.T,Marubeni Corp.,Trading companies,2017-07-20,100
0f6c05bff4831033,tgs_stable_v2_universe_lab,U15,43d5dd5aa6be3b0638b5af83976e61a214bd9c37,False,True,survivorship-biased exploratory evidence; not Formal Candidate,8031.T,"Mitsui & Co., Ltd.",Trading companies,2017-07-20,100
0f6c05bff4831033,tgs_stable_v2_universe_lab,U15,43d5dd5aa6be3b0638b5af83976e61a214bd9c37,False,True,survivorship-biased exploratory evidence; not Formal Candidate,5803.T,Fujikura Ltd.,Nonferrous metals,2017-07-21,90
0f6c05bff4831033,tgs_stable_v2_universe_lab,U15,43d5dd5aa6be3b0638b5af83976e61a214bd9c37,False,True,survivorship-biased exploratory evidence; not Formal Candidate,6301.T,Komatsu Ltd.,Machinery,2017-07-24,100
0f6c05bff4831033,tgs_stable_v2_universe_lab,U15,43d5dd5aa6be3b0638b5af83976e61a214bd9c37,False,True,survivorship-biased exploratory evidence; not Formal Candidate,6301.T,Komatsu Ltd.,Machinery,2017-07-25,100
0f6c05bff4831033,tgs_stable_v2_universe_lab,U15,43d5dd5aa6be3b0638b5af83976e61a214bd9c37,False,True,survivorship-biased exploratory evidence; not Formal Candidate,6301.T,Komatsu Ltd.,Machinery,2017-07-26,120
0f6c05bff4831033,tgs_stable_v2_universe_lab,U15,43d5dd5aa6be3b0638b5af83976e61a214bd9c37,False,True,survivorship-biased exploratory evidence; not Formal Candidate,6301.T,Komatsu Ltd.,Machinery,2017-07-27,100
0f6c05bff4831033,tgs_stable_v2_universe_lab,U15,43d5dd5aa6be3b0638b5af83976e61a214bd9c37,False,True,survivorship-biased exploratory evidence; not Formal Candidate,6301.T,Komatsu Ltd.,Machinery,2017-07-31,90
0f6c05bff4831033,tgs_stable_v2_universe_lab,U15,43d5dd5aa6be3b0638b5af83976e61a214bd9c37,False,True,survivorship-biased exploratory evidence; not Formal Candidate,8002.T,Marubeni Corp.,Trading companies,2017-08-02,90
0f6c05bff4831033,tgs_stable_v2_universe_lab,U15,43d5dd5aa6be3b0638b5af83976e61a214bd9c37,False,True,survivorship-biased exploratory evidence; not Formal Candidate,5801.T,"The Furukawa Electric Co., Ltd.",Nonferrous metals,2017-08-04,100
0f6c05bff4831033,tgs_stable_v2_universe_lab,U15,43d5dd5aa6be3b0638b5af83976e61a214bd9c37,False,True,survivorship-biased exploratory evidence; not Formal Candidate,8001.T,Itochu Corp.,Trading companies,2017-08-04,90
0f6c05bff4831033,tgs_stable_v2_universe_lab,U15,43d5dd5aa6be3b0638b5af83976e61a214bd9c37,False,True,survivorship-biased exploratory evidence; not Formal Candidate,5801.T,"The Furukawa Electric Co., Ltd.",Nonferrous metals,2017-08-07,100
0f6c05bff4831033,tgs_stable_v2_universe_lab,U15,43d5dd5aa6be3b0638b5af83976e61a214bd9c37,False,True,survivorship-biased exploratory evidence; not Formal Candidate,8001.T,Itochu Corp.,Trading companies,2017-08-07,90
0f6c05bff4831033,tgs_stable_v2_universe_lab,U15,43d5dd5aa6be3b0638b5af83976e61a214bd9c37,False,True,survivorship-biased exploratory evidence; not Formal Candidate,6273.T,SMC Corporation,Machinery,2017-08-08,90
0f6c05bff4831033,tgs_stable_v2_universe_lab,U15,43d5dd5aa6be3b0638b5af83976e61a214bd9c37,False,True,survivorship-biased exploratory evidence; not Formal Candidate,5801.T,"The Furukawa Electric Co., Ltd.",Nonferrous metals,2017-08-09,100
0f6c05bff4831033,tgs_stable_v2_universe_lab,U15,43d5dd5aa6be3b0638b5af83976e61a214bd9c37,False,True,survivorship-biased exploratory evidence; not Formal Candidate,6273.T,SMC Corporation,Machinery,2017-08-09,90
0f6c05bff4831033,tgs_stable_v2_universe_lab,U15,43d5dd5aa6be3b0638b5af83976e61a214bd9c37,False,True,survivorship-biased exploratory evidence; not Formal Candidate,8053.T,Sumitomo Corp.,Trading companies,2017-08-14,100
0f6c05bff4831033,tgs_stable_v2_universe_lab,U15,43d5dd5aa6be3b0638b5af83976e61a214bd9c37,False,True,survivorship-biased exploratory evidence; not Formal Candidate,8053.T,Sumitomo Corp.,Trading companies,2017-08-15,100
0f6c05bff4831033,tgs_stable_v2_universe_lab,U15,43d5dd5aa6be3b0638b5af83976e61a214bd9c37,False,True,survivorship-biased exploratory evidence; not Formal Candidate,8053.T,Sumitomo Corp.,Trading companies,2017-08-16,100
0f6c05bff4831033,tgs_stable_v2_universe_lab,U15,43d5dd5aa6be3b0638b5af83976e61a214bd9c37,False,True,survivorship-biased exploratory evidence; not Formal Candidate,8053.T,Sumitomo Corp.,Trading companies,2017-08-17,100
0f6c05bff4831033,tgs_stable_v2_universe_lab,U15,43d5dd5aa6be3b0638b5af83976e61a214bd9c37,False,True,survivorship-biased exploratory evidence; not Formal Candidate,6273.T,SMC Corporation,Machinery,2017-08-18,100
0f6c05bff4831033,tgs_stable_v2_universe_lab,U15,43d5dd5aa6be3b0638b5af83976e61a214bd9c37,False,True,survivorship-biased exploratory evidence; not Formal Candidate,6273.T,SMC Corporation,Machinery,2017-08-21,100
0f6c05bff4831033,tgs_stable_v2_universe_lab,U15,43d5dd5aa6be3b0638b5af83976e61a214bd9c37,False,True,survivorship-biased exploratory evidence; not Formal Candidate,6273.T,SMC Corporation,Machinery,2017-08-22,100
0f6c05bff4831033,tgs_stable_v2_universe_lab,U15,43d5dd5aa6be3b0638b5af83976e61a214bd9c37,False,True,survivorship-biased exploratory evidence; not Formal Candidate,6301.T,Komatsu Ltd.,Machinery,2017-09-08,100
0f6c05bff4831033,tgs_stable_v2_universe_lab,U15,43d5dd5aa6be3b0638b5af83976e61a214bd9c37,False,True,survivorship-biased exploratory evidence; not Formal Candidate,6301.T,Komatsu Ltd.,Machinery,2017-09-14,100
0f6c05bff4831033,tgs_stable_v2_universe_lab,U15,43d5dd5aa6be3b0638b5af83976e61a214bd9c37,False,True,survivorship-biased exploratory evidence; not Formal Candidate,8031.T,"Mitsui & Co., Ltd.",Trading companies,2017-09-15,90
0f6c05bff4831033,tgs_stable_v2_universe_lab,U15,43d5dd5aa6be3b0638b5af83976e61a214bd9c37,False,True,survivorship-biased exploratory evidence; not Formal Candidate,5801.T,"The Furukawa Electric Co., Ltd.",Nonferrous metals,2017-09-26,90
0f6c05bff4831033,tgs_stable_v2_universe_lab,U15,43d5dd5aa6be3b0638b5af83976e61a214bd9c37,False,True,survivorship-biased exploratory evidence; not Formal Candidate,8002.T,Marubeni Corp.,Trading companies,2017-09-27,100
0f6c05bff4831033,tgs_stable_v2_universe_lab,U15,43d5dd5aa6be3b0638b5af83976e61a214bd9c37,False,True,survivorship-biased exploratory evidence; not Formal Candidate,5802.T,"Sumitomo Electric Industries, Ltd.",Nonferrous metals,2017-09-29,100
0f6c05bff4831033,tgs_stable_v2_universe_lab,U15,43d5dd5aa6be3b0638b5af83976e61a214bd9c37,False,True,survivorship-biased exploratory evidence; not Formal Candidate,5802.T,"Sumitomo Electric Industries, Ltd.",Nonferrous metals,2017-10-03,100
0f6c05bff4831033,tgs_stable_v2_universe_lab,U15,43d5dd5aa6be3b0638b5af83976e61a214bd9c37,False,True,survivorship-biased exploratory evidence; not Formal Candidate,5802.T,"Sumitomo Electric Industries, Ltd.",Nonferrous metals,2017-10-04,100
0f6c05bff4831033,tgs_stable_v2_universe_lab,U15,43d5dd5aa6be3b0638b5af83976e61a214bd9c37,False,True,survivorship-biased exploratory evidence; not Formal Candidate,5802.T,"Sumitomo Electric Industries, Ltd.",Nonferrous metals,2017-10-05,100
0f6c05bff4831033,tgs_stable_v2_universe_lab,U15,43d5dd5aa6be3b0638b5af83976e61a214bd9c37,False,True,survivorship-biased exploratory evidence; not Formal Candidate,8002.T,Marubeni Corp.,Trading companies,2017-10-10,90
0f6c05bff4831033,tgs_stable_v2_universe_lab,U15,43d5dd5aa6be3b0638b5af83976e61a214bd9c37,False,True,survivorship-biased exploratory evidence; not Formal Candidate,8058.T,Mitsubishi Corp.,Trading companies,2017-10-10,90
0f6c05bff4831033,tgs_stable_v2_universe_lab,U15,43d5dd5aa6be3b0638b5af83976e61a214bd9c37,False,True,survivorship-biased exploratory evidence; not Formal Candidate,8002.T,Marubeni Corp.,Trading companies,2017-10-11,90
0f6c05bff4831033,tgs_stable_v2_universe_lab,U15,43d5dd5aa6be3b0638b5af83976e61a214bd9c37,False,True,survivorship-biased exploratory evidence; not Formal Candidate,5801.T,"The Furukawa Electric Co., Ltd.",Nonferrous metals,2017-10-16,90
0f6c05bff4831033,tgs_stable_v2_universe_lab,U15,43d5dd5aa6be3b0638b5af83976e61a214bd9c37,False,True,survivorship-biased exploratory evidence; not Formal Candidate,8058.T,Mitsubishi Corp.,Trading companies,2017-10-24,90
0f6c05bff4831033,tgs_stable_v2_universe_lab,U15,43d5dd5aa6be3b0638b5af83976e61a214bd9c37,False,True,survivorship-biased exploratory evidence; not Formal Candidate,8002.T,Marubeni Corp.,Trading companies,2017-10-30,90
0f6c05bff4831033,tgs_stable_v2_universe_lab,U15,43d5dd5aa6be3b0638b5af83976e61a214bd9c37,False,True,survivorship-biased exploratory evidence; not Formal Candidate,8031.T,"Mitsui & Co., Ltd.",Trading companies,2017-10-30,90
0f6c05bff4831033,tgs_stable_v2_universe_lab,U15,43d5dd5aa6be3b0638b5af83976e61a214bd9c37,False,True,survivorship-biased exploratory evidence; not Formal Candidate,8058.T,Mitsubishi Corp.,Trading companies,2017-10-30,90
0f6c05bff4831033,tgs_stable_v2_universe_lab,U15,43d5dd5aa6be3b0638b5af83976e61a214bd9c37,False,True,survivorship-biased exploratory evidence; not Formal Candidate,8031.T,"Mitsui & Co., Ltd.",Trading companies,2017-11-02,90
0f6c05bff4831033,tgs_stable_v2_universe_lab,U15,43d5dd5aa6be3b0638b5af83976e61a214bd9c37,False,True,survivorship-biased exploratory evidence; not Formal Candidate,5802.T,"Sumitomo Electric Industries, Ltd.",Nonferrous metals,2017-11-06,90
0f6c05bff4831033,tgs_stable_v2_universe_lab,U15,43d5dd5aa6be3b0638b5af83976e61a214bd9c37,False,True,survivorship-biased exploratory evidence; not Formal Candidate,8002.T,Marubeni Corp.,Trading companies,2017-11-06,90
0f6c05bff4831033,tgs_stable_v2_universe_lab,U15,43d5dd5aa6be3b0638b5af83976e61a214bd9c37,False,True,survivorship-biased exploratory evidence; not Formal Candidate,8031.T,"Mitsui & Co., Ltd.",Trading companies,2017-11-06,90
0f6c05bff4831033,tgs_stable_v2_universe_lab,U15,43d5dd5aa6be3b0638b5af83976e61a214bd9c37,False,True,survivorship-biased exploratory evidence; not Formal Candidate,5802.T,"Sumitomo Electric Industries, Ltd.",Nonferrous metals,2017-11-07,90
0f6c05bff4831033,tgs_stable_v2_universe_lab,U15,43d5dd5aa6be3b0638b5af83976e61a214bd9c37,False,True,survivorship-biased exploratory evidence; not Formal Candidate,5801.T,"The Furukawa Electric Co., Ltd.",Nonferrous metals,2017-11-09,90
0f6c05bff4831033,tgs_stable_v2_universe_lab,U15,43d5dd5aa6be3b0638b5af83976e61a214bd9c37,False,True,survivorship-biased exploratory evidence; not Formal Candidate,5802.T,"Sumitomo Electric Industries, Ltd.",Nonferrous metals,2017-11-09,90
0f6c05bff4831033,tgs_stable_v2_universe_lab,U15,43d5dd5aa6be3b0638b5af83976e61a214bd9c37,False,True,survivorship-biased exploratory evidence; not Formal Candidate,5803.T,Fujikura Ltd.,Nonferrous metals,2017-11-10,100
0f6c05bff4831033,tgs_stable_v2_universe_lab,U15,43d5dd5aa6be3b0638b5af83976e61a214bd9c37,False,True,survivorship-biased exploratory evidence; not Formal Candidate,5803.T,Fujikura Ltd.,Nonferrous metals,2017-11-13,100
0f6c05bff4831033,tgs_stable_v2_universe_lab,U15,43d5dd5aa6be3b0638b5af83976e61a214bd9c37,False,True,survivorship-biased exploratory evidence; not Formal Candidate,5803.T,Fujikura Ltd.,Nonferrous metals,2017-11-14,100
0f6c05bff4831033,tgs_stable_v2_universe_lab,U15,43d5dd5aa6be3b0638b5af83976e61a214bd9c37,False,True,survivorship-biased exploratory evidence; not Formal Candidate,5803.T,Fujikura Ltd.,Nonferrous metals,2017-11-15,100
0f6c05bff4831033,tgs_stable_v2_universe_lab,U15,43d5dd5aa6be3b0638b5af83976e61a214bd9c37,False,True,survivorship-biased exploratory evidence; not Formal Candidate,5803.T,Fujikura Ltd.,Nonferrous metals,2017-11-16,100
0f6c05bff4831033,tgs_stable_v2_universe_lab,U15,43d5dd5aa6be3b0638b5af83976e61a214bd9c37,False,True,survivorship-biased exploratory evidence; not Formal Candidate,6301.T,Komatsu Ltd.,Machinery,2017-11-16,90
0f6c05bff4831033,tgs_stable_v2_universe_lab,U15,43d5dd5aa6be3b0638b5af83976e61a214bd9c37,False,True,survivorship-biased exploratory evidence; not Formal Candidate,8001.T,Itochu Corp.,Trading companies,2017-11-17,90
0f6c05bff4831033,tgs_stable_v2_universe_lab,U15,43d5dd5aa6be3b0638b5af83976e61a214bd9c37,False,True,survivorship-biased exploratory evidence; not Formal Candidate,5803.T,Fujikura Ltd.,Nonferrous metals,2017-11-20,90
0f6c05bff4831033,tgs_stable_v2_universe_lab,U15,43d5dd5aa6be3b0638b5af83976e61a214bd9c37,False,True,survivorship-biased exploratory evidence; not Formal Candidate,6273.T,SMC Corporation,Machinery,2017-11-28,90
0f6c05bff4831033,tgs_stable_v2_universe_lab,U15,43d5dd5aa6be3b0638b5af83976e61a214bd9c37,False,True,survivorship-biased exploratory evidence; not Formal Candidate,5802.T,"Sumitomo Electric Industries, Ltd.",Nonferrous metals,2017-11-30,90
0f6c05bff4831033,tgs_stable_v2_universe_lab,U15,43d5dd5aa6be3b0638b5af83976e61a214bd9c37,False,True,survivorship-biased exploratory evidence; not Formal Candidate,6273.T,SMC Corporation,Machinery,2017-11-30,90
0f6c05bff4831033,tgs_stable_v2_universe_lab,U15,43d5dd5aa6be3b0638b5af83976e61a214bd9c37,False,True,survivorship-biased exploratory evidence; not Formal Candidate,8031.T,"Mitsui & Co., Ltd.",Trading companies,2017-12-01,100
0f6c05bff4831033,tgs_stable_v2_universe_lab,U15,43d5dd5aa6be3b0638b5af83976e61a214bd9c37,False,True,survivorship-biased exploratory evidence; not Formal Candidate,8031.T,"Mitsui & Co., Ltd.",Trading companies,2017-12-04,100
0f6c05bff4831033,tgs_stable_v2_universe_lab,U15,43d5dd5aa6be3b0638b5af83976e61a214bd9c37,False,True,survivorship-biased exploratory evidence; not Formal Candidate,8031.T,"Mitsui & Co., Ltd.",Trading companies,2017-12-05,100
0f6c05bff4831033,tgs_stable_v2_universe_lab,U15,43d5dd5aa6be3b0638b5af83976e61a214bd9c37,False,True,survivorship-biased exploratory evidence; not Formal Candidate,8031.T,"Mitsui & Co., Ltd.",Trading companies,2017-12-06,100
0f6c05bff4831033,tgs_stable_v2_universe_lab,U15,43d5dd5aa6be3b0638b5af83976e61a214bd9c37,False,True,survivorship-biased exploratory evidence; not Formal Candidate,8031.T,"Mitsui & Co., Ltd.",Trading companies,2017-12-07,100
0f6c05bff4831033,tgs_stable_v2_universe_lab,U15,43d5dd5aa6be3b0638b5af83976e61a214bd9c37,False,True,survivorship-biased exploratory evidence; not Formal Candidate,6367.T,"Daikin Industries, Ltd.",Machinery,2017-12-08,90
0f6c05bff4831033,tgs_stable_v2_universe_lab,U15,43d5dd5aa6be3b0638b5af83976e61a214bd9c37,False,True,survivorship-biased exploratory evidence; not Formal Candidate,8015.T,Toyota Tsusho Corp.,Trading companies,2017-12-08,90
0f6c05bff4831033,tgs_stable_v2_universe_lab,U15,43d5dd5aa6be3b0638b5af83976e61a214bd9c37,False,True,survivorship-biased exploratory evidence; not Formal Candidate,5802.T,"Sumitomo Electric Industries, Ltd.",Nonferrous metals,2017-12-22,100
0f6c05bff4831033,tgs_stable_v2_universe_lab,U15,43d5dd5aa6be3b0638b5af83976e61a214bd9c37,False,True,survivorship-biased exploratory evidence; not Formal Candidate,5802.T,"Sumitomo Electric Industries, Ltd.",Nonferrous metals,2017-12-25,100
0f6c05bff4831033,tgs_stable_v2_universe_lab,U15,43d5dd5aa6be3b0638b5af83976e61a214bd9c37,False,True,survivorship-biased exploratory evidence; not Formal Candidate,5802.T,"Sumitomo Electric Industries, Ltd.",Nonferrous metals,2017-12-26,100
0f6c05bff4831033,tgs_stable_v2_universe_lab,U15,43d5dd5aa6be3b0638b5af83976e61a214bd9c37,False,True,survivorship-biased exploratory evidence; not Formal Candidate,5802.T,"Sumitomo Electric Industries, Ltd.",Nonferrous metals,2017-12-27,100
0f6c05bff4831033,tgs_stable_v2_universe_lab,U15,43d5dd5aa6be3b0638b5af83976e61a214bd9c37,False,True,survivorship-biased exploratory evidence; not Formal Candidate,5802.T,"Sumitomo Electric Industries, Ltd.",Nonferrous metals,2017-12-28,100
0f6c05bff4831033,tgs_stable_v2_universe_lab,U15,43d5dd5aa6be3b0638b5af83976e61a214bd9c37,False,True,survivorship-biased exploratory evidence; not Formal Candidate,8015.T,Toyota Tsusho Corp.,Trading companies,2018-01-18,90
0f6c05bff4831033,tgs_stable_v2_universe_lab,U15,43d5dd5aa6be3b0638b5af83976e61a214bd9c37,False,True,survivorship-biased exploratory evidence; not Formal Candidate,8058.T,Mitsubishi Corp.,Trading companies,2018-01-18,90
0f6c05bff4831033,tgs_stable_v2_universe_lab,U15,43d5dd5aa6be3b0638b5af83976e61a214bd9c37,False,True,survivorship-biased exploratory evidence; not Formal Candidate,6301.T,Komatsu Ltd.,Machinery,2018-01-23,90
0f6c05bff4831033,tgs_stable_v2_universe_lab,U15,43d5dd5aa6be3b0638b5af83976e61a214bd9c37,False,True,survivorship-biased exploratory evidence; not Formal Candidate,5803.T,Fujikura Ltd.,Nonferrous metals,2018-01-25,90
0f6c05bff4831033,tgs_stable_v2_universe_lab,U15,43d5dd5aa6be3b0638b5af83976e61a214bd9c37,False,True,survivorship-biased exploratory evidence; not Formal Candidate,6367.T,"Daikin Industries, Ltd.",Machinery,2018-01-26,90
0f6c05bff4831033,tgs_stable_v2_universe_lab,U15,43d5dd5aa6be3b0638b5af83976e61a214bd9c37,False,True,survivorship-biased exploratory evidence; not Formal Candidate,8058.T,Mitsubishi Corp.,Trading companies,2018-01-26,90
0f6c05bff4831033,tgs_stable_v2_universe_lab,U15,43d5dd5aa6be3b0638b5af83976e61a214bd9c37,False,True,survivorship-biased exploratory evidence; not Formal Candidate,6301.T,Komatsu Ltd.,Machinery,2018-01-29,90
0f6c05bff4831033,tgs_stable_v2_universe_lab,U15,43d5dd5aa6be3b0638b5af83976e61a214bd9c37,False,True,survivorship-biased exploratory evidence; not Formal Candidate,5803.T,Fujikura Ltd.,Nonferrous metals,2018-01-30,90
0f6c05bff4831033,tgs_stable_v2_universe_lab,U15,43d5dd5aa6be3b0638b5af83976e61a214bd9c37,False,True,survivorship-biased exploratory evidence; not Formal Candidate,6301.T,Komatsu Ltd.,Machinery,2018-01-30,90
0f6c05bff4831033,tgs_stable_v2_universe_lab,U15,43d5dd5aa6be3b0638b5af83976e61a214bd9c37,False,True,survivorship-biased exploratory evidence; not Formal Candidate,6301.T,Komatsu Ltd.,Machinery,2018-01-31,90
0f6c05bff4831033,tgs_stable_v2_universe_lab,U15,43d5dd5aa6be3b0638b5af83976e61a214bd9c37,False,True,survivorship-biased exploratory evidence; not Formal Candidate,8053.T,Sumitomo Corp.,Trading companies,2018-01-31,90
0f6c05bff4831033,tgs_stable_v2_universe_lab,U15,43d5dd5aa6be3b0638b5af83976e61a214bd9c37,False,True,survivorship-biased exploratory evidence; not Formal Candidate,8801.T,"Mitsui Fudosan Co., Ltd.",Real estate,2018-01-31,90
0f6c05bff4831033,tgs_stable_v2_universe_lab,U15,43d5dd5aa6be3b0638b5af83976e61a214bd9c37,False,True,survivorship-biased exploratory evidence; not Formal Candidate,8015.T,Toyota Tsusho Corp.,Trading companies,2018-02-02,90
0f6c05bff4831033,tgs_stable_v2_universe_lab,U15,43d5dd5aa6be3b0638b5af83976e61a214bd9c37,False,True,survivorship-biased exploratory evidence; not Formal Candidate,8001.T,Itochu Corp.,Trading companies,2018-02-05,90
0f6c05bff4831033,tgs_stable_v2_universe_lab,U15,43d5dd5aa6be3b0638b5af83976e61a214bd9c37,False,True,survivorship-biased exploratory evidence; not Formal Candidate,8058.T,Mitsubishi Corp.,Trading companies,2018-02-05,90
0f6c05bff4831033,tgs_stable_v2_universe_lab,U15,43d5dd5aa6be3b0638b5af83976e61a214bd9c37,False,True,survivorship-biased exploratory evidence; not Formal Candidate,8002.T,Marubeni Corp.,Trading companies,2018-02-06,90
0f6c05bff4831033,tgs_stable_v2_universe_lab,U15,43d5dd5aa6be3b0638b5af83976e61a214bd9c37,False,True,survivorship-biased exploratory evidence; not Formal Candidate,8031.T,"Mitsui & Co., Ltd.",Trading companies,2018-02-06,90
0f6c05bff4831033,tgs_stable_v2_universe_lab,U15,43d5dd5aa6be3b0638b5af83976e61a214bd9c37,False,True,survivorship-biased exploratory evidence; not Formal Candidate,6301.T,Komatsu Ltd.,Machinery,2018-02-07,90
0f6c05bff4831033,tgs_stable_v2_universe_lab,U15,43d5dd5aa6be3b0638b5af83976e61a214bd9c37,False,True,survivorship-biased exploratory evidence; not Formal Candidate,8031.T,"Mitsui & Co., Ltd.",Trading companies,2018-02-07,90
0f6c05bff4831033,tgs_stable_v2_universe_lab,U15,43d5dd5aa6be3b0638b5af83976e61a214bd9c37,False,True,survivorship-biased exploratory evidence; not Formal Candidate,8002.T,Marubeni Corp.,Trading companies,2018-02-08,90
0f6c05bff4831033,tgs_stable_v2_universe_lab,U15,43d5dd5aa6be3b0638b5af83976e61a214bd9c37,False,True,survivorship-biased exploratory evidence; not Formal Candidate,8002.T,Marubeni Corp.,Trading companies,2018-05-07,100
0f6c05bff4831033,tgs_stable_v2_universe_lab,U15,43d5dd5aa6be3b0638b5af83976e61a214bd9c37,False,True,survivorship-biased exploratory evidence; not Formal Candidate,8053.T,Sumitomo Corp.,Trading companies,2018-05-07,100
0f6c05bff4831033,tgs_stable_v2_universe_lab,U15,43d5dd5aa6be3b0638b5af83976e61a214bd9c37,False,True,survivorship-biased exploratory evidence; not Formal Candidate,8002.T,Marubeni Corp.,Trading companies,2018-05-08,100
0f6c05bff4831033,tgs_stable_v2_universe_lab,U15,43d5dd5aa6be3b0638b5af83976e61a214bd9c37,False,True,survivorship-biased exploratory evidence; not Formal Candidate,8053.T,Sumitomo Corp.,Trading companies,2018-05-08,100
0f6c05bff4831033,tgs_stable_v2_universe_lab,U15,43d5dd5aa6be3b0638b5af83976e61a214bd9c37,False,True,survivorship-biased exploratory evidence; not Formal Candidate,8002.T,Marubeni Corp.,Trading companies,2018-05-09,100
0f6c05bff4831033,tgs_stable_v2_universe_lab,U15,43d5dd5aa6be3b0638b5af83976e61a214bd9c37,False,True,survivorship-biased exploratory evidence; not Formal Candidate,8053.T,Sumitomo Corp.,Trading companies,2018-05-09,100
0f6c05bff4831033,tgs_stable_v2_universe_lab,U15,43d5dd5aa6be3b0638b5af83976e61a214bd9c37,False,True,survivorship-biased exploratory evidence; not Formal Candidate,8053.T,Sumitomo Corp.,Trading companies,2018-05-10,100
0f6c05bff4831033,tgs_stable_v2_universe_lab,U15,43d5dd5aa6be3b0638b5af83976e61a214bd9c37,False,True,survivorship-biased exploratory evidence; not Formal Candidate,5802.T,"Sumitomo Electric Industries, Ltd.",Nonferrous metals,2018-05-11,100
0f6c05bff4831033,tgs_stable_v2_universe_lab,U15,43d5dd5aa6be3b0638b5af83976e61a214bd9c37,False,True,survivorship-biased exploratory evidence; not Formal Candidate,8031.T,"Mitsui & Co., Ltd.",Trading companies,2018-05-11,100
0f6c05bff4831033,tgs_stable_v2_universe_lab,U15,43d5dd5aa6be3b0638b5af83976e61a214bd9c37,False,True,survivorship-biased exploratory evidence; not Formal Candidate,5802.T,"Sumitomo Electric Industries, Ltd.",Nonferrous metals,2018-05-14,100
0f6c05bff4831033,tgs_stable_v2_universe_lab,U15,43d5dd5aa6be3b0638b5af83976e61a214bd9c37,False,True,survivorship-biased exploratory evidence; not Formal Candidate,8031.T,"Mitsui & Co., Ltd.",Trading companies,2018-05-14,100
0f6c05bff4831033,tgs_stable_v2_universe_lab,U15,43d5dd5aa6be3b0638b5af83976e61a214bd9c37,False,True,survivorship-biased exploratory evidence; not Formal Candidate,6367.T,"Daikin Industries, Ltd.",Machinery,2018-05-15,100
0f6c05bff4831033,tgs_stable_v2_universe_lab,U15,43d5dd5aa6be3b0638b5af83976e61a214bd9c37,False,True,survivorship-biased exploratory evidence; not Formal Candidate,8031.T,"Mitsui & Co., Ltd.",Trading companies,2018-05-15,100
0f6c05bff4831033,tgs_stable_v2_universe_lab,U15,43d5dd5aa6be3b0638b5af83976e61a214bd9c37,False,True,survivorship-biased exploratory evidence; not Formal Candidate,6367.T,"Daikin Industries, Ltd.",Machinery,2018-05-16,100
0f6c05bff4831033,tgs_stable_v2_universe_lab,U15,43d5dd5aa6be3b0638b5af83976e61a214bd9c37,False,True,survivorship-biased exploratory evidence; not Formal Candidate,8031.T,"Mitsui & Co., Ltd.",Trading companies,2018-05-16,100
0f6c05bff4831033,tgs_stable_v2_universe_lab,U15,43d5dd5aa6be3b0638b5af83976e61a214bd9c37,False,True,survivorship-biased exploratory evidence; not Formal Candidate,6367.T,"Daikin Industries, Ltd.",Machinery,2018-05-17,100
0f6c05bff4831033,tgs_stable_v2_universe_lab,U15,43d5dd5aa6be3b0638b5af83976e61a214bd9c37,False,True,survivorship-biased exploratory evidence; not Formal Candidate,5803.T,Fujikura Ltd.,Nonferrous metals,2018-05-21,100
0f6c05bff4831033,tgs_stable_v2_universe_lab,U15,43d5dd5aa6be3b0638b5af83976e61a214bd9c37,False,True,survivorship-biased exploratory evidence; not Formal Candidate,8015.T,Toyota Tsusho Corp.,Trading companies,2018-05-21,100
0f6c05bff4831033,tgs_stable_v2_universe_lab,U15,43d5dd5aa6be3b0638b5af83976e61a214bd9c37,False,True,survivorship-biased exploratory evidence; not Formal Candidate,5803.T,Fujikura Ltd.,Nonferrous metals,2018-05-23,100
0f6c05bff4831033,tgs_stable_v2_universe_lab,U15,43d5dd5aa6be3b0638b5af83976e61a214bd9c37,False,True,survivorship-biased exploratory evidence; not Formal Candidate,8015.T,Toyota Tsusho Corp.,Trading companies,2018-05-23,100
0f6c05bff4831033,tgs_stable_v2_universe_lab,U15,43d5dd5aa6be3b0638b5af83976e61a214bd9c37,False,True,survivorship-biased exploratory evidence; not Formal Candidate,5803.T,Fujikura Ltd.,Nonferrous metals,2018-05-24,100
0f6c05bff4831033,tgs_stable_v2_universe_lab,U15,43d5dd5aa6be3b0638b5af83976e61a214bd9c37,False,True,survivorship-biased exploratory evidence; not Formal Candidate,8015.T,Toyota Tsusho Corp.,Trading companies,2018-05-24,100
0f6c05bff4831033,tgs_stable_v2_universe_lab,U15,43d5dd5aa6be3b0638b5af83976e61a214bd9c37,False,True,survivorship-biased exploratory evidence; not Formal Candidate,8002.T,Marubeni Corp.,Trading companies,2018-05-31,90
0f6c05bff4831033,tgs_stable_v2_universe_lab,U15,43d5dd5aa6be3b0638b5af83976e61a214bd9c37,False,True,survivorship-biased exploratory evidence; not Formal Candidate,8058.T,Mitsubishi Corp.,Trading companies,2018-05-31,90
0f6c05bff4831033,tgs_stable_v2_universe_lab,U15,43d5dd5aa6be3b0638b5af83976e61a214bd9c37,False,True,survivorship-biased exploratory evidence; not Formal Candidate,6367.T,"Daikin Industries, Ltd.",Machinery,2018-06-08,90
0f6c05bff4831033,tgs_stable_v2_universe_lab,U15,43d5dd5aa6be3b0638b5af83976e61a214bd9c37,False,True,survivorship-biased exploratory evidence; not Formal Candidate,8015.T,Toyota Tsusho Corp.,Trading companies,2018-06-08,120
0f6c05bff4831033,tgs_stable_v2_universe_lab,U15,43d5dd5aa6be3b0638b5af83976e61a214bd9c37,False,True,survivorship-biased exploratory evidence; not Formal Candidate,8015.T,Toyota Tsusho Corp.,Trading companies,2018-06-11,100
0f6c05bff4831033,tgs_stable_v2_universe_lab,U15,43d5dd5aa6be3b0638b5af83976e61a214bd9c37,False,True,survivorship-biased exploratory evidence; not Formal Candidate,8015.T,Toyota Tsusho Corp.,Trading companies,2018-06-12,100
0f6c05bff4831033,tgs_stable_v2_universe_lab,U15,43d5dd5aa6be3b0638b5af83976e61a214bd9c37,False,True,survivorship-biased exploratory evidence; not Formal Candidate,8015.T,Toyota Tsusho Corp.,Trading companies,2018-06-13,100
0f6c05bff4831033,tgs_stable_v2_universe_lab,U15,43d5dd5aa6be3b0638b5af83976e61a214bd9c37,False,True,survivorship-biased exploratory evidence; not Formal Candidate,8015.T,Toyota Tsusho Corp.,Trading companies,2018-06-14,100
0f6c05bff4831033,tgs_stable_v2_universe_lab,U15,43d5dd5aa6be3b0638b5af83976e61a214bd9c37,False,True,survivorship-biased exploratory evidence; not Formal Candidate,8058.T,Mitsubishi Corp.,Trading companies,2018-06-15,90
0f6c05bff4831033,tgs_stable_v2_universe_lab,U15,43d5dd5aa6be3b0638b5af83976e61a214bd9c37,False,True,survivorship-biased exploratory evidence; not Formal Candidate,5802.T,"Sumitomo Electric Industries, Ltd.",Nonferrous metals,2018-07-13,100
0f6c05bff4831033,tgs_stable_v2_universe_lab,U15,43d5dd5aa6be3b0638b5af83976e61a214bd9c37,False,True,survivorship-biased exploratory evidence; not Formal Candidate,5802.T,"Sumitomo Electric Industries, Ltd.",Nonferrous metals,2018-07-17,100
0f6c05bff4831033,tgs_stable_v2_universe_lab,U15,43d5dd5aa6be3b0638b5af83976e61a214bd9c37,False,True,survivorship-biased exploratory evidence; not Formal Candidate,5802.T,"Sumitomo Electric Industries, Ltd.",Nonferrous metals,2018-07-18,100
0f6c05bff4831033,tgs_stable_v2_universe_lab,U15,43d5dd5aa6be3b0638b5af83976e61a214bd9c37,False,True,survivorship-biased exploratory evidence; not Formal Candidate,5802.T,"Sumitomo Electric Industries, Ltd.",Nonferrous metals,2018-07-19,100
0f6c05bff4831033,tgs_stable_v2_universe_lab,U15,43d5dd5aa6be3b0638b5af83976e61a214bd9c37,False,True,survivorship-biased exploratory evidence; not Formal Candidate,6367.T,"Daikin Industries, Ltd.",Machinery,2018-07-20,100
0f6c05bff4831033,tgs_stable_v2_universe_lab,U15,43d5dd5aa6be3b0638b5af83976e61a214bd9c37,False,True,survivorship-biased exploratory evidence; not Formal Candidate,6367.T,"Daikin Industries, Ltd.",Machinery,2018-07-23,100
0f6c05bff4831033,tgs_stable_v2_universe_lab,U15,43d5dd5aa6be3b0638b5af83976e61a214bd9c37,False,True,survivorship-biased exploratory evidence; not Formal Candidate,6367.T,"Daikin Industries, Ltd.",Machinery,2018-07-24,100
0f6c05bff4831033,tgs_stable_v2_universe_lab,U15,43d5dd5aa6be3b0638b5af83976e61a214bd9c37,False,True,survivorship-biased exploratory evidence; not Formal Candidate,6367.T,"Daikin Industries, Ltd.",Machinery,2018-07-25,100
0f6c05bff4831033,tgs_stable_v2_universe_lab,U15,43d5dd5aa6be3b0638b5af83976e61a214bd9c37,False,True,survivorship-biased exploratory evidence; not Formal Candidate,6367.T,"Daikin Industries, Ltd.",Machinery,2018-07-26,100
0f6c05bff4831033,tgs_stable_v2_universe_lab,U15,43d5dd5aa6be3b0638b5af83976e61a214bd9c37,False,True,survivorship-biased exploratory evidence; not Formal Candidate,5803.T,Fujikura Ltd.,Nonferrous metals,2018-07-27,100
0f6c05bff4831033,tgs_stable_v2_universe_lab,U15,43d5dd5aa6be3b0638b5af83976e61a214bd9c37,False,True,survivorship-biased exploratory evidence; not Formal Candidate,5803.T,Fujikura Ltd.,Nonferrous metals,2018-07-30,100
0f6c05bff4831033,tgs_stable_v2_universe_lab,U15,43d5dd5aa6be3b0638b5af83976e61a214bd9c37,False,True,survivorship-biased exploratory evidence; not Formal Candidate,5803.T,Fujikura Ltd.,Nonferrous metals,2018-07-31,100
0f6c05bff4831033,tgs_stable_v2_universe_lab,U15,43d5dd5aa6be3b0638b5af83976e61a214bd9c37,False,True,survivorship-biased exploratory evidence; not Formal Candidate,5803.T,Fujikura Ltd.,Nonferrous metals,2018-08-01,120
0f6c05bff4831033,tgs_stable_v2_universe_lab,U15,43d5dd5aa6be3b0638b5af83976e61a214bd9c37,False,True,survivorship-biased exploratory evidence; not Formal Candidate,5803.T,Fujikura Ltd.,Nonferrous metals,2018-08-02,100
0f6c05bff4831033,tgs_stable_v2_universe_lab,U15,43d5dd5aa6be3b0638b5af83976e61a214bd9c37,False,True,survivorship-biased exploratory evidence; not Formal Candidate,8002.T,Marubeni Corp.,Trading companies,2018-08-03,100
0f6c05bff4831033,tgs_stable_v2_universe_lab,U15,43d5dd5aa6be3b0638b5af83976e61a214bd9c37,False,True,survivorship-biased exploratory evidence; not Formal Candidate,8002.T,Marubeni Corp.,Trading companies,2018-08-06,100
0f6c05bff4831033,tgs_stable_v2_universe_lab,U15,43d5dd5aa6be3b0638b5af83976e61a214bd9c37,False,True,survivorship-biased exploratory evidence; not Formal Candidate,6367.T,"Daikin Industries, Ltd.",Machinery,2018-08-08,90
0f6c05bff4831033,tgs_stable_v2_universe_lab,U15,43d5dd5aa6be3b0638b5af83976e61a214bd9c37,False,True,survivorship-biased exploratory evidence; not Formal Candidate,6367.T,"Daikin Industries, Ltd.",Machinery,2018-08-17,100
0f6c05bff4831033,tgs_stable_v2_universe_lab,U15,43d5dd5aa6be3b0638b5af83976e61a214bd9c37,False,True,survivorship-biased exploratory evidence; not Formal Candidate,6367.T,"Daikin Industries, Ltd.",Machinery,2018-08-20,100
0f6c05bff4831033,tgs_stable_v2_universe_lab,U15,43d5dd5aa6be3b0638b5af83976e61a214bd9c37,False,True,survivorship-biased exploratory evidence; not Formal Candidate,6367.T,"Daikin Industries, Ltd.",Machinery,2018-08-21,100
0f6c05bff4831033,tgs_stable_v2_universe_lab,U15,43d5dd5aa6be3b0638b5af83976e61a214bd9c37,False,True,survivorship-biased exploratory evidence; not Formal Candidate,6367.T,"Daikin Industries, Ltd.",Machinery,2018-08-22,100
0f6c05bff4831033,tgs_stable_v2_universe_lab,U15,43d5dd5aa6be3b0638b5af83976e61a214bd9c37,False,True,survivorship-biased exploratory evidence; not Formal Candidate,6367.T,"Daikin Industries, Ltd.",Machinery,2018-08-23,100
0f6c05bff4831033,tgs_stable_v2_universe_lab,U15,43d5dd5aa6be3b0638b5af83976e61a214bd9c37,False,True,survivorship-biased exploratory evidence; not Formal Candidate,5801.T,"The Furukawa Electric Co., Ltd.",Nonferrous metals,2018-08-31,120
0f6c05bff4831033,tgs_stable_v2_universe_lab,U15,43d5dd5aa6be3b0638b5af83976e61a214bd9c37,False,True,survivorship-biased exploratory evidence; not Formal Candidate,5802.T,"Sumitomo Electric Industries, Ltd.",Nonferrous metals,2018-08-31,90
0f6c05bff4831033,tgs_stable_v2_universe_lab,U15,43d5dd5aa6be3b0638b5af83976e61a214bd9c37,False,True,survivorship-biased exploratory evidence; not Formal Candidate,5801.T,"The Furukawa Electric Co., Ltd.",Nonferrous metals,2018-09-03,100
0f6c05bff4831033,tgs_stable_v2_universe_lab,U15,43d5dd5aa6be3b0638b5af83976e61a214bd9c37,False,True,survivorship-biased exploratory evidence; not Formal Candidate,5801.T,"The Furukawa Electric Co., Ltd.",Nonferrous metals,2018-09-04,100
0f6c05bff4831033,tgs_stable_v2_universe_lab,U15,43d5dd5aa6be3b0638b5af83976e61a214bd9c37,False,True,survivorship-biased exploratory evidence; not Formal Candidate,5801.T,"The Furukawa Electric Co., Ltd.",Nonferrous metals,2018-09-05,100
0f6c05bff4831033,tgs_stable_v2_universe_lab,U15,43d5dd5aa6be3b0638b5af83976e61a214bd9c37,False,True,survivorship-biased exploratory evidence; not Formal Candidate,5801.T,"The Furukawa Electric Co., Ltd.",Nonferrous metals,2018-09-06,100
0f6c05bff4831033,tgs_stable_v2_universe_lab,U15,43d5dd5aa6be3b0638b5af83976e61a214bd9c37,False,True,survivorship-biased exploratory evidence; not Formal Candidate,5802.T,"Sumitomo Electric Industries, Ltd.",Nonferrous metals,2018-09-14,90
0f6c05bff4831033,tgs_stable_v2_universe_lab,U15,43d5dd5aa6be3b0638b5af83976e61a214bd9c37,False,True,survivorship-biased exploratory evidence; not Formal Candidate,8015.T,Toyota Tsusho Corp.,Trading companies,2018-09-14,120
0f6c05bff4831033,tgs_stable_v2_universe_lab,U15,43d5dd5aa6be3b0638b5af83976e61a214bd9c37,False,True,survivorship-biased exploratory evidence; not Formal Candidate,8015.T,Toyota Tsusho Corp.,Trading companies,2018-09-18,100
0f6c05bff4831033,tgs_stable_v2_universe_lab,U15,43d5dd5aa6be3b0638b5af83976e61a214bd9c37,False,True,survivorship-biased exploratory evidence; not Formal Candidate,8015.T,Toyota Tsusho Corp.,Trading companies,2018-09-19,100
0f6c05bff4831033,tgs_stable_v2_universe_lab,U15,43d5dd5aa6be3b0638b5af83976e61a214bd9c37,False,True,survivorship-biased exploratory evidence; not Formal Candidate,8015.T,Toyota Tsusho Corp.,Trading companies,2018-09-20,100
0f6c05bff4831033,tgs_stable_v2_universe_lab,U15,43d5dd5aa6be3b0638b5af83976e61a214bd9c37,False,True,survivorship-biased exploratory evidence; not Formal Candidate,5802.T,"Sumitomo Electric Industries, Ltd.",Nonferrous metals,2018-09-21,90
0f6c05bff4831033,tgs_stable_v2_universe_lab,U15,43d5dd5aa6be3b0638b5af83976e61a214bd9c37,False,True,survivorship-biased exploratory evidence; not Formal Candidate,6301.T,Komatsu Ltd.,Machinery,2018-09-21,100
0f6c05bff4831033,tgs_stable_v2_universe_lab,U15,43d5dd5aa6be3b0638b5af83976e61a214bd9c37,False,True,survivorship-biased exploratory evidence; not Formal Candidate,8001.T,Itochu Corp.,Trading companies,2018-09-21,100
0f6c05bff4831033,tgs_stable_v2_universe_lab,U15,43d5dd5aa6be3b0638b5af83976e61a214bd9c37,False,True,survivorship-biased exploratory evidence; not Formal Candidate,8031.T,"Mitsui & Co., Ltd.",Trading companies,2018-09-21,100
0f6c05bff4831033,tgs_stable_v2_universe_lab,U15,43d5dd5aa6be3b0638b5af83976e61a214bd9c37,False,True,survivorship-biased exploratory evidence; not Formal Candidate,8058.T,Mitsubishi Corp.,Trading companies,2018-09-21,100
0f6c05bff4831033,tgs_stable_v2_universe_lab,U15,43d5dd5aa6be3b0638b5af83976e61a214bd9c37,False,True,survivorship-biased exploratory evidence; not Formal Candidate,8031.T,"Mitsui & Co., Ltd.",Trading companies,2018-09-25,100
0f6c05bff4831033,tgs_stable_v2_universe_lab,U15,43d5dd5aa6be3b0638b5af83976e61a214bd9c37,False,True,survivorship-biased exploratory evidence; not Formal Candidate,8058.T,Mitsubishi Corp.,Trading companies,2018-09-25,100
0f6c05bff4831033,tgs_stable_v2_universe_lab,U15,43d5dd5aa6be3b0638b5af83976e61a214bd9c37,False,True,survivorship-biased exploratory evidence; not Formal Candidate,5802.T,"Sumitomo Electric Industries, Ltd.",Nonferrous metals,2018-09-26,90
0f6c05bff4831033,tgs_stable_v2_universe_lab,U15,43d5dd5aa6be3b0638b5af83976e61a214bd9c37,False,True,survivorship-biased exploratory evidence; not Formal Candidate,6301.T,Komatsu Ltd.,Machinery,2018-09-26,100
0f6c05bff4831033,tgs_stable_v2_universe_lab,U15,43d5dd5aa6be3b0638b5af83976e61a214bd9c37,False,True,survivorship-biased exploratory evidence; not Formal Candidate,8058.T,Mitsubishi Corp.,Trading companies,2018-09-26,100
0f6c05bff4831033,tgs_stable_v2_universe_lab,U15,43d5dd5aa6be3b0638b5af83976e61a214bd9c37,False,True,survivorship-biased exploratory evidence; not Formal Candidate,5801.T,"The Furukawa Electric Co., Ltd.",Nonferrous metals,2018-09-27,90
0f6c05bff4831033,tgs_stable_v2_universe_lab,U15,43d5dd5aa6be3b0638b5af83976e61a214bd9c37,False,True,survivorship-biased exploratory evidence; not Formal Candidate,5802.T,"Sumitomo Electric Industries, Ltd.",Nonferrous metals,2018-09-27,90
0f6c05bff4831033,tgs_stable_v2_universe_lab,U15,43d5dd5aa6be3b0638b5af83976e61a214bd9c37,False,True,survivorship-biased exploratory evidence; not Formal Candidate,6301.T,Komatsu Ltd.,Machinery,2018-09-27,100
0f6c05bff4831033,tgs_stable_v2_universe_lab,U15,43d5dd5aa6be3b0638b5af83976e61a214bd9c37,False,True,survivorship-biased exploratory evidence; not Formal Candidate,8001.T,Itochu Corp.,Trading companies,2018-09-27,100
0f6c05bff4831033,tgs_stable_v2_universe_lab,U15,43d5dd5aa6be3b0638b5af83976e61a214bd9c37,False,True,survivorship-biased exploratory evidence; not Formal Candidate,8058.T,Mitsubishi Corp.,Trading companies,2018-09-27,100
0f6c05bff4831033,tgs_stable_v2_universe_lab,U15,43d5dd5aa6be3b0638b5af83976e61a214bd9c37,False,True,survivorship-biased exploratory evidence; not Formal Candidate,5802.T,"Sumitomo Electric Industries, Ltd.",Nonferrous metals,2018-09-28,90
0f6c05bff4831033,tgs_stable_v2_universe_lab,U15,43d5dd5aa6be3b0638b5af83976e61a214bd9c37,False,True,survivorship-biased exploratory evidence; not Formal Candidate,8001.T,Itochu Corp.,Trading companies,2018-09-28,90
0f6c05bff4831033,tgs_stable_v2_universe_lab,U15,43d5dd5aa6be3b0638b5af83976e61a214bd9c37,False,True,survivorship-biased exploratory evidence; not Formal Candidate,8053.T,Sumitomo Corp.,Trading companies,2018-09-28,100
0f6c05bff4831033,tgs_stable_v2_universe_lab,U15,43d5dd5aa6be3b0638b5af83976e61a214bd9c37,False,True,survivorship-biased exploratory evidence; not Formal Candidate,8801.T,"Mitsui Fudosan Co., Ltd.",Real estate,2018-09-28,90
0f6c05bff4831033,tgs_stable_v2_universe_lab,U15,43d5dd5aa6be3b0638b5af83976e61a214bd9c37,False,True,survivorship-biased exploratory evidence; not Formal Candidate,5801.T,"The Furukawa Electric Co., Ltd.",Nonferrous metals,2018-10-01,90
0f6c05bff4831033,tgs_stable_v2_universe_lab,U15,43d5dd5aa6be3b0638b5af83976e61a214bd9c37,False,True,survivorship-biased exploratory evidence; not Formal Candidate,5802.T,"Sumitomo Electric Industries, Ltd.",Nonferrous metals,2018-10-01,90
0f6c05bff4831033,tgs_stable_v2_universe_lab,U15,43d5dd5aa6be3b0638b5af83976e61a214bd9c37,False,True,survivorship-biased exploratory evidence; not Formal Candidate,8053.T,Sumitomo Corp.,Trading companies,2018-10-01,100
0f6c05bff4831033,tgs_stable_v2_universe_lab,U15,43d5dd5aa6be3b0638b5af83976e61a214bd9c37,False,True,survivorship-biased exploratory evidence; not Formal Candidate,5801.T,"The Furukawa Electric Co., Ltd.",Nonferrous metals,2018-10-02,90
0f6c05bff4831033,tgs_stable_v2_universe_lab,U15,43d5dd5aa6be3b0638b5af83976e61a214bd9c37,False,True,survivorship-biased exploratory evidence; not Formal Candidate,5802.T,"Sumitomo Electric Industries, Ltd.",Nonferrous metals,2018-10-02,90
0f6c05bff4831033,tgs_stable_v2_universe_lab,U15,43d5dd5aa6be3b0638b5af83976e61a214bd9c37,False,True,survivorship-biased exploratory evidence; not Formal Candidate,8053.T,Sumitomo Corp.,Trading companies,2018-10-03,100
0f6c05bff4831033,tgs_stable_v2_universe_lab,U15,43d5dd5aa6be3b0638b5af83976e61a214bd9c37,False,True,survivorship-biased exploratory evidence; not Formal Candidate,8053.T,Sumitomo Corp.,Trading companies,2018-10-04,100
0f6c05bff4831033,tgs_stable_v2_universe_lab,U15,43d5dd5aa6be3b0638b5af83976e61a214bd9c37,False,True,survivorship-biased exploratory evidence; not Formal Candidate,5801.T,"The Furukawa Electric Co., Ltd.",Nonferrous metals,2018-10-05,90
0f6c05bff4831033,tgs_stable_v2_universe_lab,U15,43d5dd5aa6be3b0638b5af83976e61a214bd9c37,False,True,survivorship-biased exploratory evidence; not Formal Candidate,6273.T,SMC Corporation,Machinery,2018-10-05,100
0f6c05bff4831033,tgs_stable_v2_universe_lab,U15,43d5dd5aa6be3b0638b5af83976e61a214bd9c37,False,True,survivorship-biased exploratory evidence; not Formal Candidate,6301.T,Komatsu Ltd.,Machinery,2018-10-11,90
0f6c05bff4831033,tgs_stable_v2_universe_lab,U15,43d5dd5aa6be3b0638b5af83976e61a214bd9c37,False,True,survivorship-biased exploratory evidence; not Formal Candidate,8002.T,Marubeni Corp.,Trading companies,2018-10-11,90
0f6c05bff4831033,tgs_stable_v2_universe_lab,U15,43d5dd5aa6be3b0638b5af83976e61a214bd9c37,False,True,survivorship-biased exploratory evidence; not Formal Candidate,6367.T,"Daikin Industries, Ltd.",Machinery,2018-10-12,90
0f6c05bff4831033,tgs_stable_v2_universe_lab,U15,43d5dd5aa6be3b0638b5af83976e61a214bd9c37,False,True,survivorship-biased exploratory evidence; not Formal Candidate,8002.T,Marubeni Corp.,Trading companies,2018-10-12,90
0f6c05bff4831033,tgs_stable_v2_universe_lab,U15,43d5dd5aa6be3b0638b5af83976e61a214bd9c37,False,True,survivorship-biased exploratory evidence; not Formal Candidate,8015.T,Toyota Tsusho Corp.,Trading companies,2018-10-12,90
0f6c05bff4831033,tgs_stable_v2_universe_lab,U15,43d5dd5aa6be3b0638b5af83976e61a214bd9c37,False,True,survivorship-biased exploratory evidence; not Formal Candidate,6273.T,SMC Corporation,Machinery,2018-11-02,100
0f6c05bff4831033,tgs_stable_v2_universe_lab,U15,43d5dd5aa6be3b0638b5af83976e61a214bd9c37,False,True,survivorship-biased exploratory evidence; not Formal Candidate,6273.T,SMC Corporation,Machinery,2018-11-05,100
0f6c05bff4831033,tgs_stable_v2_universe_lab,U15,43d5dd5aa6be3b0638b5af83976e61a214bd9c37,False,True,survivorship-biased exploratory evidence; not Formal Candidate,6273.T,SMC Corporation,Machinery,2018-11-06,100
0f6c05bff4831033,tgs_stable_v2_universe_lab,U15,43d5dd5aa6be3b0638b5af83976e61a214bd9c37,False,True,survivorship-biased exploratory evidence; not Formal Candidate,6273.T,SMC Corporation,Machinery,2018-11-07,100
0f6c05bff4831033,tgs_stable_v2_universe_lab,U15,43d5dd5aa6be3b0638b5af83976e61a214bd9c37,False,True,survivorship-biased exploratory evidence; not Formal Candidate,6273.T,SMC Corporation,Machinery,2018-11-08,100
0f6c05bff4831033,tgs_stable_v2_universe_lab,U15,43d5dd5aa6be3b0638b5af83976e61a214bd9c37,False,True,survivorship-biased exploratory evidence; not Formal Candidate,6273.T,SMC Corporation,Machinery,2019-01-18,100
0f6c05bff4831033,tgs_stable_v2_universe_lab,U15,43d5dd5aa6be3b0638b5af83976e61a214bd9c37,False,True,survivorship-biased exploratory evidence; not Formal Candidate,6273.T,SMC Corporation,Machinery,2019-01-21,100
0f6c05bff4831033,tgs_stable_v2_universe_lab,U15,43d5dd5aa6be3b0638b5af83976e61a214bd9c37,False,True,survivorship-biased exploratory evidence; not Formal Candidate,6273.T,SMC Corporation,Machinery,2019-01-22,100
0f6c05bff4831033,tgs_stable_v2_universe_lab,U15,43d5dd5aa6be3b0638b5af83976e61a214bd9c37,False,True,survivorship-biased exploratory evidence; not Formal Candidate,6273.T,SMC Corporation,Machinery,2019-01-23,100
0f6c05bff4831033,tgs_stable_v2_universe_lab,U15,43d5dd5aa6be3b0638b5af83976e61a214bd9c37,False,True,survivorship-biased exploratory evidence; not Formal Candidate,6273.T,SMC Corporation,Machinery,2019-01-24,100
0f6c05bff4831033,tgs_stable_v2_universe_lab,U15,43d5dd5aa6be3b0638b5af83976e61a214bd9c37,False,True,survivorship-biased exploratory evidence; not Formal Candidate,6301.T,Komatsu Ltd.,Machinery,2019-01-25,100
0f6c05bff4831033,tgs_stable_v2_universe_lab,U15,43d5dd5aa6be3b0638b5af83976e61a214bd9c37,False,True,survivorship-biased exploratory evidence; not Formal Candidate,6301.T,Komatsu Ltd.,Machinery,2019-01-28,100
0f6c05bff4831033,tgs_stable_v2_universe_lab,U15,43d5dd5aa6be3b0638b5af83976e61a214bd9c37,False,True,survivorship-biased exploratory evidence; not Formal Candidate,6301.T,Komatsu Ltd.,Machinery,2019-01-29,100
0f6c05bff4831033,tgs_stable_v2_universe_lab,U15,43d5dd5aa6be3b0638b5af83976e61a214bd9c37,False,True,survivorship-biased exploratory evidence; not Formal Candidate,6301.T,Komatsu Ltd.,Machinery,2019-01-30,100
0f6c05bff4831033,tgs_stable_v2_universe_lab,U15,43d5dd5aa6be3b0638b5af83976e61a214bd9c37,False,True,survivorship-biased exploratory evidence; not Formal Candidate,6301.T,Komatsu Ltd.,Machinery,2019-01-31,100
0f6c05bff4831033,tgs_stable_v2_universe_lab,U15,43d5dd5aa6be3b0638b5af83976e61a214bd9c37,False,True,survivorship-biased exploratory evidence; not Formal Candidate,6273.T,SMC Corporation,Machinery,2019-02-01,90
0f6c05bff4831033,tgs_stable_v2_universe_lab,U15,43d5dd5aa6be3b0638b5af83976e61a214bd9c37,False,True,survivorship-biased exploratory evidence; not Formal Candidate,8001.T,Itochu Corp.,Trading companies,2019-02-15,100
0f6c05bff4831033,tgs_stable_v2_universe_lab,U15,43d5dd5aa6be3b0638b5af83976e61a214bd9c37,False,True,survivorship-biased exploratory evidence; not Formal Candidate,8001.T,Itochu Corp.,Trading companies,2019-02-18,100
0f6c05bff4831033,tgs_stable_v2_universe_lab,U15,43d5dd5aa6be3b0638b5af83976e61a214bd9c37,False,True,survivorship-biased exploratory evidence; not Formal Candidate,8001.T,Itochu Corp.,Trading companies,2019-02-19,100
0f6c05bff4831033,tgs_stable_v2_universe_lab,U15,43d5dd5aa6be3b0638b5af83976e61a214bd9c37,False,True,survivorship-biased exploratory evidence; not Formal Candidate,8001.T,Itochu Corp.,Trading companies,2019-02-20,100
0f6c05bff4831033,tgs_stable_v2_universe_lab,U15,43d5dd5aa6be3b0638b5af83976e61a214bd9c37,False,True,survivorship-biased exploratory evidence; not Formal Candidate,8001.T,Itochu Corp.,Trading companies,2019-02-21,100
0f6c05bff4831033,tgs_stable_v2_universe_lab,U15,43d5dd5aa6be3b0638b5af83976e61a214bd9c37,False,True,survivorship-biased exploratory evidence; not Formal Candidate,8031.T,"Mitsui & Co., Ltd.",Trading companies,2019-02-22,100
0f6c05bff4831033,tgs_stable_v2_universe_lab,U15,43d5dd5aa6be3b0638b5af83976e61a214bd9c37,False,True,survivorship-biased exploratory evidence; not Formal Candidate,8053.T,Sumitomo Corp.,Trading companies,2019-02-22,100
0f6c05bff4831033,tgs_stable_v2_universe_lab,U15,43d5dd5aa6be3b0638b5af83976e61a214bd9c37,False,True,survivorship-biased exploratory evidence; not Formal Candidate,8058.T,Mitsubishi Corp.,Trading companies,2019-02-22,120
0f6c05bff4831033,tgs_stable_v2_universe_lab,U15,43d5dd5aa6be3b0638b5af83976e61a214bd9c37,False,True,survivorship-biased exploratory evidence; not Formal Candidate,8031.T,"Mitsui & Co., Ltd.",Trading companies,2019-02-25,100
0f6c05bff4831033,tgs_stable_v2_universe_lab,U15,43d5dd5aa6be3b0638b5af83976e61a214bd9c37,False,True,survivorship-biased exploratory evidence; not Formal Candidate,8053.T,Sumitomo Corp.,Trading companies,2019-02-25,100
0f6c05bff4831033,tgs_stable_v2_universe_lab,U15,43d5dd5aa6be3b0638b5af83976e61a214bd9c37,False,True,survivorship-biased exploratory evidence; not Formal Candidate,8058.T,Mitsubishi Corp.,Trading companies,2019-02-25,100
0f6c05bff4831033,tgs_stable_v2_universe_lab,U15,43d5dd5aa6be3b0638b5af83976e61a214bd9c37,False,True,survivorship-biased exploratory evidence; not Formal Candidate,8031.T,"Mitsui & Co., Ltd.",Trading companies,2019-02-26,100
0f6c05bff4831033,tgs_stable_v2_universe_lab,U15,43d5dd5aa6be3b0638b5af83976e61a214bd9c37,False,True,survivorship-biased exploratory evidence; not Formal Candidate,8053.T,Sumitomo Corp.,Trading companies,2019-02-26,100
0f6c05bff4831033,tgs_stable_v2_universe_lab,U15,43d5dd5aa6be3b0638b5af83976e61a214bd9c37,False,True,survivorship-biased exploratory evidence; not Formal Candidate,8058.T,Mitsubishi Corp.,Trading companies,2019-02-26,100
0f6c05bff4831033,tgs_stable_v2_universe_lab,U15,43d5dd5aa6be3b0638b5af83976e61a214bd9c37,False,True,survivorship-biased exploratory evidence; not Formal Candidate,8001.T,Itochu Corp.,Trading companies,2019-02-27,90
0f6c05bff4831033,tgs_stable_v2_universe_lab,U15,43d5dd5aa6be3b0638b5af83976e61a214bd9c37,False,True,survivorship-biased exploratory evidence; not Formal Candidate,8031.T,"Mitsui & Co., Ltd.",Trading companies,2019-02-27,100
0f6c05bff4831033,tgs_stable_v2_universe_lab,U15,43d5dd5aa6be3b0638b5af83976e61a214bd9c37,False,True,survivorship-biased exploratory evidence; not Formal Candidate,8053.T,Sumitomo Corp.,Trading companies,2019-02-27,100
0f6c05bff4831033,tgs_stable_v2_universe_lab,U15,43d5dd5aa6be3b0638b5af83976e61a214bd9c37,False,True,survivorship-biased exploratory evidence; not Formal Candidate,8058.T,Mitsubishi Corp.,Trading companies,2019-02-27,100
0f6c05bff4831033,tgs_stable_v2_universe_lab,U15,43d5dd5aa6be3b0638b5af83976e61a214bd9c37,False,True,survivorship-biased exploratory evidence; not Formal Candidate,8001.T,Itochu Corp.,Trading companies,2019-02-28,90
0f6c05bff4831033,tgs_stable_v2_universe_lab,U15,43d5dd5aa6be3b0638b5af83976e61a214bd9c37,False,True,survivorship-biased exploratory evidence; not Formal Candidate,8031.T,"Mitsui & Co., Ltd.",Trading companies,2019-02-28,100
0f6c05bff4831033,tgs_stable_v2_universe_lab,U15,43d5dd5aa6be3b0638b5af83976e61a214bd9c37,False,True,survivorship-biased exploratory evidence; not Formal Candidate,8053.T,Sumitomo Corp.,Trading companies,2019-02-28,100
0f6c05bff4831033,tgs_stable_v2_universe_lab,U15,43d5dd5aa6be3b0638b5af83976e61a214bd9c37,False,True,survivorship-biased exploratory evidence; not Formal Candidate,8058.T,Mitsubishi Corp.,Trading companies,2019-02-28,100
0f6c05bff4831033,tgs_stable_v2_universe_lab,U15,43d5dd5aa6be3b0638b5af83976e61a214bd9c37,False,True,survivorship-biased exploratory evidence; not Formal Candidate,6367.T,"Daikin Industries, Ltd.",Machinery,2019-03-01,100
0f6c05bff4831033,tgs_stable_v2_universe_lab,U15,43d5dd5aa6be3b0638b5af83976e61a214bd9c37,False,True,survivorship-biased exploratory evidence; not Formal Candidate,8015.T,Toyota Tsusho Corp.,Trading companies,2019-03-01,100
0f6c05bff4831033,tgs_stable_v2_universe_lab,U15,43d5dd5aa6be3b0638b5af83976e61a214bd9c37,False,True,survivorship-biased exploratory evidence; not Formal Candidate,6367.T,"Daikin Industries, Ltd.",Machinery,2019-03-04,100
0f6c05bff4831033,tgs_stable_v2_universe_lab,U15,43d5dd5aa6be3b0638b5af83976e61a214bd9c37,False,True,survivorship-biased exploratory evidence; not Formal Candidate,8015.T,Toyota Tsusho Corp.,Trading companies,2019-03-04,100
0f6c05bff4831033,tgs_stable_v2_universe_lab,U15,43d5dd5aa6be3b0638b5af83976e61a214bd9c37,False,True,survivorship-biased exploratory evidence; not Formal Candidate,6367.T,"Daikin Industries, Ltd.",Machinery,2019-03-05,100
0f6c05bff4831033,tgs_stable_v2_universe_lab,U15,43d5dd5aa6be3b0638b5af83976e61a214bd9c37,False,True,survivorship-biased exploratory evidence; not Formal Candidate,8015.T,Toyota Tsusho Corp.,Trading companies,2019-03-05,100
0f6c05bff4831033,tgs_stable_v2_universe_lab,U15,43d5dd5aa6be3b0638b5af83976e61a214bd9c37,False,True,survivorship-biased exploratory evidence; not Formal Candidate,6367.T,"Daikin Industries, Ltd.",Machinery,2019-03-06,100
0f6c05bff4831033,tgs_stable_v2_universe_lab,U15,43d5dd5aa6be3b0638b5af83976e61a214bd9c37,False,True,survivorship-biased exploratory evidence; not Formal Candidate,8015.T,Toyota Tsusho Corp.,Trading companies,2019-03-06,100
0f6c05bff4831033,tgs_stable_v2_universe_lab,U15,43d5dd5aa6be3b0638b5af83976e61a214bd9c37,False,True,survivorship-biased exploratory evidence; not Formal Candidate,6367.T,"Daikin Industries, Ltd.",Machinery,2019-03-07,100
0f6c05bff4831033,tgs_stable_v2_universe_lab,U15,43d5dd5aa6be3b0638b5af83976e61a214bd9c37,False,True,survivorship-biased exploratory evidence; not Formal Candidate,8015.T,Toyota Tsusho Corp.,Trading companies,2019-03-07,100
0f6c05bff4831033,tgs_stable_v2_universe_lab,U15,43d5dd5aa6be3b0638b5af83976e61a214bd9c37,False,True,survivorship-biased exploratory evidence; not Formal Candidate,6367.T,"Daikin Industries, Ltd.",Machinery,2019-03-08,90
0f6c05bff4831033,tgs_stable_v2_universe_lab,U15,43d5dd5aa6be3b0638b5af83976e61a214bd9c37,False,True,survivorship-biased exploratory evidence; not Formal Candidate,8001.T,Itochu Corp.,Trading companies,2019-03-08,90
0f6c05bff4831033,tgs_stable_v2_universe_lab,U15,43d5dd5aa6be3b0638b5af83976e61a214bd9c37,False,True,survivorship-biased exploratory evidence; not Formal Candidate,8015.T,Toyota Tsusho Corp.,Trading companies,2019-03-08,90
0f6c05bff4831033,tgs_stable_v2_universe_lab,U15,43d5dd5aa6be3b0638b5af83976e61a214bd9c37,False,True,survivorship-biased exploratory evidence; not Formal Candidate,6273.T,SMC Corporation,Machinery,2019-03-15,90
0f6c05bff4831033,tgs_stable_v2_universe_lab,U15,43d5dd5aa6be3b0638b5af83976e61a214bd9c37,False,True,survivorship-biased exploratory evidence; not Formal Candidate,8015.T,Toyota Tsusho Corp.,Trading companies,2019-03-15,90
0f6c05bff4831033,tgs_stable_v2_universe_lab,U15,43d5dd5aa6be3b0638b5af83976e61a214bd9c37,False,True,survivorship-biased exploratory evidence; not Formal Candidate,8053.T,Sumitomo Corp.,Trading companies,2019-03-15,100
0f6c05bff4831033,tgs_stable_v2_universe_lab,U15,43d5dd5aa6be3b0638b5af83976e61a214bd9c37,False,True,survivorship-biased exploratory evidence; not Formal Candidate,8053.T,Sumitomo Corp.,Trading companies,2019-03-18,100
0f6c05bff4831033,tgs_stable_v2_universe_lab,U15,43d5dd5aa6be3b0638b5af83976e61a214bd9c37,False,True,survivorship-biased exploratory evidence; not Formal Candidate,8053.T,Sumitomo Corp.,Trading companies,2019-03-19,100
0f6c05bff4831033,tgs_stable_v2_universe_lab,U15,43d5dd5aa6be3b0638b5af83976e61a214bd9c37,False,True,survivorship-biased exploratory evidence; not Formal Candidate,8053.T,Sumitomo Corp.,Trading companies,2019-03-20,100
0f6c05bff4831033,tgs_stable_v2_universe_lab,U15,43d5dd5aa6be3b0638b5af83976e61a214bd9c37,False,True,survivorship-biased exploratory evidence; not Formal Candidate,6273.T,SMC Corporation,Machinery,2019-03-22,90
0f6c05bff4831033,tgs_stable_v2_universe_lab,U15,43d5dd5aa6be3b0638b5af83976e61a214bd9c37,False,True,survivorship-biased exploratory evidence; not Formal Candidate,8053.T,Sumitomo Corp.,Trading companies,2019-03-26,90
0f6c05bff4831033,tgs_stable_v2_universe_lab,U15,43d5dd5aa6be3b0638b5af83976e61a214bd9c37,False,True,survivorship-biased exploratory evidence; not Formal Candidate,8002.T,Marubeni Corp.,Trading companies,2019-04-05,100
0f6c05bff4831033,tgs_stable_v2_universe_lab,U15,43d5dd5aa6be3b0638b5af83976e61a214bd9c37,False,True,survivorship-biased exploratory evidence; not Formal Candidate,8002.T,Marubeni Corp.,Trading companies,2019-04-08,100
0f6c05bff4831033,tgs_stable_v2_universe_lab,U15,43d5dd5aa6be3b0638b5af83976e61a214bd9c37,False,True,survivorship-biased exploratory evidence; not Formal Candidate,8002.T,Marubeni Corp.,Trading companies,2019-04-09,100
0f6c05bff4831033,tgs_stable_v2_universe_lab,U15,43d5dd5aa6be3b0638b5af83976e61a214bd9c37,False,True,survivorship-biased exploratory evidence; not Formal Candidate,8002.T,Marubeni Corp.,Trading companies,2019-04-10,100
0f6c05bff4831033,tgs_stable_v2_universe_lab,U15,43d5dd5aa6be3b0638b5af83976e61a214bd9c37,False,True,survivorship-biased exploratory evidence; not Formal Candidate,8002.T,Marubeni Corp.,Trading companies,2019-04-11,100
0f6c05bff4831033,tgs_stable_v2_universe_lab,U15,43d5dd5aa6be3b0638b5af83976e61a214bd9c37,False,True,survivorship-biased exploratory evidence; not Formal Candidate,6367.T,"Daikin Industries, Ltd.",Machinery,2019-04-12,90
0f6c05bff4831033,tgs_stable_v2_universe_lab,U15,43d5dd5aa6be3b0638b5af83976e61a214bd9c37,False,True,survivorship-biased exploratory evidence; not Formal Candidate,8015.T,Toyota Tsusho Corp.,Trading companies,2019-04-12,90
0f6c05bff4831033,tgs_stable_v2_universe_lab,U15,43d5dd5aa6be3b0638b5af83976e61a214bd9c37,False,True,survivorship-biased exploratory evidence; not Formal Candidate,6301.T,Komatsu Ltd.,Machinery,2019-04-15,90
0f6c05bff4831033,tgs_stable_v2_universe_lab,U15,43d5dd5aa6be3b0638b5af83976e61a214bd9c37,False,True,survivorship-biased exploratory evidence; not Formal Candidate,8001.T,Itochu Corp.,Trading companies,2019-04-16,90
0f6c05bff4831033,tgs_stable_v2_universe_lab,U15,43d5dd5aa6be3b0638b5af83976e61a214bd9c37,False,True,survivorship-biased exploratory evidence; not Formal Candidate,8001.T,Itochu Corp.,Trading companies,2019-04-18,90
0f6c05bff4831033,tgs_stable_v2_universe_lab,U15,43d5dd5aa6be3b0638b5af83976e61a214bd9c37,False,True,survivorship-biased exploratory evidence; not Formal Candidate,8015.T,Toyota Tsusho Corp.,Trading companies,2019-04-24,90
0f6c05bff4831033,tgs_stable_v2_universe_lab,U15,43d5dd5aa6be3b0638b5af83976e61a214bd9c37,False,True,survivorship-biased exploratory evidence; not Formal Candidate,8001.T,Itochu Corp.,Trading companies,2019-04-26,90
0f6c05bff4831033,tgs_stable_v2_universe_lab,U15,43d5dd5aa6be3b0638b5af83976e61a214bd9c37,False,True,survivorship-biased exploratory evidence; not Formal Candidate,8031.T,"Mitsui & Co., Ltd.",Trading companies,2019-04-26,90
0f6c05bff4831033,tgs_stable_v2_universe_lab,U15,43d5dd5aa6be3b0638b5af83976e61a214bd9c37,False,True,survivorship-biased exploratory evidence; not Formal Candidate,6273.T,SMC Corporation,Machinery,2019-05-07,90
0f6c05bff4831033,tgs_stable_v2_universe_lab,U15,43d5dd5aa6be3b0638b5af83976e61a214bd9c37,False,True,survivorship-biased exploratory evidence; not Formal Candidate,6367.T,"Daikin Industries, Ltd.",Machinery,2019-05-07,90
0f6c05bff4831033,tgs_stable_v2_universe_lab,U15,43d5dd5aa6be3b0638b5af83976e61a214bd9c37,False,True,survivorship-biased exploratory evidence; not Formal Candidate,8002.T,Marubeni Corp.,Trading companies,2019-05-07,90
0f6c05bff4831033,tgs_stable_v2_universe_lab,U15,43d5dd5aa6be3b0638b5af83976e61a214bd9c37,False,True,survivorship-biased exploratory evidence; not Formal Candidate,8031.T,"Mitsui & Co., Ltd.",Trading companies,2019-05-07,90
0f6c05bff4831033,tgs_stable_v2_universe_lab,U15,43d5dd5aa6be3b0638b5af83976e61a214bd9c37,False,True,survivorship-biased exploratory evidence; not Formal Candidate,6367.T,"Daikin Industries, Ltd.",Machinery,2019-05-08,90
0f6c05bff4831033,tgs_stable_v2_universe_lab,U15,43d5dd5aa6be3b0638b5af83976e61a214bd9c37,False,True,survivorship-biased exploratory evidence; not Formal Candidate,7011.T,"Mitsubishi Heavy Industries, Ltd.",Machinery,2019-05-09,90
0f6c05bff4831033,tgs_stable_v2_universe_lab,U15,43d5dd5aa6be3b0638b5af83976e61a214bd9c37,False,True,survivorship-biased exploratory evidence; not Formal Candidate,8053.T,Sumitomo Corp.,Trading companies,2019-05-09,90
0f6c05bff4831033,tgs_stable_v2_universe_lab,U15,43d5dd5aa6be3b0638b5af83976e61a214bd9c37,False,True,survivorship-biased exploratory evidence; not Formal Candidate,6367.T,"Daikin Industries, Ltd.",Machinery,2019-05-10,90
0f6c05bff4831033,tgs_stable_v2_universe_lab,U15,43d5dd5aa6be3b0638b5af83976e61a214bd9c37,False,True,survivorship-biased exploratory evidence; not Formal Candidate,7011.T,"Mitsubishi Heavy Industries, Ltd.",Machinery,2019-05-10,90
0f6c05bff4831033,tgs_stable_v2_universe_lab,U15,43d5dd5aa6be3b0638b5af83976e61a214bd9c37,False,True,survivorship-biased exploratory evidence; not Formal Candidate,8053.T,Sumitomo Corp.,Trading companies,2019-05-10,90
0f6c05bff4831033,tgs_stable_v2_universe_lab,U15,43d5dd5aa6be3b0638b5af83976e61a214bd9c37,False,True,survivorship-biased exploratory evidence; not Formal Candidate,7011.T,"Mitsubishi Heavy Industries, Ltd.",Machinery,2019-05-14,90
0f6c05bff4831033,tgs_stable_v2_universe_lab,U15,43d5dd5aa6be3b0638b5af83976e61a214bd9c37,False,True,survivorship-biased exploratory evidence; not Formal Candidate,7011.T,"Mitsubishi Heavy Industries, Ltd.",Machinery,2019-05-15,90
0f6c05bff4831033,tgs_stable_v2_universe_lab,U15,43d5dd5aa6be3b0638b5af83976e61a214bd9c37,False,True,survivorship-biased exploratory evidence; not Formal Candidate,8001.T,Itochu Corp.,Trading companies,2019-05-17,100
0f6c05bff4831033,tgs_stable_v2_universe_lab,U15,43d5dd5aa6be3b0638b5af83976e61a214bd9c37,False,True,survivorship-biased exploratory evidence; not Formal Candidate,8001.T,Itochu Corp.,Trading companies,2019-05-20,100
0f6c05bff4831033,tgs_stable_v2_universe_lab,U15,43d5dd5aa6be3b0638b5af83976e61a214bd9c37,False,True,survivorship-biased exploratory evidence; not Formal Candidate,8001.T,Itochu Corp.,Trading companies,2019-05-21,100
0f6c05bff4831033,tgs_stable_v2_universe_lab,U15,43d5dd5aa6be3b0638b5af83976e61a214bd9c37,False,True,survivorship-biased exploratory evidence; not Formal Candidate,8001.T,Itochu Corp.,Trading companies,2019-05-22,100
0f6c05bff4831033,tgs_stable_v2_universe_lab,U15,43d5dd5aa6be3b0638b5af83976e61a214bd9c37,False,True,survivorship-biased exploratory evidence; not Formal Candidate,8001.T,Itochu Corp.,Trading companies,2019-05-23,100
0f6c05bff4831033,tgs_stable_v2_universe_lab,U15,43d5dd5aa6be3b0638b5af83976e61a214bd9c37,False,True,survivorship-biased exploratory evidence; not Formal Candidate,7011.T,"Mitsubishi Heavy Industries, Ltd.",Machinery,2019-05-28,90
0f6c05bff4831033,tgs_stable_v2_universe_lab,U15,43d5dd5aa6be3b0638b5af83976e61a214bd9c37,False,True,survivorship-biased exploratory evidence; not Formal Candidate,8053.T,Sumitomo Corp.,Trading companies,2019-05-28,90
0f6c05bff4831033,tgs_stable_v2_universe_lab,U15,43d5dd5aa6be3b0638b5af83976e61a214bd9c37,False,True,survivorship-biased exploratory evidence; not Formal Candidate,8802.T,"Mitsubishi Estate Co., Ltd.",Real estate,2019-05-29,90
0f6c05bff4831033,tgs_stable_v2_universe_lab,U15,43d5dd5aa6be3b0638b5af83976e61a214bd9c37,False,True,survivorship-biased exploratory evidence; not Formal Candidate,8001.T,Itochu Corp.,Trading companies,2019-05-31,90
0f6c05bff4831033,tgs_stable_v2_universe_lab,U15,43d5dd5aa6be3b0638b5af83976e61a214bd9c37,False,True,survivorship-biased exploratory evidence; not Formal Candidate,8801.T,"Mitsui Fudosan Co., Ltd.",Real estate,2019-06-07,100
0f6c05bff4831033,tgs_stable_v2_universe_lab,U15,43d5dd5aa6be3b0638b5af83976e61a214bd9c37,False,True,survivorship-biased exploratory evidence; not Formal Candidate,8801.T,"Mitsui Fudosan Co., Ltd.",Real estate,2019-06-10,100
0f6c05bff4831033,tgs_stable_v2_universe_lab,U15,43d5dd5aa6be3b0638b5af83976e61a214bd9c37,False,True,survivorship-biased exploratory evidence; not Formal Candidate,8801.T,"Mitsui Fudosan Co., Ltd.",Real estate,2019-06-11,100
0f6c05bff4831033,tgs_stable_v2_universe_lab,U15,43d5dd5aa6be3b0638b5af83976e61a214bd9c37,False,True,survivorship-biased exploratory evidence; not Formal Candidate,8801.T,"Mitsui Fudosan Co., Ltd.",Real estate,2019-06-12,100
0f6c05bff4831033,tgs_stable_v2_universe_lab,U15,43d5dd5aa6be3b0638b5af83976e61a214bd9c37,False,True,survivorship-biased exploratory evidence; not Formal Candidate,8801.T,"Mitsui Fudosan Co., Ltd.",Real estate,2019-06-13,100
0f6c05bff4831033,tgs_stable_v2_universe_lab,U15,43d5dd5aa6be3b0638b5af83976e61a214bd9c37,False,True,survivorship-biased exploratory evidence; not Formal Candidate,8031.T,"Mitsui & Co., Ltd.",Trading companies,2019-06-14,100
0f6c05bff4831033,tgs_stable_v2_universe_lab,U15,43d5dd5aa6be3b0638b5af83976e61a214bd9c37,False,True,survivorship-biased exploratory evidence; not Formal Candidate,8031.T,"Mitsui & Co., Ltd.",Trading companies,2019-06-17,100
0f6c05bff4831033,tgs_stable_v2_universe_lab,U15,43d5dd5aa6be3b0638b5af83976e61a214bd9c37,False,True,survivorship-biased exploratory evidence; not Formal Candidate,8031.T,"Mitsui & Co., Ltd.",Trading companies,2019-06-18,100
0f6c05bff4831033,tgs_stable_v2_universe_lab,U15,43d5dd5aa6be3b0638b5af83976e61a214bd9c37,False,True,survivorship-biased exploratory evidence; not Formal Candidate,8031.T,"Mitsui & Co., Ltd.",Trading companies,2019-06-19,100
0f6c05bff4831033,tgs_stable_v2_universe_lab,U15,43d5dd5aa6be3b0638b5af83976e61a214bd9c37,False,True,survivorship-biased exploratory evidence; not Formal Candidate,8031.T,"Mitsui & Co., Ltd.",Trading companies,2019-06-20,100
0f6c05bff4831033,tgs_stable_v2_universe_lab,U15,43d5dd5aa6be3b0638b5af83976e61a214bd9c37,False,True,survivorship-biased exploratory evidence; not Formal Candidate,6367.T,"Daikin Industries, Ltd.",Machinery,2019-06-21,90
0f6c05bff4831033,tgs_stable_v2_universe_lab,U15,43d5dd5aa6be3b0638b5af83976e61a214bd9c37,False,True,survivorship-biased exploratory evidence; not Formal Candidate,8031.T,"Mitsui & Co., Ltd.",Trading companies,2019-06-21,90
0f6c05bff4831033,tgs_stable_v2_universe_lab,U15,43d5dd5aa6be3b0638b5af83976e61a214bd9c37,False,True,survivorship-biased exploratory evidence; not Formal Candidate,8053.T,Sumitomo Corp.,Trading companies,2019-06-21,90
0f6c05bff4831033,tgs_stable_v2_universe_lab,U15,43d5dd5aa6be3b0638b5af83976e61a214bd9c37,False,True,survivorship-biased exploratory evidence; not Formal Candidate,8801.T,"Mitsui Fudosan Co., Ltd.",Real estate,2019-06-21,90
0f6c05bff4831033,tgs_stable_v2_universe_lab,U15,43d5dd5aa6be3b0638b5af83976e61a214bd9c37,False,True,survivorship-biased exploratory evidence; not Formal Candidate,8001.T,Itochu Corp.,Trading companies,2019-06-26,100
0f6c05bff4831033,tgs_stable_v2_universe_lab,U15,43d5dd5aa6be3b0638b5af83976e61a214bd9c37,False,True,survivorship-biased exploratory evidence; not Formal Candidate,6367.T,"Daikin Industries, Ltd.",Machinery,2019-06-27,90
0f6c05bff4831033,tgs_stable_v2_universe_lab,U15,43d5dd5aa6be3b0638b5af83976e61a214bd9c37,False,True,survivorship-biased exploratory evidence; not Formal Candidate,8001.T,Itochu Corp.,Trading companies,2019-06-27,100
0f6c05bff4831033,tgs_stable_v2_universe_lab,U15,43d5dd5aa6be3b0638b5af83976e61a214bd9c37,False,True,survivorship-biased exploratory evidence; not Formal Candidate,6367.T,"Daikin Industries, Ltd.",Machinery,2019-06-28,90
0f6c05bff4831033,tgs_stable_v2_universe_lab,U15,43d5dd5aa6be3b0638b5af83976e61a214bd9c37,False,True,survivorship-biased exploratory evidence; not Formal Candidate,7011.T,"Mitsubishi Heavy Industries, Ltd.",Machinery,2019-07-05,100
0f6c05bff4831033,tgs_stable_v2_universe_lab,U15,43d5dd5aa6be3b0638b5af83976e61a214bd9c37,False,True,survivorship-biased exploratory evidence; not Formal Candidate,8002.T,Marubeni Corp.,Trading companies,2019-07-05,100
0f6c05bff4831033,tgs_stable_v2_universe_lab,U15,43d5dd5aa6be3b0638b5af83976e61a214bd9c37,False,True,survivorship-biased exploratory evidence; not Formal Candidate,7011.T,"Mitsubishi Heavy Industries, Ltd.",Machinery,2019-07-08,100
0f6c05bff4831033,tgs_stable_v2_universe_lab,U15,43d5dd5aa6be3b0638b5af83976e61a214bd9c37,False,True,survivorship-biased exploratory evidence; not Formal Candidate,8002.T,Marubeni Corp.,Trading companies,2019-07-08,100
0f6c05bff4831033,tgs_stable_v2_universe_lab,U15,43d5dd5aa6be3b0638b5af83976e61a214bd9c37,False,True,survivorship-biased exploratory evidence; not Formal Candidate,7011.T,"Mitsubishi Heavy Industries, Ltd.",Machinery,2019-07-09,100
0f6c05bff4831033,tgs_stable_v2_universe_lab,U15,43d5dd5aa6be3b0638b5af83976e61a214bd9c37,False,True,survivorship-biased exploratory evidence; not Formal Candidate,8002.T,Marubeni Corp.,Trading companies,2019-07-09,100
0f6c05bff4831033,tgs_stable_v2_universe_lab,U15,43d5dd5aa6be3b0638b5af83976e61a214bd9c37,False,True,survivorship-biased exploratory evidence; not Formal Candidate,7011.T,"Mitsubishi Heavy Industries, Ltd.",Machinery,2019-07-10,100
0f6c05bff4831033,tgs_stable_v2_universe_lab,U15,43d5dd5aa6be3b0638b5af83976e61a214bd9c37,False,True,survivorship-biased exploratory evidence; not Formal Candidate,8002.T,Marubeni Corp.,Trading companies,2019-07-10,100
0f6c05bff4831033,tgs_stable_v2_universe_lab,U15,43d5dd5aa6be3b0638b5af83976e61a214bd9c37,False,True,survivorship-biased exploratory evidence; not Formal Candidate,7011.T,"Mitsubishi Heavy Industries, Ltd.",Machinery,2019-07-11,100
0f6c05bff4831033,tgs_stable_v2_universe_lab,U15,43d5dd5aa6be3b0638b5af83976e61a214bd9c37,False,True,survivorship-biased exploratory evidence; not Formal Candidate,8002.T,Marubeni Corp.,Trading companies,2019-07-11,100
0f6c05bff4831033,tgs_stable_v2_universe_lab,U15,43d5dd5aa6be3b0638b5af83976e61a214bd9c37,False,True,survivorship-biased exploratory evidence; not Formal Candidate,8015.T,Toyota Tsusho Corp.,Trading companies,2019-07-12,100
0f6c05bff4831033,tgs_stable_v2_universe_lab,U15,43d5dd5aa6be3b0638b5af83976e61a214bd9c37,False,True,survivorship-biased exploratory evidence; not Formal Candidate,8015.T,Toyota Tsusho Corp.,Trading companies,2019-07-16,100
0f6c05bff4831033,tgs_stable_v2_universe_lab,U15,43d5dd5aa6be3b0638b5af83976e61a214bd9c37,False,True,survivorship-biased exploratory evidence; not Formal Candidate,8015.T,Toyota Tsusho Corp.,Trading companies,2019-07-17,100
0f6c05bff4831033,tgs_stable_v2_universe_lab,U15,43d5dd5aa6be3b0638b5af83976e61a214bd9c37,False,True,survivorship-biased exploratory evidence; not Formal Candidate,8058.T,Mitsubishi Corp.,Trading companies,2019-07-19,100
0f6c05bff4831033,tgs_stable_v2_universe_lab,U15,43d5dd5aa6be3b0638b5af83976e61a214bd9c37,False,True,survivorship-biased exploratory evidence; not Formal Candidate,8058.T,Mitsubishi Corp.,Trading companies,2019-07-22,100
0f6c05bff4831033,tgs_stable_v2_universe_lab,U15,43d5dd5aa6be3b0638b5af83976e61a214bd9c37,False,True,survivorship-biased exploratory evidence; not Formal Candidate,8058.T,Mitsubishi Corp.,Trading companies,2019-07-23,100
0f6c05bff4831033,tgs_stable_v2_universe_lab,U15,43d5dd5aa6be3b0638b5af83976e61a214bd9c37,False,True,survivorship-biased exploratory evidence; not Formal Candidate,8058.T,Mitsubishi Corp.,Trading companies,2019-07-24,100
0f6c05bff4831033,tgs_stable_v2_universe_lab,U15,43d5dd5aa6be3b0638b5af83976e61a214bd9c37,False,True,survivorship-biased exploratory evidence; not Formal Candidate,8058.T,Mitsubishi Corp.,Trading companies,2019-07-25,100
0f6c05bff4831033,tgs_stable_v2_universe_lab,U15,43d5dd5aa6be3b0638b5af83976e61a214bd9c37,False,True,survivorship-biased exploratory evidence; not Formal Candidate,8058.T,Mitsubishi Corp.,Trading companies,2019-08-01,90
0f6c05bff4831033,tgs_stable_v2_universe_lab,U15,43d5dd5aa6be3b0638b5af83976e61a214bd9c37,False,True,survivorship-biased exploratory evidence; not Formal Candidate,8001.T,Itochu Corp.,Trading companies,2019-08-02,90
0f6c05bff4831033,tgs_stable_v2_universe_lab,U15,43d5dd5aa6be3b0638b5af83976e61a214bd9c37,False,True,survivorship-biased exploratory evidence; not Formal Candidate,8015.T,Toyota Tsusho Corp.,Trading companies,2019-08-02,90
0f6c05bff4831033,tgs_stable_v2_universe_lab,U15,43d5dd5aa6be3b0638b5af83976e61a214bd9c37,False,True,survivorship-biased exploratory evidence; not Formal Candidate,8001.T,Itochu Corp.,Trading companies,2019-08-05,90
0f6c05bff4831033,tgs_stable_v2_universe_lab,U15,43d5dd5aa6be3b0638b5af83976e61a214bd9c37,False,True,survivorship-biased exploratory evidence; not Formal Candidate,8001.T,Itochu Corp.,Trading companies,2019-08-06,90
0f6c05bff4831033,tgs_stable_v2_universe_lab,U15,43d5dd5aa6be3b0638b5af83976e61a214bd9c37,False,True,survivorship-biased exploratory evidence; not Formal Candidate,8015.T,Toyota Tsusho Corp.,Trading companies,2019-08-06,90
0f6c05bff4831033,tgs_stable_v2_universe_lab,U15,43d5dd5aa6be3b0638b5af83976e61a214bd9c37,False,True,survivorship-biased exploratory evidence; not Formal Candidate,8001.T,Itochu Corp.,Trading companies,2019-08-30,90
0f6c05bff4831033,tgs_stable_v2_universe_lab,U15,43d5dd5aa6be3b0638b5af83976e61a214bd9c37,False,True,survivorship-biased exploratory evidence; not Formal Candidate,6273.T,SMC Corporation,Machinery,2019-09-06,100
0f6c05bff4831033,tgs_stable_v2_universe_lab,U15,43d5dd5aa6be3b0638b5af83976e61a214bd9c37,False,True,survivorship-biased exploratory evidence; not Formal Candidate,6273.T,SMC Corporation,Machinery,2019-09-11,100
0f6c05bff4831033,tgs_stable_v2_universe_lab,U15,43d5dd5aa6be3b0638b5af83976e61a214bd9c37,False,True,survivorship-biased exploratory evidence; not Formal Candidate,8053.T,Sumitomo Corp.,Trading companies,2019-09-11,100
0f6c05bff4831033,tgs_stable_v2_universe_lab,U15,43d5dd5aa6be3b0638b5af83976e61a214bd9c37,False,True,survivorship-biased exploratory evidence; not Formal Candidate,6273.T,SMC Corporation,Machinery,2019-09-12,100
0f6c05bff4831033,tgs_stable_v2_universe_lab,U15,43d5dd5aa6be3b0638b5af83976e61a214bd9c37,False,True,survivorship-biased exploratory evidence; not Formal Candidate,8031.T,"Mitsui & Co., Ltd.",Trading companies,2019-09-13,100
0f6c05bff4831033,tgs_stable_v2_universe_lab,U15,43d5dd5aa6be3b0638b5af83976e61a214bd9c37,False,True,survivorship-biased exploratory evidence; not Formal Candidate,8801.T,"Mitsui Fudosan Co., Ltd.",Real estate,2019-09-13,90
0f6c05bff4831033,tgs_stable_v2_universe_lab,U15,43d5dd5aa6be3b0638b5af83976e61a214bd9c37,False,True,survivorship-biased exploratory evidence; not Formal Candidate,6273.T,SMC Corporation,Machinery,2019-09-17,90
0f6c05bff4831033,tgs_stable_v2_universe_lab,U15,43d5dd5aa6be3b0638b5af83976e61a214bd9c37,False,True,survivorship-biased exploratory evidence; not Formal Candidate,8031.T,"Mitsui & Co., Ltd.",Trading companies,2019-09-17,100
0f6c05bff4831033,tgs_stable_v2_universe_lab,U15,43d5dd5aa6be3b0638b5af83976e61a214bd9c37,False,True,survivorship-biased exploratory evidence; not Formal Candidate,5803.T,Fujikura Ltd.,Nonferrous metals,2019-09-18,90
0f6c05bff4831033,tgs_stable_v2_universe_lab,U15,43d5dd5aa6be3b0638b5af83976e61a214bd9c37,False,True,survivorship-biased exploratory evidence; not Formal Candidate,8031.T,"Mitsui & Co., Ltd.",Trading companies,2019-09-19,100
0f6c05bff4831033,tgs_stable_v2_universe_lab,U15,43d5dd5aa6be3b0638b5af83976e61a214bd9c37,False,True,survivorship-biased exploratory evidence; not Formal Candidate,6273.T,SMC Corporation,Machinery,2019-09-20,90
0f6c05bff4831033,tgs_stable_v2_universe_lab,U15,43d5dd5aa6be3b0638b5af83976e61a214bd9c37,False,True,survivorship-biased exploratory evidence; not Formal Candidate,6367.T,"Daikin Industries, Ltd.",Machinery,2019-09-20,100
0f6c05bff4831033,tgs_stable_v2_universe_lab,U15,43d5dd5aa6be3b0638b5af83976e61a214bd9c37,False,True,survivorship-biased exploratory evidence; not Formal Candidate,8802.T,"Mitsubishi Estate Co., Ltd.",Real estate,2019-09-20,120
0f6c05bff4831033,tgs_stable_v2_universe_lab,U15,43d5dd5aa6be3b0638b5af83976e61a214bd9c37,False,True,survivorship-biased exploratory evidence; not Formal Candidate,6367.T,"Daikin Industries, Ltd.",Machinery,2019-09-24,100
0f6c05bff4831033,tgs_stable_v2_universe_lab,U15,43d5dd5aa6be3b0638b5af83976e61a214bd9c37,False,True,survivorship-biased exploratory evidence; not Formal Candidate,8802.T,"Mitsubishi Estate Co., Ltd.",Real estate,2019-09-24,100
0f6c05bff4831033,tgs_stable_v2_universe_lab,U15,43d5dd5aa6be3b0638b5af83976e61a214bd9c37,False,True,survivorship-biased exploratory evidence; not Formal Candidate,6367.T,"Daikin Industries, Ltd.",Machinery,2019-09-25,100
0f6c05bff4831033,tgs_stable_v2_universe_lab,U15,43d5dd5aa6be3b0638b5af83976e61a214bd9c37,False,True,survivorship-biased exploratory evidence; not Formal Candidate,8802.T,"Mitsubishi Estate Co., Ltd.",Real estate,2019-09-25,100
0f6c05bff4831033,tgs_stable_v2_universe_lab,U15,43d5dd5aa6be3b0638b5af83976e61a214bd9c37,False,True,survivorship-biased exploratory evidence; not Formal Candidate,6367.T,"Daikin Industries, Ltd.",Machinery,2019-09-26,100
0f6c05bff4831033,tgs_stable_v2_universe_lab,U15,43d5dd5aa6be3b0638b5af83976e61a214bd9c37,False,True,survivorship-biased exploratory evidence; not Formal Candidate,8802.T,"Mitsubishi Estate Co., Ltd.",Real estate,2019-09-26,100
0f6c05bff4831033,tgs_stable_v2_universe_lab,U15,43d5dd5aa6be3b0638b5af83976e61a214bd9c37,False,True,survivorship-biased exploratory evidence; not Formal Candidate,8053.T,Sumitomo Corp.,Trading companies,2019-09-27,90
0f6c05bff4831033,tgs_stable_v2_universe_lab,U15,43d5dd5aa6be3b0638b5af83976e61a214bd9c37,False,True,survivorship-biased exploratory evidence; not Formal Candidate,8058.T,Mitsubishi Corp.,Trading companies,2019-10-11,100
0f6c05bff4831033,tgs_stable_v2_universe_lab,U15,43d5dd5aa6be3b0638b5af83976e61a214bd9c37,False,True,survivorship-biased exploratory evidence; not Formal Candidate,8058.T,Mitsubishi Corp.,Trading companies,2019-10-15,100
0f6c05bff4831033,tgs_stable_v2_universe_lab,U15,43d5dd5aa6be3b0638b5af83976e61a214bd9c37,False,True,survivorship-biased exploratory evidence; not Formal Candidate,8058.T,Mitsubishi Corp.,Trading companies,2019-10-16,100
0f6c05bff4831033,tgs_stable_v2_universe_lab,U15,43d5dd5aa6be3b0638b5af83976e61a214bd9c37,False,True,survivorship-biased exploratory evidence; not Formal Candidate,8058.T,Mitsubishi Corp.,Trading companies,2019-10-17,100
0f6c05bff4831033,tgs_stable_v2_universe_lab,U15,43d5dd5aa6be3b0638b5af83976e61a214bd9c37,False,True,survivorship-biased exploratory evidence; not Formal Candidate,7011.T,"Mitsubishi Heavy Industries, Ltd.",Machinery,2019-10-25,100
0f6c05bff4831033,tgs_stable_v2_universe_lab,U15,43d5dd5aa6be3b0638b5af83976e61a214bd9c37,False,True,survivorship-biased exploratory evidence; not Formal Candidate,7011.T,"Mitsubishi Heavy Industries, Ltd.",Machinery,2019-10-28,100
0f6c05bff4831033,tgs_stable_v2_universe_lab,U15,43d5dd5aa6be3b0638b5af83976e61a214bd9c37,False,True,survivorship-biased exploratory evidence; not Formal Candidate,6273.T,SMC Corporation,Machinery,2019-10-30,90
0f6c05bff4831033,tgs_stable_v2_universe_lab,U15,43d5dd5aa6be3b0638b5af83976e61a214bd9c37,False,True,survivorship-biased exploratory evidence; not Formal Candidate,8801.T,"Mitsui Fudosan Co., Ltd.",Real estate,2019-10-30,90
0f6c05bff4831033,tgs_stable_v2_universe_lab,U15,43d5dd5aa6be3b0638b5af83976e61a214bd9c37,False,True,survivorship-biased exploratory evidence; not Formal Candidate,7011.T,"Mitsubishi Heavy Industries, Ltd.",Machinery,2019-10-31,100
0f6c05bff4831033,tgs_stable_v2_universe_lab,U15,43d5dd5aa6be3b0638b5af83976e61a214bd9c37,False,True,survivorship-biased exploratory evidence; not Formal Candidate,8053.T,Sumitomo Corp.,Trading companies,2019-11-01,90
0f6c05bff4831033,tgs_stable_v2_universe_lab,U15,43d5dd5aa6be3b0638b5af83976e61a214bd9c37,False,True,survivorship-biased exploratory evidence; not Formal Candidate,8001.T,Itochu Corp.,Trading companies,2019-11-05,90
0f6c05bff4831033,tgs_stable_v2_universe_lab,U15,43d5dd5aa6be3b0638b5af83976e61a214bd9c37,False,True,survivorship-biased exploratory evidence; not Formal Candidate,8053.T,Sumitomo Corp.,Trading companies,2019-11-06,90
0f6c05bff4831033,tgs_stable_v2_universe_lab,U15,43d5dd5aa6be3b0638b5af83976e61a214bd9c37,False,True,survivorship-biased exploratory evidence; not Formal Candidate,6367.T,"Daikin Industries, Ltd.",Machinery,2019-11-08,90
0f6c05bff4831033,tgs_stable_v2_universe_lab,U15,43d5dd5aa6be3b0638b5af83976e61a214bd9c37,False,True,survivorship-biased exploratory evidence; not Formal Candidate,8801.T,"Mitsui Fudosan Co., Ltd.",Real estate,2019-11-08,90
0f6c05bff4831033,tgs_stable_v2_universe_lab,U15,43d5dd5aa6be3b0638b5af83976e61a214bd9c37,False,True,survivorship-biased exploratory evidence; not Formal Candidate,8802.T,"Mitsubishi Estate Co., Ltd.",Real estate,2019-11-08,90
0f6c05bff4831033,tgs_stable_v2_universe_lab,U15,43d5dd5aa6be3b0638b5af83976e61a214bd9c37,False,True,survivorship-biased exploratory evidence; not Formal Candidate,8053.T,Sumitomo Corp.,Trading companies,2019-11-20,90
0f6c05bff4831033,tgs_stable_v2_universe_lab,U15,43d5dd5aa6be3b0638b5af83976e61a214bd9c37,False,True,survivorship-biased exploratory evidence; not Formal Candidate,8031.T,"Mitsui & Co., Ltd.",Trading companies,2019-12-13,90
0f6c05bff4831033,tgs_stable_v2_universe_lab,U15,43d5dd5aa6be3b0638b5af83976e61a214bd9c37,False,True,survivorship-biased exploratory evidence; not Formal Candidate,8058.T,Mitsubishi Corp.,Trading companies,2019-12-13,90
0f6c05bff4831033,tgs_stable_v2_universe_lab,U15,43d5dd5aa6be3b0638b5af83976e61a214bd9c37,False,True,survivorship-biased exploratory evidence; not Formal Candidate,8002.T,Marubeni Corp.,Trading companies,2019-12-20,90
0f6c05bff4831033,tgs_stable_v2_universe_lab,U15,43d5dd5aa6be3b0638b5af83976e61a214bd9c37,False,True,survivorship-biased exploratory evidence; not Formal Candidate,8802.T,"Mitsubishi Estate Co., Ltd.",Real estate,2019-12-27,100
0f6c05bff4831033,tgs_stable_v2_universe_lab,U15,43d5dd5aa6be3b0638b5af83976e61a214bd9c37,False,True,survivorship-biased exploratory evidence; not Formal Candidate,8802.T,"Mitsubishi Estate Co., Ltd.",Real estate,2019-12-30,100
0f6c05bff4831033,tgs_stable_v2_universe_lab,U15,43d5dd5aa6be3b0638b5af83976e61a214bd9c37,False,True,survivorship-biased exploratory evidence; not Formal Candidate,6367.T,"Daikin Industries, Ltd.",Machinery,2020-01-08,90
0f6c05bff4831033,tgs_stable_v2_universe_lab,U15,43d5dd5aa6be3b0638b5af83976e61a214bd9c37,False,True,survivorship-biased exploratory evidence; not Formal Candidate,8058.T,Mitsubishi Corp.,Trading companies,2020-01-08,90
0f6c05bff4831033,tgs_stable_v2_universe_lab,U15,43d5dd5aa6be3b0638b5af83976e61a214bd9c37,False,True,survivorship-biased exploratory evidence; not Formal Candidate,6273.T,SMC Corporation,Machinery,2020-01-09,90
0f6c05bff4831033,tgs_stable_v2_universe_lab,U15,43d5dd5aa6be3b0638b5af83976e61a214bd9c37,False,True,survivorship-biased exploratory evidence; not Formal Candidate,8015.T,Toyota Tsusho Corp.,Trading companies,2020-01-17,90
0f6c05bff4831033,tgs_stable_v2_universe_lab,U15,43d5dd5aa6be3b0638b5af83976e61a214bd9c37,False,True,survivorship-biased exploratory evidence; not Formal Candidate,8801.T,"Mitsui Fudosan Co., Ltd.",Real estate,2020-01-24,100
0f6c05bff4831033,tgs_stable_v2_universe_lab,U15,43d5dd5aa6be3b0638b5af83976e61a214bd9c37,False,True,survivorship-biased exploratory evidence; not Formal Candidate,8802.T,"Mitsubishi Estate Co., Ltd.",Real estate,2020-01-24,120
0f6c05bff4831033,tgs_stable_v2_universe_lab,U15,43d5dd5aa6be3b0638b5af83976e61a214bd9c37,False,True,survivorship-biased exploratory evidence; not Formal Candidate,6273.T,SMC Corporation,Machinery,2020-01-27,90
0f6c05bff4831033,tgs_stable_v2_universe_lab,U15,43d5dd5aa6be3b0638b5af83976e61a214bd9c37,False,True,survivorship-biased exploratory evidence; not Formal Candidate,8801.T,"Mitsui Fudosan Co., Ltd.",Real estate,2020-01-27,100
0f6c05bff4831033,tgs_stable_v2_universe_lab,U15,43d5dd5aa6be3b0638b5af83976e61a214bd9c37,False,True,survivorship-biased exploratory evidence; not Formal Candidate,8802.T,"Mitsubishi Estate Co., Ltd.",Real estate,2020-01-27,100
0f6c05bff4831033,tgs_stable_v2_universe_lab,U15,43d5dd5aa6be3b0638b5af83976e61a214bd9c37,False,True,survivorship-biased exploratory evidence; not Formal Candidate,8801.T,"Mitsui Fudosan Co., Ltd.",Real estate,2020-01-28,100
0f6c05bff4831033,tgs_stable_v2_universe_lab,U15,43d5dd5aa6be3b0638b5af83976e61a214bd9c37,False,True,survivorship-biased exploratory evidence; not Formal Candidate,8802.T,"Mitsubishi Estate Co., Ltd.",Real estate,2020-01-28,100
0f6c05bff4831033,tgs_stable_v2_universe_lab,U15,43d5dd5aa6be3b0638b5af83976e61a214bd9c37,False,True,survivorship-biased exploratory evidence; not Formal Candidate,8802.T,"Mitsubishi Estate Co., Ltd.",Real estate,2020-01-29,120
0f6c05bff4831033,tgs_stable_v2_universe_lab,U15,43d5dd5aa6be3b0638b5af83976e61a214bd9c37,False,True,survivorship-biased exploratory evidence; not Formal Candidate,8801.T,"Mitsui Fudosan Co., Ltd.",Real estate,2020-01-30,100
0f6c05bff4831033,tgs_stable_v2_universe_lab,U15,43d5dd5aa6be3b0638b5af83976e61a214bd9c37,False,True,survivorship-biased exploratory evidence; not Formal Candidate,8802.T,"Mitsubishi Estate Co., Ltd.",Real estate,2020-01-30,100
0f6c05bff4831033,tgs_stable_v2_universe_lab,U15,43d5dd5aa6be3b0638b5af83976e61a214bd9c37,False,True,survivorship-biased exploratory evidence; not Formal Candidate,8802.T,"Mitsubishi Estate Co., Ltd.",Real estate,2020-01-31,90
0f6c05bff4831033,tgs_stable_v2_universe_lab,U15,43d5dd5aa6be3b0638b5af83976e61a214bd9c37,False,True,survivorship-biased exploratory evidence; not Formal Candidate,8031.T,"Mitsui & Co., Ltd.",Trading companies,2020-02-04,90
0f6c05bff4831033,tgs_stable_v2_universe_lab,U15,43d5dd5aa6be3b0638b5af83976e61a214bd9c37,False,True,survivorship-biased exploratory evidence; not Formal Candidate,8001.T,Itochu Corp.,Trading companies,2020-02-05,90
0f6c05bff4831033,tgs_stable_v2_universe_lab,U15,43d5dd5aa6be3b0638b5af83976e61a214bd9c37,False,True,survivorship-biased exploratory evidence; not Formal Candidate,8002.T,Marubeni Corp.,Trading companies,2020-02-05,90
0f6c05bff4831033,tgs_stable_v2_universe_lab,U15,43d5dd5aa6be3b0638b5af83976e61a214bd9c37,False,True,survivorship-biased exploratory evidence; not Formal Candidate,8031.T,"Mitsui & Co., Ltd.",Trading companies,2020-02-05,90
0f6c05bff4831033,tgs_stable_v2_universe_lab,U15,43d5dd5aa6be3b0638b5af83976e61a214bd9c37,False,True,survivorship-biased exploratory evidence; not Formal Candidate,8058.T,Mitsubishi Corp.,Trading companies,2020-02-05,90
0f6c05bff4831033,tgs_stable_v2_universe_lab,U15,43d5dd5aa6be3b0638b5af83976e61a214bd9c37,False,True,survivorship-biased exploratory evidence; not Formal Candidate,8002.T,Marubeni Corp.,Trading companies,2020-02-06,90
0f6c05bff4831033,tgs_stable_v2_universe_lab,U15,43d5dd5aa6be3b0638b5af83976e61a214bd9c37,False,True,survivorship-biased exploratory evidence; not Formal Candidate,8031.T,"Mitsui & Co., Ltd.",Trading companies,2020-02-06,90
0f6c05bff4831033,tgs_stable_v2_universe_lab,U15,43d5dd5aa6be3b0638b5af83976e61a214bd9c37,False,True,survivorship-biased exploratory evidence; not Formal Candidate,8058.T,Mitsubishi Corp.,Trading companies,2020-02-06,90
0f6c05bff4831033,tgs_stable_v2_universe_lab,U15,43d5dd5aa6be3b0638b5af83976e61a214bd9c37,False,True,survivorship-biased exploratory evidence; not Formal Candidate,8802.T,"Mitsubishi Estate Co., Ltd.",Real estate,2020-02-06,90
0f6c05bff4831033,tgs_stable_v2_universe_lab,U15,43d5dd5aa6be3b0638b5af83976e61a214bd9c37,False,True,survivorship-biased exploratory evidence; not Formal Candidate,6367.T,"Daikin Industries, Ltd.",Machinery,2020-02-07,100
0f6c05bff4831033,tgs_stable_v2_universe_lab,U15,43d5dd5aa6be3b0638b5af83976e61a214bd9c37,False,True,survivorship-biased exploratory evidence; not Formal Candidate,8053.T,Sumitomo Corp.,Trading companies,2020-02-07,120
0f6c05bff4831033,tgs_stable_v2_universe_lab,U15,43d5dd5aa6be3b0638b5af83976e61a214bd9c37,False,True,survivorship-biased exploratory evidence; not Formal Candidate,8058.T,Mitsubishi Corp.,Trading companies,2020-02-07,90
0f6c05bff4831033,tgs_stable_v2_universe_lab,U15,43d5dd5aa6be3b0638b5af83976e61a214bd9c37,False,True,survivorship-biased exploratory evidence; not Formal Candidate,6367.T,"Daikin Industries, Ltd.",Machinery,2020-02-10,100
0f6c05bff4831033,tgs_stable_v2_universe_lab,U15,43d5dd5aa6be3b0638b5af83976e61a214bd9c37,False,True,survivorship-biased exploratory evidence; not Formal Candidate,8053.T,Sumitomo Corp.,Trading companies,2020-02-10,100
0f6c05bff4831033,tgs_stable_v2_universe_lab,U15,43d5dd5aa6be3b0638b5af83976e61a214bd9c37,False,True,survivorship-biased exploratory evidence; not Formal Candidate,6367.T,"Daikin Industries, Ltd.",Machinery,2020-02-12,100
0f6c05bff4831033,tgs_stable_v2_universe_lab,U15,43d5dd5aa6be3b0638b5af83976e61a214bd9c37,False,True,survivorship-biased exploratory evidence; not Formal Candidate,8053.T,Sumitomo Corp.,Trading companies,2020-02-12,100
0f6c05bff4831033,tgs_stable_v2_universe_lab,U15,43d5dd5aa6be3b0638b5af83976e61a214bd9c37,False,True,survivorship-biased exploratory evidence; not Formal Candidate,6367.T,"Daikin Industries, Ltd.",Machinery,2020-02-13,120
0f6c05bff4831033,tgs_stable_v2_universe_lab,U15,43d5dd5aa6be3b0638b5af83976e61a214bd9c37,False,True,survivorship-biased exploratory evidence; not Formal Candidate,8053.T,Sumitomo Corp.,Trading companies,2020-02-13,100
0f6c05bff4831033,tgs_stable_v2_universe_lab,U15,43d5dd5aa6be3b0638b5af83976e61a214bd9c37,False,True,survivorship-biased exploratory evidence; not Formal Candidate,8001.T,Itochu Corp.,Trading companies,2020-02-21,90
0f6c05bff4831033,tgs_stable_v2_universe_lab,U15,43d5dd5aa6be3b0638b5af83976e61a214bd9c37,False,True,survivorship-biased exploratory evidence; not Formal Candidate,8001.T,Itochu Corp.,Trading companies,2020-02-25,90
0f6c05bff4831033,tgs_stable_v2_universe_lab,U15,43d5dd5aa6be3b0638b5af83976e61a214bd9c37,False,True,survivorship-biased exploratory evidence; not Formal Candidate,8801.T,"Mitsui Fudosan Co., Ltd.",Real estate,2020-02-25,90
0f6c05bff4831033,tgs_stable_v2_universe_lab,U15,43d5dd5aa6be3b0638b5af83976e61a214bd9c37,False,True,survivorship-biased exploratory evidence; not Formal Candidate,8802.T,"Mitsubishi Estate Co., Ltd.",Real estate,2020-02-25,90
0f6c05bff4831033,tgs_stable_v2_universe_lab,U15,43d5dd5aa6be3b0638b5af83976e61a214bd9c37,False,True,survivorship-biased exploratory evidence; not Formal Candidate,8001.T,Itochu Corp.,Trading companies,2020-02-27,90
0f6c05bff4831033,tgs_stable_v2_universe_lab,U15,43d5dd5aa6be3b0638b5af83976e61a214bd9c37,False,True,survivorship-biased exploratory evidence; not Formal Candidate,6273.T,SMC Corporation,Machinery,2020-05-01,100
0f6c05bff4831033,tgs_stable_v2_universe_lab,U15,43d5dd5aa6be3b0638b5af83976e61a214bd9c37,False,True,survivorship-biased exploratory evidence; not Formal Candidate,6273.T,SMC Corporation,Machinery,2020-05-07,100
0f6c05bff4831033,tgs_stable_v2_universe_lab,U15,43d5dd5aa6be3b0638b5af83976e61a214bd9c37,False,True,survivorship-biased exploratory evidence; not Formal Candidate,6367.T,"Daikin Industries, Ltd.",Machinery,2020-05-22,100
0f6c05bff4831033,tgs_stable_v2_universe_lab,U15,43d5dd5aa6be3b0638b5af83976e61a214bd9c37,False,True,survivorship-biased exploratory evidence; not Formal Candidate,5803.T,Fujikura Ltd.,Nonferrous metals,2020-05-26,90
0f6c05bff4831033,tgs_stable_v2_universe_lab,U15,43d5dd5aa6be3b0638b5af83976e61a214bd9c37,False,True,survivorship-biased exploratory evidence; not Formal Candidate,5803.T,Fujikura Ltd.,Nonferrous metals,2020-05-27,90
0f6c05bff4831033,tgs_stable_v2_universe_lab,U15,43d5dd5aa6be3b0638b5af83976e61a214bd9c37,False,True,survivorship-biased exploratory evidence; not Formal Candidate,5803.T,Fujikura Ltd.,Nonferrous metals,2020-05-28,90
0f6c05bff4831033,tgs_stable_v2_universe_lab,U15,43d5dd5aa6be3b0638b5af83976e61a214bd9c37,False,True,survivorship-biased exploratory evidence; not Formal Candidate,6367.T,"Daikin Industries, Ltd.",Machinery,2020-05-28,100
0f6c05bff4831033,tgs_stable_v2_universe_lab,U15,43d5dd5aa6be3b0638b5af83976e61a214bd9c37,False,True,survivorship-biased exploratory evidence; not Formal Candidate,5802.T,"Sumitomo Electric Industries, Ltd.",Nonferrous metals,2020-05-29,90
0f6c05bff4831033,tgs_stable_v2_universe_lab,U15,43d5dd5aa6be3b0638b5af83976e61a214bd9c37,False,True,survivorship-biased exploratory evidence; not Formal Candidate,6273.T,SMC Corporation,Machinery,2020-05-29,90
0f6c05bff4831033,tgs_stable_v2_universe_lab,U15,43d5dd5aa6be3b0638b5af83976e61a214bd9c37,False,True,survivorship-biased exploratory evidence; not Formal Candidate,7011.T,"Mitsubishi Heavy Industries, Ltd.",Machinery,2020-05-29,90
0f6c05bff4831033,tgs_stable_v2_universe_lab,U15,43d5dd5aa6be3b0638b5af83976e61a214bd9c37,False,True,survivorship-biased exploratory evidence; not Formal Candidate,8001.T,Itochu Corp.,Trading companies,2020-06-05,100
0f6c05bff4831033,tgs_stable_v2_universe_lab,U15,43d5dd5aa6be3b0638b5af83976e61a214bd9c37,False,True,survivorship-biased exploratory evidence; not Formal Candidate,8001.T,Itochu Corp.,Trading companies,2020-06-09,100
0f6c05bff4831033,tgs_stable_v2_universe_lab,U15,43d5dd5aa6be3b0638b5af83976e61a214bd9c37,False,True,survivorship-biased exploratory evidence; not Formal Candidate,8001.T,Itochu Corp.,Trading companies,2020-06-10,100
0f6c05bff4831033,tgs_stable_v2_universe_lab,U15,43d5dd5aa6be3b0638b5af83976e61a214bd9c37,False,True,survivorship-biased exploratory evidence; not Formal Candidate,8031.T,"Mitsui & Co., Ltd.",Trading companies,2020-06-10,100
0f6c05bff4831033,tgs_stable_v2_universe_lab,U15,43d5dd5aa6be3b0638b5af83976e61a214bd9c37,False,True,survivorship-biased exploratory evidence; not Formal Candidate,8001.T,Itochu Corp.,Trading companies,2020-06-11,100
0f6c05bff4831033,tgs_stable_v2_universe_lab,U15,43d5dd5aa6be3b0638b5af83976e61a214bd9c37,False,True,survivorship-biased exploratory evidence; not Formal Candidate,8031.T,"Mitsui & Co., Ltd.",Trading companies,2020-06-11,100
0f6c05bff4831033,tgs_stable_v2_universe_lab,U15,43d5dd5aa6be3b0638b5af83976e61a214bd9c37,False,True,survivorship-biased exploratory evidence; not Formal Candidate,6367.T,"Daikin Industries, Ltd.",Machinery,2020-06-12,90
0f6c05bff4831033,tgs_stable_v2_universe_lab,U15,43d5dd5aa6be3b0638b5af83976e61a214bd9c37,False,True,survivorship-biased exploratory evidence; not Formal Candidate,6273.T,SMC Corporation,Machinery,2020-07-16,90
0f6c05bff4831033,tgs_stable_v2_universe_lab,U15,43d5dd5aa6be3b0638b5af83976e61a214bd9c37,False,True,survivorship-biased exploratory evidence; not Formal Candidate,8001.T,Itochu Corp.,Trading companies,2020-08-05,90
0f6c05bff4831033,tgs_stable_v2_universe_lab,U15,43d5dd5aa6be3b0638b5af83976e61a214bd9c37,False,True,survivorship-biased exploratory evidence; not Formal Candidate,8802.T,"Mitsubishi Estate Co., Ltd.",Real estate,2020-08-11,90
0f6c05bff4831033,tgs_stable_v2_universe_lab,U15,43d5dd5aa6be3b0638b5af83976e61a214bd9c37,False,True,survivorship-biased exploratory evidence; not Formal Candidate,6273.T,SMC Corporation,Machinery,2020-09-08,90
0f6c05bff4831033,tgs_stable_v2_universe_lab,U15,43d5dd5aa6be3b0638b5af83976e61a214bd9c37,False,True,survivorship-biased exploratory evidence; not Formal Candidate,6273.T,SMC Corporation,Machinery,2020-09-09,90
0f6c05bff4831033,tgs_stable_v2_universe_lab,U15,43d5dd5aa6be3b0638b5af83976e61a214bd9c37,False,True,survivorship-biased exploratory evidence; not Formal Candidate,6367.T,"Daikin Industries, Ltd.",Machinery,2020-09-11,90
0f6c05bff4831033,tgs_stable_v2_universe_lab,U15,43d5dd5aa6be3b0638b5af83976e61a214bd9c37,False,True,survivorship-biased exploratory evidence; not Formal Candidate,8001.T,Itochu Corp.,Trading companies,2020-09-18,90
0f6c05bff4831033,tgs_stable_v2_universe_lab,U15,43d5dd5aa6be3b0638b5af83976e61a214bd9c37,False,True,survivorship-biased exploratory evidence; not Formal Candidate,8001.T,Itochu Corp.,Trading companies,2020-09-23,90
0f6c05bff4831033,tgs_stable_v2_universe_lab,U15,43d5dd5aa6be3b0638b5af83976e61a214bd9c37,False,True,survivorship-biased exploratory evidence; not Formal Candidate,6367.T,"Daikin Industries, Ltd.",Machinery,2020-09-30,90
0f6c05bff4831033,tgs_stable_v2_universe_lab,U15,43d5dd5aa6be3b0638b5af83976e61a214bd9c37,False,True,survivorship-biased exploratory evidence; not Formal Candidate,6367.T,"Daikin Industries, Ltd.",Machinery,2020-11-06,100
0f6c05bff4831033,tgs_stable_v2_universe_lab,U15,43d5dd5aa6be3b0638b5af83976e61a214bd9c37,False,True,survivorship-biased exploratory evidence; not Formal Candidate,6367.T,"Daikin Industries, Ltd.",Machinery,2020-11-10,100
0f6c05bff4831033,tgs_stable_v2_universe_lab,U15,43d5dd5aa6be3b0638b5af83976e61a214bd9c37,False,True,survivorship-biased exploratory evidence; not Formal Candidate,5802.T,"Sumitomo Electric Industries, Ltd.",Nonferrous metals,2020-11-18,90
0f6c05bff4831033,tgs_stable_v2_universe_lab,U15,43d5dd5aa6be3b0638b5af83976e61a214bd9c37,False,True,survivorship-biased exploratory evidence; not Formal Candidate,5801.T,"The Furukawa Electric Co., Ltd.",Nonferrous metals,2020-11-27,90
0f6c05bff4831033,tgs_stable_v2_universe_lab,U15,43d5dd5aa6be3b0638b5af83976e61a214bd9c37,False,True,survivorship-biased exploratory evidence; not Formal Candidate,8031.T,"Mitsui & Co., Ltd.",Trading companies,2020-11-27,100
0f6c05bff4831033,tgs_stable_v2_universe_lab,U15,43d5dd5aa6be3b0638b5af83976e61a214bd9c37,False,True,survivorship-biased exploratory evidence; not Formal Candidate,6273.T,SMC Corporation,Machinery,2020-11-30,100
0f6c05bff4831033,tgs_stable_v2_universe_lab,U15,43d5dd5aa6be3b0638b5af83976e61a214bd9c37,False,True,survivorship-biased exploratory evidence; not Formal Candidate,8001.T,Itochu Corp.,Trading companies,2020-11-30,120
0f6c05bff4831033,tgs_stable_v2_universe_lab,U15,43d5dd5aa6be3b0638b5af83976e61a214bd9c37,False,True,survivorship-biased exploratory evidence; not Formal Candidate,8031.T,"Mitsui & Co., Ltd.",Trading companies,2020-11-30,120
0f6c05bff4831033,tgs_stable_v2_universe_lab,U15,43d5dd5aa6be3b0638b5af83976e61a214bd9c37,False,True,survivorship-biased exploratory evidence; not Formal Candidate,8001.T,Itochu Corp.,Trading companies,2020-12-01,100
0f6c05bff4831033,tgs_stable_v2_universe_lab,U15,43d5dd5aa6be3b0638b5af83976e61a214bd9c37,False,True,survivorship-biased exploratory evidence; not Formal Candidate,8031.T,"Mitsui & Co., Ltd.",Trading companies,2020-12-01,100
0f6c05bff4831033,tgs_stable_v2_universe_lab,U15,43d5dd5aa6be3b0638b5af83976e61a214bd9c37,False,True,survivorship-biased exploratory evidence; not Formal Candidate,8001.T,Itochu Corp.,Trading companies,2020-12-02,100
0f6c05bff4831033,tgs_stable_v2_universe_lab,U15,43d5dd5aa6be3b0638b5af83976e61a214bd9c37,False,True,survivorship-biased exploratory evidence; not Formal Candidate,8031.T,"Mitsui & Co., Ltd.",Trading companies,2020-12-02,100
0f6c05bff4831033,tgs_stable_v2_universe_lab,U15,43d5dd5aa6be3b0638b5af83976e61a214bd9c37,False,True,survivorship-biased exploratory evidence; not Formal Candidate,8031.T,"Mitsui & Co., Ltd.",Trading companies,2020-12-03,100
0f6c05bff4831033,tgs_stable_v2_universe_lab,U15,43d5dd5aa6be3b0638b5af83976e61a214bd9c37,False,True,survivorship-biased exploratory evidence; not Formal Candidate,6273.T,SMC Corporation,Machinery,2021-01-06,90
0f6c05bff4831033,tgs_stable_v2_universe_lab,U15,43d5dd5aa6be3b0638b5af83976e61a214bd9c37,False,True,survivorship-biased exploratory evidence; not Formal Candidate,6367.T,"Daikin Industries, Ltd.",Machinery,2021-01-08,90
0f6c05bff4831033,tgs_stable_v2_universe_lab,U15,43d5dd5aa6be3b0638b5af83976e61a214bd9c37,False,True,survivorship-biased exploratory evidence; not Formal Candidate,6273.T,SMC Corporation,Machinery,2021-01-13,90
0f6c05bff4831033,tgs_stable_v2_universe_lab,U15,43d5dd5aa6be3b0638b5af83976e61a214bd9c37,False,True,survivorship-biased exploratory evidence; not Formal Candidate,8031.T,"Mitsui & Co., Ltd.",Trading companies,2021-01-13,90
0f6c05bff4831033,tgs_stable_v2_universe_lab,U15,43d5dd5aa6be3b0638b5af83976e61a214bd9c37,False,True,survivorship-biased exploratory evidence; not Formal Candidate,6273.T,SMC Corporation,Machinery,2021-01-21,90
0f6c05bff4831033,tgs_stable_v2_universe_lab,U15,43d5dd5aa6be3b0638b5af83976e61a214bd9c37,False,True,survivorship-biased exploratory evidence; not Formal Candidate,6273.T,SMC Corporation,Machinery,2021-01-28,90
0f6c05bff4831033,tgs_stable_v2_universe_lab,U15,43d5dd5aa6be3b0638b5af83976e61a214bd9c37,False,True,survivorship-biased exploratory evidence; not Formal Candidate,8015.T,Toyota Tsusho Corp.,Trading companies,2021-01-28,90
0f6c05bff4831033,tgs_stable_v2_universe_lab,U15,43d5dd5aa6be3b0638b5af83976e61a214bd9c37,False,True,survivorship-biased exploratory evidence; not Formal Candidate,8031.T,"Mitsui & Co., Ltd.",Trading companies,2021-01-28,90
0f6c05bff4831033,tgs_stable_v2_universe_lab,U15,43d5dd5aa6be3b0638b5af83976e61a214bd9c37,False,True,survivorship-biased exploratory evidence; not Formal Candidate,8001.T,Itochu Corp.,Trading companies,2021-01-29,90
0f6c05bff4831033,tgs_stable_v2_universe_lab,U15,43d5dd5aa6be3b0638b5af83976e61a214bd9c37,False,True,survivorship-biased exploratory evidence; not Formal Candidate,8001.T,Itochu Corp.,Trading companies,2021-02-04,90
0f6c05bff4831033,tgs_stable_v2_universe_lab,U15,43d5dd5aa6be3b0638b5af83976e61a214bd9c37,False,True,survivorship-biased exploratory evidence; not Formal Candidate,8031.T,"Mitsui & Co., Ltd.",Trading companies,2021-02-04,90
0f6c05bff4831033,tgs_stable_v2_universe_lab,U15,43d5dd5aa6be3b0638b5af83976e61a214bd9c37,False,True,survivorship-biased exploratory evidence; not Formal Candidate,8001.T,Itochu Corp.,Trading companies,2021-02-05,90
0f6c05bff4831033,tgs_stable_v2_universe_lab,U15,43d5dd5aa6be3b0638b5af83976e61a214bd9c37,False,True,survivorship-biased exploratory evidence; not Formal Candidate,6301.T,Komatsu Ltd.,Machinery,2021-02-08,90
0f6c05bff4831033,tgs_stable_v2_universe_lab,U15,43d5dd5aa6be3b0638b5af83976e61a214bd9c37,False,True,survivorship-biased exploratory evidence; not Formal Candidate,8001.T,Itochu Corp.,Trading companies,2021-02-08,90
0f6c05bff4831033,tgs_stable_v2_universe_lab,U15,43d5dd5aa6be3b0638b5af83976e61a214bd9c37,False,True,survivorship-biased exploratory evidence; not Formal Candidate,8001.T,Itochu Corp.,Trading companies,2021-02-09,90
0f6c05bff4831033,tgs_stable_v2_universe_lab,U15,43d5dd5aa6be3b0638b5af83976e61a214bd9c37,False,True,survivorship-biased exploratory evidence; not Formal Candidate,8001.T,Itochu Corp.,Trading companies,2021-02-24,90
0f6c05bff4831033,tgs_stable_v2_universe_lab,U15,43d5dd5aa6be3b0638b5af83976e61a214bd9c37,False,True,survivorship-biased exploratory evidence; not Formal Candidate,5802.T,"Sumitomo Electric Industries, Ltd.",Nonferrous metals,2021-02-26,90
0f6c05bff4831033,tgs_stable_v2_universe_lab,U15,43d5dd5aa6be3b0638b5af83976e61a214bd9c37,False,True,survivorship-biased exploratory evidence; not Formal Candidate,8001.T,Itochu Corp.,Trading companies,2021-02-26,90
0f6c05bff4831033,tgs_stable_v2_universe_lab,U15,43d5dd5aa6be3b0638b5af83976e61a214bd9c37,False,True,survivorship-biased exploratory evidence; not Formal Candidate,8002.T,Marubeni Corp.,Trading companies,2021-02-26,90
0f6c05bff4831033,tgs_stable_v2_universe_lab,U15,43d5dd5aa6be3b0638b5af83976e61a214bd9c37,False,True,survivorship-biased exploratory evidence; not Formal Candidate,8015.T,Toyota Tsusho Corp.,Trading companies,2021-03-12,90
0f6c05bff4831033,tgs_stable_v2_universe_lab,U15,43d5dd5aa6be3b0638b5af83976e61a214bd9c37,False,True,survivorship-biased exploratory evidence; not Formal Candidate,6301.T,Komatsu Ltd.,Machinery,2021-03-19,90
0f6c05bff4831033,tgs_stable_v2_universe_lab,U15,43d5dd5aa6be3b0638b5af83976e61a214bd9c37,False,True,survivorship-biased exploratory evidence; not Formal Candidate,8053.T,Sumitomo Corp.,Trading companies,2021-03-19,90
0f6c05bff4831033,tgs_stable_v2_universe_lab,U15,43d5dd5aa6be3b0638b5af83976e61a214bd9c37,False,True,survivorship-biased exploratory evidence; not Formal Candidate,5802.T,"Sumitomo Electric Industries, Ltd.",Nonferrous metals,2021-03-22,90
0f6c05bff4831033,tgs_stable_v2_universe_lab,U15,43d5dd5aa6be3b0638b5af83976e61a214bd9c37,False,True,survivorship-biased exploratory evidence; not Formal Candidate,6301.T,Komatsu Ltd.,Machinery,2021-03-29,90
0f6c05bff4831033,tgs_stable_v2_universe_lab,U15,43d5dd5aa6be3b0638b5af83976e61a214bd9c37,False,True,survivorship-biased exploratory evidence; not Formal Candidate,8053.T,Sumitomo Corp.,Trading companies,2021-03-29,90
0f6c05bff4831033,tgs_stable_v2_universe_lab,U15,43d5dd5aa6be3b0638b5af83976e61a214bd9c37,False,True,survivorship-biased exploratory evidence; not Formal Candidate,6301.T,Komatsu Ltd.,Machinery,2021-03-30,90
0f6c05bff4831033,tgs_stable_v2_universe_lab,U15,43d5dd5aa6be3b0638b5af83976e61a214bd9c37,False,True,survivorship-biased exploratory evidence; not Formal Candidate,6301.T,Komatsu Ltd.,Machinery,2021-03-31,90
0f6c05bff4831033,tgs_stable_v2_universe_lab,U15,43d5dd5aa6be3b0638b5af83976e61a214bd9c37,False,True,survivorship-biased exploratory evidence; not Formal Candidate,8031.T,"Mitsui & Co., Ltd.",Trading companies,2021-04-30,90
0f6c05bff4831033,tgs_stable_v2_universe_lab,U15,43d5dd5aa6be3b0638b5af83976e61a214bd9c37,False,True,survivorship-biased exploratory evidence; not Formal Candidate,8002.T,Marubeni Corp.,Trading companies,2021-05-06,90
0f6c05bff4831033,tgs_stable_v2_universe_lab,U15,43d5dd5aa6be3b0638b5af83976e61a214bd9c37,False,True,survivorship-biased exploratory evidence; not Formal Candidate,8002.T,Marubeni Corp.,Trading companies,2021-05-27,90
0f6c05bff4831033,tgs_stable_v2_universe_lab,U15,43d5dd5aa6be3b0638b5af83976e61a214bd9c37,False,True,survivorship-biased exploratory evidence; not Formal Candidate,8031.T,"Mitsui & Co., Ltd.",Trading companies,2021-05-27,90
0f6c05bff4831033,tgs_stable_v2_universe_lab,U15,43d5dd5aa6be3b0638b5af83976e61a214bd9c37,False,True,survivorship-biased exploratory evidence; not Formal Candidate,8031.T,"Mitsui & Co., Ltd.",Trading companies,2021-05-28,90
0f6c05bff4831033,tgs_stable_v2_universe_lab,U15,43d5dd5aa6be3b0638b5af83976e61a214bd9c37,False,True,survivorship-biased exploratory evidence; not Formal Candidate,8801.T,"Mitsui Fudosan Co., Ltd.",Real estate,2021-06-04,100
0f6c05bff4831033,tgs_stable_v2_universe_lab,U15,43d5dd5aa6be3b0638b5af83976e61a214bd9c37,False,True,survivorship-biased exploratory evidence; not Formal Candidate,8801.T,"Mitsui Fudosan Co., Ltd.",Real estate,2021-06-09,100
0f6c05bff4831033,tgs_stable_v2_universe_lab,U15,43d5dd5aa6be3b0638b5af83976e61a214bd9c37,False,True,survivorship-biased exploratory evidence; not Formal Candidate,8801.T,"Mitsui Fudosan Co., Ltd.",Real estate,2021-06-10,100
0f6c05bff4831033,tgs_stable_v2_universe_lab,U15,43d5dd5aa6be3b0638b5af83976e61a214bd9c37,False,True,survivorship-biased exploratory evidence; not Formal Candidate,8801.T,"Mitsui Fudosan Co., Ltd.",Real estate,2021-06-11,90
0f6c05bff4831033,tgs_stable_v2_universe_lab,U15,43d5dd5aa6be3b0638b5af83976e61a214bd9c37,False,True,survivorship-biased exploratory evidence; not Formal Candidate,8002.T,Marubeni Corp.,Trading companies,2021-06-18,90
0f6c05bff4831033,tgs_stable_v2_universe_lab,U15,43d5dd5aa6be3b0638b5af83976e61a214bd9c37,False,True,survivorship-biased exploratory evidence; not Formal Candidate,8015.T,Toyota Tsusho Corp.,Trading companies,2021-06-18,120
0f6c05bff4831033,tgs_stable_v2_universe_lab,U15,43d5dd5aa6be3b0638b5af83976e61a214bd9c37,False,True,survivorship-biased exploratory evidence; not Formal Candidate,8031.T,"Mitsui & Co., Ltd.",Trading companies,2021-06-18,90
0f6c05bff4831033,tgs_stable_v2_universe_lab,U15,43d5dd5aa6be3b0638b5af83976e61a214bd9c37,False,True,survivorship-biased exploratory evidence; not Formal Candidate,8801.T,"Mitsui Fudosan Co., Ltd.",Real estate,2021-06-18,90
0f6c05bff4831033,tgs_stable_v2_universe_lab,U15,43d5dd5aa6be3b0638b5af83976e61a214bd9c37,False,True,survivorship-biased exploratory evidence; not Formal Candidate,8015.T,Toyota Tsusho Corp.,Trading companies,2021-06-21,100
0f6c05bff4831033,tgs_stable_v2_universe_lab,U15,43d5dd5aa6be3b0638b5af83976e61a214bd9c37,False,True,survivorship-biased exploratory evidence; not Formal Candidate,8031.T,"Mitsui & Co., Ltd.",Trading companies,2021-06-21,90
0f6c05bff4831033,tgs_stable_v2_universe_lab,U15,43d5dd5aa6be3b0638b5af83976e61a214bd9c37,False,True,survivorship-biased exploratory evidence; not Formal Candidate,8015.T,Toyota Tsusho Corp.,Trading companies,2021-06-22,100
0f6c05bff4831033,tgs_stable_v2_universe_lab,U15,43d5dd5aa6be3b0638b5af83976e61a214bd9c37,False,True,survivorship-biased exploratory evidence; not Formal Candidate,8015.T,Toyota Tsusho Corp.,Trading companies,2021-06-23,100
0f6c05bff4831033,tgs_stable_v2_universe_lab,U15,43d5dd5aa6be3b0638b5af83976e61a214bd9c37,False,True,survivorship-biased exploratory evidence; not Formal Candidate,8015.T,Toyota Tsusho Corp.,Trading companies,2021-06-24,100
0f6c05bff4831033,tgs_stable_v2_universe_lab,U15,43d5dd5aa6be3b0638b5af83976e61a214bd9c37,False,True,survivorship-biased exploratory evidence; not Formal Candidate,8801.T,"Mitsui Fudosan Co., Ltd.",Real estate,2021-07-16,100
0f6c05bff4831033,tgs_stable_v2_universe_lab,U15,43d5dd5aa6be3b0638b5af83976e61a214bd9c37,False,True,survivorship-biased exploratory evidence; not Formal Candidate,8801.T,"Mitsui Fudosan Co., Ltd.",Real estate,2021-07-19,100
0f6c05bff4831033,tgs_stable_v2_universe_lab,U15,43d5dd5aa6be3b0638b5af83976e61a214bd9c37,False,True,survivorship-biased exploratory evidence; not Formal Candidate,8801.T,"Mitsui Fudosan Co., Ltd.",Real estate,2021-07-20,100
0f6c05bff4831033,tgs_stable_v2_universe_lab,U15,43d5dd5aa6be3b0638b5af83976e61a214bd9c37,False,True,survivorship-biased exploratory evidence; not Formal Candidate,5803.T,Fujikura Ltd.,Nonferrous metals,2021-07-30,100
0f6c05bff4831033,tgs_stable_v2_universe_lab,U15,43d5dd5aa6be3b0638b5af83976e61a214bd9c37,False,True,survivorship-biased exploratory evidence; not Formal Candidate,6367.T,"Daikin Industries, Ltd.",Machinery,2021-07-30,100
0f6c05bff4831033,tgs_stable_v2_universe_lab,U15,43d5dd5aa6be3b0638b5af83976e61a214bd9c37,False,True,survivorship-biased exploratory evidence; not Formal Candidate,5803.T,Fujikura Ltd.,Nonferrous metals,2021-08-02,100
0f6c05bff4831033,tgs_stable_v2_universe_lab,U15,43d5dd5aa6be3b0638b5af83976e61a214bd9c37,False,True,survivorship-biased exploratory evidence; not Formal Candidate,5803.T,Fujikura Ltd.,Nonferrous metals,2021-08-03,100
0f6c05bff4831033,tgs_stable_v2_universe_lab,U15,43d5dd5aa6be3b0638b5af83976e61a214bd9c37,False,True,survivorship-biased exploratory evidence; not Formal Candidate,5803.T,Fujikura Ltd.,Nonferrous metals,2021-08-04,100
0f6c05bff4831033,tgs_stable_v2_universe_lab,U15,43d5dd5aa6be3b0638b5af83976e61a214bd9c37,False,True,survivorship-biased exploratory evidence; not Formal Candidate,6367.T,"Daikin Industries, Ltd.",Machinery,2021-08-04,100
0f6c05bff4831033,tgs_stable_v2_universe_lab,U15,43d5dd5aa6be3b0638b5af83976e61a214bd9c37,False,True,survivorship-biased exploratory evidence; not Formal Candidate,5803.T,Fujikura Ltd.,Nonferrous metals,2021-08-05,100
0f6c05bff4831033,tgs_stable_v2_universe_lab,U15,43d5dd5aa6be3b0638b5af83976e61a214bd9c37,False,True,survivorship-biased exploratory evidence; not Formal Candidate,6273.T,SMC Corporation,Machinery,2021-08-06,100
0f6c05bff4831033,tgs_stable_v2_universe_lab,U15,43d5dd5aa6be3b0638b5af83976e61a214bd9c37,False,True,survivorship-biased exploratory evidence; not Formal Candidate,6273.T,SMC Corporation,Machinery,2021-08-12,100
0f6c05bff4831033,tgs_stable_v2_universe_lab,U15,43d5dd5aa6be3b0638b5af83976e61a214bd9c37,False,True,survivorship-biased exploratory evidence; not Formal Candidate,8058.T,Mitsubishi Corp.,Trading companies,2021-08-16,100
0f6c05bff4831033,tgs_stable_v2_universe_lab,U15,43d5dd5aa6be3b0638b5af83976e61a214bd9c37,False,True,survivorship-biased exploratory evidence; not Formal Candidate,8058.T,Mitsubishi Corp.,Trading companies,2021-08-17,100
0f6c05bff4831033,tgs_stable_v2_universe_lab,U15,43d5dd5aa6be3b0638b5af83976e61a214bd9c37,False,True,survivorship-biased exploratory evidence; not Formal Candidate,8058.T,Mitsubishi Corp.,Trading companies,2021-08-19,100
0f6c05bff4831033,tgs_stable_v2_universe_lab,U15,43d5dd5aa6be3b0638b5af83976e61a214bd9c37,False,True,survivorship-biased exploratory evidence; not Formal Candidate,5803.T,Fujikura Ltd.,Nonferrous metals,2021-08-20,90
0f6c05bff4831033,tgs_stable_v2_universe_lab,U15,43d5dd5aa6be3b0638b5af83976e61a214bd9c37,False,True,survivorship-biased exploratory evidence; not Formal Candidate,8053.T,Sumitomo Corp.,Trading companies,2021-09-10,100
0f6c05bff4831033,tgs_stable_v2_universe_lab,U15,43d5dd5aa6be3b0638b5af83976e61a214bd9c37,False,True,survivorship-biased exploratory evidence; not Formal Candidate,8053.T,Sumitomo Corp.,Trading companies,2021-09-15,100
0f6c05bff4831033,tgs_stable_v2_universe_lab,U15,43d5dd5aa6be3b0638b5af83976e61a214bd9c37,False,True,survivorship-biased exploratory evidence; not Formal Candidate,8053.T,Sumitomo Corp.,Trading companies,2021-09-16,120
0f6c05bff4831033,tgs_stable_v2_universe_lab,U15,43d5dd5aa6be3b0638b5af83976e61a214bd9c37,False,True,survivorship-biased exploratory evidence; not Formal Candidate,6367.T,"Daikin Industries, Ltd.",Machinery,2021-09-17,90
0f6c05bff4831033,tgs_stable_v2_universe_lab,U15,43d5dd5aa6be3b0638b5af83976e61a214bd9c37,False,True,survivorship-biased exploratory evidence; not Formal Candidate,8001.T,Itochu Corp.,Trading companies,2021-09-17,100
0f6c05bff4831033,tgs_stable_v2_universe_lab,U15,43d5dd5aa6be3b0638b5af83976e61a214bd9c37,False,True,survivorship-biased exploratory evidence; not Formal Candidate,8053.T,Sumitomo Corp.,Trading companies,2021-09-17,90
0f6c05bff4831033,tgs_stable_v2_universe_lab,U15,43d5dd5aa6be3b0638b5af83976e61a214bd9c37,False,True,survivorship-biased exploratory evidence; not Formal Candidate,6367.T,"Daikin Industries, Ltd.",Machinery,2021-09-21,90
0f6c05bff4831033,tgs_stable_v2_universe_lab,U15,43d5dd5aa6be3b0638b5af83976e61a214bd9c37,False,True,survivorship-biased exploratory evidence; not Formal Candidate,8001.T,Itochu Corp.,Trading companies,2021-09-21,120
0f6c05bff4831033,tgs_stable_v2_universe_lab,U15,43d5dd5aa6be3b0638b5af83976e61a214bd9c37,False,True,survivorship-biased exploratory evidence; not Formal Candidate,8058.T,Mitsubishi Corp.,Trading companies,2021-09-21,90
0f6c05bff4831033,tgs_stable_v2_universe_lab,U15,43d5dd5aa6be3b0638b5af83976e61a214bd9c37,False,True,survivorship-biased exploratory evidence; not Formal Candidate,8001.T,Itochu Corp.,Trading companies,2021-09-22,120
0f6c05bff4831033,tgs_stable_v2_universe_lab,U15,43d5dd5aa6be3b0638b5af83976e61a214bd9c37,False,True,survivorship-biased exploratory evidence; not Formal Candidate,8053.T,Sumitomo Corp.,Trading companies,2021-09-22,90
0f6c05bff4831033,tgs_stable_v2_universe_lab,U15,43d5dd5aa6be3b0638b5af83976e61a214bd9c37,False,True,survivorship-biased exploratory evidence; not Formal Candidate,8001.T,Itochu Corp.,Trading companies,2021-09-24,90
0f6c05bff4831033,tgs_stable_v2_universe_lab,U15,43d5dd5aa6be3b0638b5af83976e61a214bd9c37,False,True,survivorship-biased exploratory evidence; not Formal Candidate,6273.T,SMC Corporation,Machinery,2021-09-28,90
0f6c05bff4831033,tgs_stable_v2_universe_lab,U15,43d5dd5aa6be3b0638b5af83976e61a214bd9c37,False,True,survivorship-biased exploratory evidence; not Formal Candidate,8058.T,Mitsubishi Corp.,Trading companies,2021-10-08,90
0f6c05bff4831033,tgs_stable_v2_universe_lab,U15,43d5dd5aa6be3b0638b5af83976e61a214bd9c37,False,True,survivorship-biased exploratory evidence; not Formal Candidate,8058.T,Mitsubishi Corp.,Trading companies,2021-10-12,90
0f6c05bff4831033,tgs_stable_v2_universe_lab,U15,43d5dd5aa6be3b0638b5af83976e61a214bd9c37,False,True,survivorship-biased exploratory evidence; not Formal Candidate,6301.T,Komatsu Ltd.,Machinery,2021-10-22,100
0f6c05bff4831033,tgs_stable_v2_universe_lab,U15,43d5dd5aa6be3b0638b5af83976e61a214bd9c37,False,True,survivorship-biased exploratory evidence; not Formal Candidate,6301.T,Komatsu Ltd.,Machinery,2021-10-25,100
0f6c05bff4831033,tgs_stable_v2_universe_lab,U15,43d5dd5aa6be3b0638b5af83976e61a214bd9c37,False,True,survivorship-biased exploratory evidence; not Formal Candidate,6301.T,Komatsu Ltd.,Machinery,2021-10-27,100
0f6c05bff4831033,tgs_stable_v2_universe_lab,U15,43d5dd5aa6be3b0638b5af83976e61a214bd9c37,False,True,survivorship-biased exploratory evidence; not Formal Candidate,6301.T,Komatsu Ltd.,Machinery,2021-10-28,100
0f6c05bff4831033,tgs_stable_v2_universe_lab,U15,43d5dd5aa6be3b0638b5af83976e61a214bd9c37,False,True,survivorship-biased exploratory evidence; not Formal Candidate,8058.T,Mitsubishi Corp.,Trading companies,2021-10-28,90
0f6c05bff4831033,tgs_stable_v2_universe_lab,U15,43d5dd5aa6be3b0638b5af83976e61a214bd9c37,False,True,survivorship-biased exploratory evidence; not Formal Candidate,8053.T,Sumitomo Corp.,Trading companies,2021-11-04,90
0f6c05bff4831033,tgs_stable_v2_universe_lab,U15,43d5dd5aa6be3b0638b5af83976e61a214bd9c37,False,True,survivorship-biased exploratory evidence; not Formal Candidate,8002.T,Marubeni Corp.,Trading companies,2021-11-09,100
0f6c05bff4831033,tgs_stable_v2_universe_lab,U15,43d5dd5aa6be3b0638b5af83976e61a214bd9c37,False,True,survivorship-biased exploratory evidence; not Formal Candidate,8002.T,Marubeni Corp.,Trading companies,2021-11-10,100
0f6c05bff4831033,tgs_stable_v2_universe_lab,U15,43d5dd5aa6be3b0638b5af83976e61a214bd9c37,False,True,survivorship-biased exploratory evidence; not Formal Candidate,8002.T,Marubeni Corp.,Trading companies,2021-11-11,100
0f6c05bff4831033,tgs_stable_v2_universe_lab,U15,43d5dd5aa6be3b0638b5af83976e61a214bd9c37,False,True,survivorship-biased exploratory evidence; not Formal Candidate,5802.T,"Sumitomo Electric Industries, Ltd.",Nonferrous metals,2021-11-12,100
0f6c05bff4831033,tgs_stable_v2_universe_lab,U15,43d5dd5aa6be3b0638b5af83976e61a214bd9c37,False,True,survivorship-biased exploratory evidence; not Formal Candidate,8015.T,Toyota Tsusho Corp.,Trading companies,2021-11-12,100
0f6c05bff4831033,tgs_stable_v2_universe_lab,U15,43d5dd5aa6be3b0638b5af83976e61a214bd9c37,False,True,survivorship-biased exploratory evidence; not Formal Candidate,5802.T,"Sumitomo Electric Industries, Ltd.",Nonferrous metals,2021-11-15,100
0f6c05bff4831033,tgs_stable_v2_universe_lab,U15,43d5dd5aa6be3b0638b5af83976e61a214bd9c37,False,True,survivorship-biased exploratory evidence; not Formal Candidate,8015.T,Toyota Tsusho Corp.,Trading companies,2021-11-15,100
0f6c05bff4831033,tgs_stable_v2_universe_lab,U15,43d5dd5aa6be3b0638b5af83976e61a214bd9c37,False,True,survivorship-biased exploratory evidence; not Formal Candidate,5802.T,"Sumitomo Electric Industries, Ltd.",Nonferrous metals,2021-11-16,100
0f6c05bff4831033,tgs_stable_v2_universe_lab,U15,43d5dd5aa6be3b0638b5af83976e61a214bd9c37,False,True,survivorship-biased exploratory evidence; not Formal Candidate,8015.T,Toyota Tsusho Corp.,Trading companies,2021-11-16,100
0f6c05bff4831033,tgs_stable_v2_universe_lab,U15,43d5dd5aa6be3b0638b5af83976e61a214bd9c37,False,True,survivorship-biased exploratory evidence; not Formal Candidate,5802.T,"Sumitomo Electric Industries, Ltd.",Nonferrous metals,2021-11-17,100
0f6c05bff4831033,tgs_stable_v2_universe_lab,U15,43d5dd5aa6be3b0638b5af83976e61a214bd9c37,False,True,survivorship-biased exploratory evidence; not Formal Candidate,8015.T,Toyota Tsusho Corp.,Trading companies,2021-11-17,100
0f6c05bff4831033,tgs_stable_v2_universe_lab,U15,43d5dd5aa6be3b0638b5af83976e61a214bd9c37,False,True,survivorship-biased exploratory evidence; not Formal Candidate,5802.T,"Sumitomo Electric Industries, Ltd.",Nonferrous metals,2021-11-18,100
0f6c05bff4831033,tgs_stable_v2_universe_lab,U15,43d5dd5aa6be3b0638b5af83976e61a214bd9c37,False,True,survivorship-biased exploratory evidence; not Formal Candidate,8015.T,Toyota Tsusho Corp.,Trading companies,2021-11-18,100
0f6c05bff4831033,tgs_stable_v2_universe_lab,U15,43d5dd5aa6be3b0638b5af83976e61a214bd9c37,False,True,survivorship-biased exploratory evidence; not Formal Candidate,6273.T,SMC Corporation,Machinery,2021-11-19,100
0f6c05bff4831033,tgs_stable_v2_universe_lab,U15,43d5dd5aa6be3b0638b5af83976e61a214bd9c37,False,True,survivorship-biased exploratory evidence; not Formal Candidate,8031.T,"Mitsui & Co., Ltd.",Trading companies,2021-11-19,120
0f6c05bff4831033,tgs_stable_v2_universe_lab,U15,43d5dd5aa6be3b0638b5af83976e61a214bd9c37,False,True,survivorship-biased exploratory evidence; not Formal Candidate,8031.T,"Mitsui & Co., Ltd.",Trading companies,2021-11-22,100
0f6c05bff4831033,tgs_stable_v2_universe_lab,U15,43d5dd5aa6be3b0638b5af83976e61a214bd9c37,False,True,survivorship-biased exploratory evidence; not Formal Candidate,8031.T,"Mitsui & Co., Ltd.",Trading companies,2021-11-24,100
0f6c05bff4831033,tgs_stable_v2_universe_lab,U15,43d5dd5aa6be3b0638b5af83976e61a214bd9c37,False,True,survivorship-biased exploratory evidence; not Formal Candidate,8031.T,"Mitsui & Co., Ltd.",Trading companies,2021-11-25,100
0f6c05bff4831033,tgs_stable_v2_universe_lab,U15,43d5dd5aa6be3b0638b5af83976e61a214bd9c37,False,True,survivorship-biased exploratory evidence; not Formal Candidate,6273.T,SMC Corporation,Machinery,2021-11-30,90
0f6c05bff4831033,tgs_stable_v2_universe_lab,U15,43d5dd5aa6be3b0638b5af83976e61a214bd9c37,False,True,survivorship-biased exploratory evidence; not Formal Candidate,8002.T,Marubeni Corp.,Trading companies,2021-11-30,90
0f6c05bff4831033,tgs_stable_v2_universe_lab,U15,43d5dd5aa6be3b0638b5af83976e61a214bd9c37,False,True,survivorship-biased exploratory evidence; not Formal Candidate,8015.T,Toyota Tsusho Corp.,Trading companies,2021-11-30,90
0f6c05bff4831033,tgs_stable_v2_universe_lab,U15,43d5dd5aa6be3b0638b5af83976e61a214bd9c37,False,True,survivorship-biased exploratory evidence; not Formal Candidate,8031.T,"Mitsui & Co., Ltd.",Trading companies,2021-11-30,90
0f6c05bff4831033,tgs_stable_v2_universe_lab,U15,43d5dd5aa6be3b0638b5af83976e61a214bd9c37,False,True,survivorship-biased exploratory evidence; not Formal Candidate,8001.T,Itochu Corp.,Trading companies,2021-12-03,100
0f6c05bff4831033,tgs_stable_v2_universe_lab,U15,43d5dd5aa6be3b0638b5af83976e61a214bd9c37,False,True,survivorship-biased exploratory evidence; not Formal Candidate,8001.T,Itochu Corp.,Trading companies,2021-12-06,100
0f6c05bff4831033,tgs_stable_v2_universe_lab,U15,43d5dd5aa6be3b0638b5af83976e61a214bd9c37,False,True,survivorship-biased exploratory evidence; not Formal Candidate,8001.T,Itochu Corp.,Trading companies,2021-12-07,120
0f6c05bff4831033,tgs_stable_v2_universe_lab,U15,43d5dd5aa6be3b0638b5af83976e61a214bd9c37,False,True,survivorship-biased exploratory evidence; not Formal Candidate,8001.T,Itochu Corp.,Trading companies,2021-12-08,100
0f6c05bff4831033,tgs_stable_v2_universe_lab,U15,43d5dd5aa6be3b0638b5af83976e61a214bd9c37,False,True,survivorship-biased exploratory evidence; not Formal Candidate,8001.T,Itochu Corp.,Trading companies,2021-12-09,100
0f6c05bff4831033,tgs_stable_v2_universe_lab,U15,43d5dd5aa6be3b0638b5af83976e61a214bd9c37,False,True,survivorship-biased exploratory evidence; not Formal Candidate,8001.T,Itochu Corp.,Trading companies,2021-12-17,90
0f6c05bff4831033,tgs_stable_v2_universe_lab,U15,43d5dd5aa6be3b0638b5af83976e61a214bd9c37,False,True,survivorship-biased exploratory evidence; not Formal Candidate,8002.T,Marubeni Corp.,Trading companies,2021-12-17,90
0f6c05bff4831033,tgs_stable_v2_universe_lab,U15,43d5dd5aa6be3b0638b5af83976e61a214bd9c37,False,True,survivorship-biased exploratory evidence; not Formal Candidate,8015.T,Toyota Tsusho Corp.,Trading companies,2021-12-17,120
0f6c05bff4831033,tgs_stable_v2_universe_lab,U15,43d5dd5aa6be3b0638b5af83976e61a214bd9c37,False,True,survivorship-biased exploratory evidence; not Formal Candidate,8053.T,Sumitomo Corp.,Trading companies,2021-12-17,120
0f6c05bff4831033,tgs_stable_v2_universe_lab,U15,43d5dd5aa6be3b0638b5af83976e61a214bd9c37,False,True,survivorship-biased exploratory evidence; not Formal Candidate,8015.T,Toyota Tsusho Corp.,Trading companies,2021-12-20,100
0f6c05bff4831033,tgs_stable_v2_universe_lab,U15,43d5dd5aa6be3b0638b5af83976e61a214bd9c37,False,True,survivorship-biased exploratory evidence; not Formal Candidate,8053.T,Sumitomo Corp.,Trading companies,2021-12-20,100
0f6c05bff4831033,tgs_stable_v2_universe_lab,U15,43d5dd5aa6be3b0638b5af83976e61a214bd9c37,False,True,survivorship-biased exploratory evidence; not Formal Candidate,8015.T,Toyota Tsusho Corp.,Trading companies,2021-12-21,100
0f6c05bff4831033,tgs_stable_v2_universe_lab,U15,43d5dd5aa6be3b0638b5af83976e61a214bd9c37,False,True,survivorship-biased exploratory evidence; not Formal Candidate,8053.T,Sumitomo Corp.,Trading companies,2021-12-21,100
0f6c05bff4831033,tgs_stable_v2_universe_lab,U15,43d5dd5aa6be3b0638b5af83976e61a214bd9c37,False,True,survivorship-biased exploratory evidence; not Formal Candidate,8015.T,Toyota Tsusho Corp.,Trading companies,2021-12-22,100
0f6c05bff4831033,tgs_stable_v2_universe_lab,U15,43d5dd5aa6be3b0638b5af83976e61a214bd9c37,False,True,survivorship-biased exploratory evidence; not Formal Candidate,8053.T,Sumitomo Corp.,Trading companies,2021-12-22,100
0f6c05bff4831033,tgs_stable_v2_universe_lab,U15,43d5dd5aa6be3b0638b5af83976e61a214bd9c37,False,True,survivorship-biased exploratory evidence; not Formal Candidate,8015.T,Toyota Tsusho Corp.,Trading companies,2021-12-23,100
0f6c05bff4831033,tgs_stable_v2_universe_lab,U15,43d5dd5aa6be3b0638b5af83976e61a214bd9c37,False,True,survivorship-biased exploratory evidence; not Formal Candidate,8053.T,Sumitomo Corp.,Trading companies,2021-12-23,100
0f6c05bff4831033,tgs_stable_v2_universe_lab,U15,43d5dd5aa6be3b0638b5af83976e61a214bd9c37,False,True,survivorship-biased exploratory evidence; not Formal Candidate,8031.T,"Mitsui & Co., Ltd.",Trading companies,2021-12-24,100
0f6c05bff4831033,tgs_stable_v2_universe_lab,U15,43d5dd5aa6be3b0638b5af83976e61a214bd9c37,False,True,survivorship-biased exploratory evidence; not Formal Candidate,8031.T,"Mitsui & Co., Ltd.",Trading companies,2021-12-27,100
0f6c05bff4831033,tgs_stable_v2_universe_lab,U15,43d5dd5aa6be3b0638b5af83976e61a214bd9c37,False,True,survivorship-biased exploratory evidence; not Formal Candidate,8031.T,"Mitsui & Co., Ltd.",Trading companies,2021-12-28,100
0f6c05bff4831033,tgs_stable_v2_universe_lab,U15,43d5dd5aa6be3b0638b5af83976e61a214bd9c37,False,True,survivorship-biased exploratory evidence; not Formal Candidate,8031.T,"Mitsui & Co., Ltd.",Trading companies,2021-12-29,100
0f6c05bff4831033,tgs_stable_v2_universe_lab,U15,43d5dd5aa6be3b0638b5af83976e61a214bd9c37,False,True,survivorship-biased exploratory evidence; not Formal Candidate,8031.T,"Mitsui & Co., Ltd.",Trading companies,2021-12-30,100
0f6c05bff4831033,tgs_stable_v2_universe_lab,U15,43d5dd5aa6be3b0638b5af83976e61a214bd9c37,False,True,survivorship-biased exploratory evidence; not Formal Candidate,5802.T,"Sumitomo Electric Industries, Ltd.",Nonferrous metals,2022-01-07,100
0f6c05bff4831033,tgs_stable_v2_universe_lab,U15,43d5dd5aa6be3b0638b5af83976e61a214bd9c37,False,True,survivorship-biased exploratory evidence; not Formal Candidate,6301.T,Komatsu Ltd.,Machinery,2022-01-07,100
0f6c05bff4831033,tgs_stable_v2_universe_lab,U15,43d5dd5aa6be3b0638b5af83976e61a214bd9c37,False,True,survivorship-biased exploratory evidence; not Formal Candidate,8001.T,Itochu Corp.,Trading companies,2022-01-14,90
0f6c05bff4831033,tgs_stable_v2_universe_lab,U15,43d5dd5aa6be3b0638b5af83976e61a214bd9c37,False,True,survivorship-biased exploratory evidence; not Formal Candidate,8015.T,Toyota Tsusho Corp.,Trading companies,2022-01-14,90
0f6c05bff4831033,tgs_stable_v2_universe_lab,U15,43d5dd5aa6be3b0638b5af83976e61a214bd9c37,False,True,survivorship-biased exploratory evidence; not Formal Candidate,8031.T,"Mitsui & Co., Ltd.",Trading companies,2022-01-14,90
0f6c05bff4831033,tgs_stable_v2_universe_lab,U15,43d5dd5aa6be3b0638b5af83976e61a214bd9c37,False,True,survivorship-biased exploratory evidence; not Formal Candidate,8053.T,Sumitomo Corp.,Trading companies,2022-01-14,90
0f6c05bff4831033,tgs_stable_v2_universe_lab,U15,43d5dd5aa6be3b0638b5af83976e61a214bd9c37,False,True,survivorship-biased exploratory evidence; not Formal Candidate,8002.T,Marubeni Corp.,Trading companies,2022-01-19,90
0f6c05bff4831033,tgs_stable_v2_universe_lab,U15,43d5dd5aa6be3b0638b5af83976e61a214bd9c37,False,True,survivorship-biased exploratory evidence; not Formal Candidate,8001.T,Itochu Corp.,Trading companies,2022-01-20,90
0f6c05bff4831033,tgs_stable_v2_universe_lab,U15,43d5dd5aa6be3b0638b5af83976e61a214bd9c37,False,True,survivorship-biased exploratory evidence; not Formal Candidate,8001.T,Itochu Corp.,Trading companies,2022-01-21,90
0f6c05bff4831033,tgs_stable_v2_universe_lab,U15,43d5dd5aa6be3b0638b5af83976e61a214bd9c37,False,True,survivorship-biased exploratory evidence; not Formal Candidate,8001.T,Itochu Corp.,Trading companies,2022-01-24,90
0f6c05bff4831033,tgs_stable_v2_universe_lab,U15,43d5dd5aa6be3b0638b5af83976e61a214bd9c37,False,True,survivorship-biased exploratory evidence; not Formal Candidate,8001.T,Itochu Corp.,Trading companies,2022-01-27,90
0f6c05bff4831033,tgs_stable_v2_universe_lab,U15,43d5dd5aa6be3b0638b5af83976e61a214bd9c37,False,True,survivorship-biased exploratory evidence; not Formal Candidate,8002.T,Marubeni Corp.,Trading companies,2022-01-27,90
0f6c05bff4831033,tgs_stable_v2_universe_lab,U15,43d5dd5aa6be3b0638b5af83976e61a214bd9c37,False,True,survivorship-biased exploratory evidence; not Formal Candidate,8053.T,Sumitomo Corp.,Trading companies,2022-01-27,90
0f6c05bff4831033,tgs_stable_v2_universe_lab,U15,43d5dd5aa6be3b0638b5af83976e61a214bd9c37,False,True,survivorship-biased exploratory evidence; not Formal Candidate,5802.T,"Sumitomo Electric Industries, Ltd.",Nonferrous metals,2022-02-02,90
0f6c05bff4831033,tgs_stable_v2_universe_lab,U15,43d5dd5aa6be3b0638b5af83976e61a214bd9c37,False,True,survivorship-biased exploratory evidence; not Formal Candidate,8001.T,Itochu Corp.,Trading companies,2022-02-03,90
0f6c05bff4831033,tgs_stable_v2_universe_lab,U15,43d5dd5aa6be3b0638b5af83976e61a214bd9c37,False,True,survivorship-biased exploratory evidence; not Formal Candidate,8031.T,"Mitsui & Co., Ltd.",Trading companies,2022-02-03,90
0f6c05bff4831033,tgs_stable_v2_universe_lab,U15,43d5dd5aa6be3b0638b5af83976e61a214bd9c37,False,True,survivorship-biased exploratory evidence; not Formal Candidate,8058.T,Mitsubishi Corp.,Trading companies,2022-02-03,90
0f6c05bff4831033,tgs_stable_v2_universe_lab,U15,43d5dd5aa6be3b0638b5af83976e61a214bd9c37,False,True,survivorship-biased exploratory evidence; not Formal Candidate,5802.T,"Sumitomo Electric Industries, Ltd.",Nonferrous metals,2022-02-04,90
0f6c05bff4831033,tgs_stable_v2_universe_lab,U15,43d5dd5aa6be3b0638b5af83976e61a214bd9c37,False,True,survivorship-biased exploratory evidence; not Formal Candidate,8002.T,Marubeni Corp.,Trading companies,2022-02-04,90
0f6c05bff4831033,tgs_stable_v2_universe_lab,U15,43d5dd5aa6be3b0638b5af83976e61a214bd9c37,False,True,survivorship-biased exploratory evidence; not Formal Candidate,8058.T,Mitsubishi Corp.,Trading companies,2022-02-04,90
0f6c05bff4831033,tgs_stable_v2_universe_lab,U15,43d5dd5aa6be3b0638b5af83976e61a214bd9c37,False,True,survivorship-biased exploratory evidence; not Formal Candidate,5803.T,Fujikura Ltd.,Nonferrous metals,2022-02-14,120
0f6c05bff4831033,tgs_stable_v2_universe_lab,U15,43d5dd5aa6be3b0638b5af83976e61a214bd9c37,False,True,survivorship-biased exploratory evidence; not Formal Candidate,5803.T,Fujikura Ltd.,Nonferrous metals,2022-02-15,100
0f6c05bff4831033,tgs_stable_v2_universe_lab,U15,43d5dd5aa6be3b0638b5af83976e61a214bd9c37,False,True,survivorship-biased exploratory evidence; not Formal Candidate,5803.T,Fujikura Ltd.,Nonferrous metals,2022-02-16,100
0f6c05bff4831033,tgs_stable_v2_universe_lab,U15,43d5dd5aa6be3b0638b5af83976e61a214bd9c37,False,True,survivorship-biased exploratory evidence; not Formal Candidate,5803.T,Fujikura Ltd.,Nonferrous metals,2022-02-17,100
0f6c05bff4831033,tgs_stable_v2_universe_lab,U15,43d5dd5aa6be3b0638b5af83976e61a214bd9c37,False,True,survivorship-biased exploratory evidence; not Formal Candidate,8801.T,"Mitsui Fudosan Co., Ltd.",Real estate,2022-02-17,100
0f6c05bff4831033,tgs_stable_v2_universe_lab,U15,43d5dd5aa6be3b0638b5af83976e61a214bd9c37,False,True,survivorship-biased exploratory evidence; not Formal Candidate,5803.T,Fujikura Ltd.,Nonferrous metals,2022-02-24,90
0f6c05bff4831033,tgs_stable_v2_universe_lab,U15,43d5dd5aa6be3b0638b5af83976e61a214bd9c37,False,True,survivorship-biased exploratory evidence; not Formal Candidate,8031.T,"Mitsui & Co., Ltd.",Trading companies,2022-02-24,90
0f6c05bff4831033,tgs_stable_v2_universe_lab,U15,43d5dd5aa6be3b0638b5af83976e61a214bd9c37,False,True,survivorship-biased exploratory evidence; not Formal Candidate,8058.T,Mitsubishi Corp.,Trading companies,2022-02-24,90
0f6c05bff4831033,tgs_stable_v2_universe_lab,U15,43d5dd5aa6be3b0638b5af83976e61a214bd9c37,False,True,survivorship-biased exploratory evidence; not Formal Candidate,8001.T,Itochu Corp.,Trading companies,2022-02-28,90
0f6c05bff4831033,tgs_stable_v2_universe_lab,U15,43d5dd5aa6be3b0638b5af83976e61a214bd9c37,False,True,survivorship-biased exploratory evidence; not Formal Candidate,8031.T,"Mitsui & Co., Ltd.",Trading companies,2022-02-28,90
0f6c05bff4831033,tgs_stable_v2_universe_lab,U15,43d5dd5aa6be3b0638b5af83976e61a214bd9c37,False,True,survivorship-biased exploratory evidence; not Formal Candidate,8053.T,Sumitomo Corp.,Trading companies,2022-02-28,90
0f6c05bff4831033,tgs_stable_v2_universe_lab,U15,43d5dd5aa6be3b0638b5af83976e61a214bd9c37,False,True,survivorship-biased exploratory evidence; not Formal Candidate,8031.T,"Mitsui & Co., Ltd.",Trading companies,2022-03-01,90
0f6c05bff4831033,tgs_stable_v2_universe_lab,U15,43d5dd5aa6be3b0638b5af83976e61a214bd9c37,False,True,survivorship-biased exploratory evidence; not Formal Candidate,8031.T,"Mitsui & Co., Ltd.",Trading companies,2022-03-07,90
0f6c05bff4831033,tgs_stable_v2_universe_lab,U15,43d5dd5aa6be3b0638b5af83976e61a214bd9c37,False,True,survivorship-biased exploratory evidence; not Formal Candidate,8058.T,Mitsubishi Corp.,Trading companies,2022-03-07,90
0f6c05bff4831033,tgs_stable_v2_universe_lab,U15,43d5dd5aa6be3b0638b5af83976e61a214bd9c37,False,True,survivorship-biased exploratory evidence; not Formal Candidate,7011.T,"Mitsubishi Heavy Industries, Ltd.",Machinery,2022-03-08,90
0f6c05bff4831033,tgs_stable_v2_universe_lab,U15,43d5dd5aa6be3b0638b5af83976e61a214bd9c37,False,True,survivorship-biased exploratory evidence; not Formal Candidate,8001.T,Itochu Corp.,Trading companies,2022-03-08,90
0f6c05bff4831033,tgs_stable_v2_universe_lab,U15,43d5dd5aa6be3b0638b5af83976e61a214bd9c37,False,True,survivorship-biased exploratory evidence; not Formal Candidate,8053.T,Sumitomo Corp.,Trading companies,2022-03-08,90
0f6c05bff4831033,tgs_stable_v2_universe_lab,U15,43d5dd5aa6be3b0638b5af83976e61a214bd9c37,False,True,survivorship-biased exploratory evidence; not Formal Candidate,8058.T,Mitsubishi Corp.,Trading companies,2022-03-08,90
0f6c05bff4831033,tgs_stable_v2_universe_lab,U15,43d5dd5aa6be3b0638b5af83976e61a214bd9c37,False,True,survivorship-biased exploratory evidence; not Formal Candidate,6301.T,Komatsu Ltd.,Machinery,2022-03-18,100
0f6c05bff4831033,tgs_stable_v2_universe_lab,U15,43d5dd5aa6be3b0638b5af83976e61a214bd9c37,False,True,survivorship-biased exploratory evidence; not Formal Candidate,8058.T,Mitsubishi Corp.,Trading companies,2022-03-18,90
0f6c05bff4831033,tgs_stable_v2_universe_lab,U15,43d5dd5aa6be3b0638b5af83976e61a214bd9c37,False,True,survivorship-biased exploratory evidence; not Formal Candidate,6301.T,Komatsu Ltd.,Machinery,2022-03-22,100
0f6c05bff4831033,tgs_stable_v2_universe_lab,U15,43d5dd5aa6be3b0638b5af83976e61a214bd9c37,False,True,survivorship-biased exploratory evidence; not Formal Candidate,8801.T,"Mitsui Fudosan Co., Ltd.",Real estate,2022-03-30,90
0f6c05bff4831033,tgs_stable_v2_universe_lab,U15,43d5dd5aa6be3b0638b5af83976e61a214bd9c37,False,True,survivorship-biased exploratory evidence; not Formal Candidate,8058.T,Mitsubishi Corp.,Trading companies,2022-04-08,90
0f6c05bff4831033,tgs_stable_v2_universe_lab,U15,43d5dd5aa6be3b0638b5af83976e61a214bd9c37,False,True,survivorship-biased exploratory evidence; not Formal Candidate,6301.T,Komatsu Ltd.,Machinery,2022-04-27,90
0f6c05bff4831033,tgs_stable_v2_universe_lab,U15,43d5dd5aa6be3b0638b5af83976e61a214bd9c37,False,True,survivorship-biased exploratory evidence; not Formal Candidate,8058.T,Mitsubishi Corp.,Trading companies,2022-04-27,90
0f6c05bff4831033,tgs_stable_v2_universe_lab,U15,43d5dd5aa6be3b0638b5af83976e61a214bd9c37,False,True,survivorship-biased exploratory evidence; not Formal Candidate,8801.T,"Mitsui Fudosan Co., Ltd.",Real estate,2022-04-27,90
0f6c05bff4831033,tgs_stable_v2_universe_lab,U15,43d5dd5aa6be3b0638b5af83976e61a214bd9c37,False,True,survivorship-biased exploratory evidence; not Formal Candidate,8802.T,"Mitsubishi Estate Co., Ltd.",Real estate,2022-04-27,90
0f6c05bff4831033,tgs_stable_v2_universe_lab,U15,43d5dd5aa6be3b0638b5af83976e61a214bd9c37,False,True,survivorship-biased exploratory evidence; not Formal Candidate,6301.T,Komatsu Ltd.,Machinery,2022-04-28,90
0f6c05bff4831033,tgs_stable_v2_universe_lab,U15,43d5dd5aa6be3b0638b5af83976e61a214bd9c37,False,True,survivorship-biased exploratory evidence; not Formal Candidate,6301.T,Komatsu Ltd.,Machinery,2022-05-02,90
0f6c05bff4831033,tgs_stable_v2_universe_lab,U15,43d5dd5aa6be3b0638b5af83976e61a214bd9c37,False,True,survivorship-biased exploratory evidence; not Formal Candidate,8031.T,"Mitsui & Co., Ltd.",Trading companies,2022-05-02,90
0f6c05bff4831033,tgs_stable_v2_universe_lab,U15,43d5dd5aa6be3b0638b5af83976e61a214bd9c37,False,True,survivorship-biased exploratory evidence; not Formal Candidate,5803.T,Fujikura Ltd.,Nonferrous metals,2022-05-06,100
0f6c05bff4831033,tgs_stable_v2_universe_lab,U15,43d5dd5aa6be3b0638b5af83976e61a214bd9c37,False,True,survivorship-biased exploratory evidence; not Formal Candidate,8002.T,Marubeni Corp.,Trading companies,2022-05-06,90
0f6c05bff4831033,tgs_stable_v2_universe_lab,U15,43d5dd5aa6be3b0638b5af83976e61a214bd9c37,False,True,survivorship-biased exploratory evidence; not Formal Candidate,8031.T,"Mitsui & Co., Ltd.",Trading companies,2022-05-06,90
0f6c05bff4831033,tgs_stable_v2_universe_lab,U15,43d5dd5aa6be3b0638b5af83976e61a214bd9c37,False,True,survivorship-biased exploratory evidence; not Formal Candidate,5803.T,Fujikura Ltd.,Nonferrous metals,2022-05-09,100
0f6c05bff4831033,tgs_stable_v2_universe_lab,U15,43d5dd5aa6be3b0638b5af83976e61a214bd9c37,False,True,survivorship-biased exploratory evidence; not Formal Candidate,6301.T,Komatsu Ltd.,Machinery,2022-05-09,90
0f6c05bff4831033,tgs_stable_v2_universe_lab,U15,43d5dd5aa6be3b0638b5af83976e61a214bd9c37,False,True,survivorship-biased exploratory evidence; not Formal Candidate,8002.T,Marubeni Corp.,Trading companies,2022-05-09,90
0f6c05bff4831033,tgs_stable_v2_universe_lab,U15,43d5dd5aa6be3b0638b5af83976e61a214bd9c37,False,True,survivorship-biased exploratory evidence; not Formal Candidate,5803.T,Fujikura Ltd.,Nonferrous metals,2022-05-10,100
0f6c05bff4831033,tgs_stable_v2_universe_lab,U15,43d5dd5aa6be3b0638b5af83976e61a214bd9c37,False,True,survivorship-biased exploratory evidence; not Formal Candidate,8031.T,"Mitsui & Co., Ltd.",Trading companies,2022-05-10,90
0f6c05bff4831033,tgs_stable_v2_universe_lab,U15,43d5dd5aa6be3b0638b5af83976e61a214bd9c37,False,True,survivorship-biased exploratory evidence; not Formal Candidate,5803.T,Fujikura Ltd.,Nonferrous metals,2022-05-11,100
0f6c05bff4831033,tgs_stable_v2_universe_lab,U15,43d5dd5aa6be3b0638b5af83976e61a214bd9c37,False,True,survivorship-biased exploratory evidence; not Formal Candidate,5803.T,Fujikura Ltd.,Nonferrous metals,2022-05-12,100
0f6c05bff4831033,tgs_stable_v2_universe_lab,U15,43d5dd5aa6be3b0638b5af83976e61a214bd9c37,False,True,survivorship-biased exploratory evidence; not Formal Candidate,7011.T,"Mitsubishi Heavy Industries, Ltd.",Machinery,2022-05-12,90
0f6c05bff4831033,tgs_stable_v2_universe_lab,U15,43d5dd5aa6be3b0638b5af83976e61a214bd9c37,False,True,survivorship-biased exploratory evidence; not Formal Candidate,5801.T,"The Furukawa Electric Co., Ltd.",Nonferrous metals,2022-05-13,90
0f6c05bff4831033,tgs_stable_v2_universe_lab,U15,43d5dd5aa6be3b0638b5af83976e61a214bd9c37,False,True,survivorship-biased exploratory evidence; not Formal Candidate,5801.T,"The Furukawa Electric Co., Ltd.",Nonferrous metals,2022-05-16,90
0f6c05bff4831033,tgs_stable_v2_universe_lab,U15,43d5dd5aa6be3b0638b5af83976e61a214bd9c37,False,True,survivorship-biased exploratory evidence; not Formal Candidate,5801.T,"The Furukawa Electric Co., Ltd.",Nonferrous metals,2022-05-18,90
0f6c05bff4831033,tgs_stable_v2_universe_lab,U15,43d5dd5aa6be3b0638b5af83976e61a214bd9c37,False,True,survivorship-biased exploratory evidence; not Formal Candidate,8801.T,"Mitsui Fudosan Co., Ltd.",Real estate,2022-05-25,90
0f6c05bff4831033,tgs_stable_v2_universe_lab,U15,43d5dd5aa6be3b0638b5af83976e61a214bd9c37,False,True,survivorship-biased exploratory evidence; not Formal Candidate,6301.T,Komatsu Ltd.,Machinery,2022-05-31,90
0f6c05bff4831033,tgs_stable_v2_universe_lab,U15,43d5dd5aa6be3b0638b5af83976e61a214bd9c37,False,True,survivorship-biased exploratory evidence; not Formal Candidate,7011.T,"Mitsubishi Heavy Industries, Ltd.",Machinery,2022-05-31,90
0f6c05bff4831033,tgs_stable_v2_universe_lab,U15,43d5dd5aa6be3b0638b5af83976e61a214bd9c37,False,True,survivorship-biased exploratory evidence; not Formal Candidate,8801.T,"Mitsui Fudosan Co., Ltd.",Real estate,2022-05-31,90
0f6c05bff4831033,tgs_stable_v2_universe_lab,U15,43d5dd5aa6be3b0638b5af83976e61a214bd9c37,False,True,survivorship-biased exploratory evidence; not Formal Candidate,8802.T,"Mitsubishi Estate Co., Ltd.",Real estate,2022-05-31,90
0f6c05bff4831033,tgs_stable_v2_universe_lab,U15,43d5dd5aa6be3b0638b5af83976e61a214bd9c37,False,True,survivorship-biased exploratory evidence; not Formal Candidate,5802.T,"Sumitomo Electric Industries, Ltd.",Nonferrous metals,2022-06-03,100
0f6c05bff4831033,tgs_stable_v2_universe_lab,U15,43d5dd5aa6be3b0638b5af83976e61a214bd9c37,False,True,survivorship-biased exploratory evidence; not Formal Candidate,8015.T,Toyota Tsusho Corp.,Trading companies,2022-06-03,100
0f6c05bff4831033,tgs_stable_v2_universe_lab,U15,43d5dd5aa6be3b0638b5af83976e61a214bd9c37,False,True,survivorship-biased exploratory evidence; not Formal Candidate,5802.T,"Sumitomo Electric Industries, Ltd.",Nonferrous metals,2022-06-06,100
0f6c05bff4831033,tgs_stable_v2_universe_lab,U15,43d5dd5aa6be3b0638b5af83976e61a214bd9c37,False,True,survivorship-biased exploratory evidence; not Formal Candidate,8015.T,Toyota Tsusho Corp.,Trading companies,2022-06-06,100
0f6c05bff4831033,tgs_stable_v2_universe_lab,U15,43d5dd5aa6be3b0638b5af83976e61a214bd9c37,False,True,survivorship-biased exploratory evidence; not Formal Candidate,5802.T,"Sumitomo Electric Industries, Ltd.",Nonferrous metals,2022-06-07,100
0f6c05bff4831033,tgs_stable_v2_universe_lab,U15,43d5dd5aa6be3b0638b5af83976e61a214bd9c37,False,True,survivorship-biased exploratory evidence; not Formal Candidate,8015.T,Toyota Tsusho Corp.,Trading companies,2022-06-07,100
0f6c05bff4831033,tgs_stable_v2_universe_lab,U15,43d5dd5aa6be3b0638b5af83976e61a214bd9c37,False,True,survivorship-biased exploratory evidence; not Formal Candidate,6367.T,"Daikin Industries, Ltd.",Machinery,2022-06-10,120
0f6c05bff4831033,tgs_stable_v2_universe_lab,U15,43d5dd5aa6be3b0638b5af83976e61a214bd9c37,False,True,survivorship-biased exploratory evidence; not Formal Candidate,6273.T,SMC Corporation,Machinery,2022-06-13,90
0f6c05bff4831033,tgs_stable_v2_universe_lab,U15,43d5dd5aa6be3b0638b5af83976e61a214bd9c37,False,True,survivorship-biased exploratory evidence; not Formal Candidate,6367.T,"Daikin Industries, Ltd.",Machinery,2022-06-13,100
0f6c05bff4831033,tgs_stable_v2_universe_lab,U15,43d5dd5aa6be3b0638b5af83976e61a214bd9c37,False,True,survivorship-biased exploratory evidence; not Formal Candidate,8058.T,Mitsubishi Corp.,Trading companies,2022-06-13,100
0f6c05bff4831033,tgs_stable_v2_universe_lab,U15,43d5dd5aa6be3b0638b5af83976e61a214bd9c37,False,True,survivorship-biased exploratory evidence; not Formal Candidate,6367.T,"Daikin Industries, Ltd.",Machinery,2022-06-14,100
0f6c05bff4831033,tgs_stable_v2_universe_lab,U15,43d5dd5aa6be3b0638b5af83976e61a214bd9c37,False,True,survivorship-biased exploratory evidence; not Formal Candidate,8058.T,Mitsubishi Corp.,Trading companies,2022-06-14,100
0f6c05bff4831033,tgs_stable_v2_universe_lab,U15,43d5dd5aa6be3b0638b5af83976e61a214bd9c37,False,True,survivorship-biased exploratory evidence; not Formal Candidate,6367.T,"Daikin Industries, Ltd.",Machinery,2022-06-15,100
0f6c05bff4831033,tgs_stable_v2_universe_lab,U15,43d5dd5aa6be3b0638b5af83976e61a214bd9c37,False,True,survivorship-biased exploratory evidence; not Formal Candidate,8058.T,Mitsubishi Corp.,Trading companies,2022-06-15,100
0f6c05bff4831033,tgs_stable_v2_universe_lab,U15,43d5dd5aa6be3b0638b5af83976e61a214bd9c37,False,True,survivorship-biased exploratory evidence; not Formal Candidate,6367.T,"Daikin Industries, Ltd.",Machinery,2022-06-16,100
0f6c05bff4831033,tgs_stable_v2_universe_lab,U15,43d5dd5aa6be3b0638b5af83976e61a214bd9c37,False,True,survivorship-biased exploratory evidence; not Formal Candidate,8058.T,Mitsubishi Corp.,Trading companies,2022-06-16,100
0f6c05bff4831033,tgs_stable_v2_universe_lab,U15,43d5dd5aa6be3b0638b5af83976e61a214bd9c37,False,True,survivorship-biased exploratory evidence; not Formal Candidate,6301.T,Komatsu Ltd.,Machinery,2022-06-17,90
0f6c05bff4831033,tgs_stable_v2_universe_lab,U15,43d5dd5aa6be3b0638b5af83976e61a214bd9c37,False,True,survivorship-biased exploratory evidence; not Formal Candidate,8801.T,"Mitsui Fudosan Co., Ltd.",Real estate,2022-06-17,90
0f6c05bff4831033,tgs_stable_v2_universe_lab,U15,43d5dd5aa6be3b0638b5af83976e61a214bd9c37,False,True,survivorship-biased exploratory evidence; not Formal Candidate,8802.T,"Mitsubishi Estate Co., Ltd.",Real estate,2022-06-17,90
0f6c05bff4831033,tgs_stable_v2_universe_lab,U15,43d5dd5aa6be3b0638b5af83976e61a214bd9c37,False,True,survivorship-biased exploratory evidence; not Formal Candidate,6301.T,Komatsu Ltd.,Machinery,2022-06-29,90
0f6c05bff4831033,tgs_stable_v2_universe_lab,U15,43d5dd5aa6be3b0638b5af83976e61a214bd9c37,False,True,survivorship-biased exploratory evidence; not Formal Candidate,6367.T,"Daikin Industries, Ltd.",Machinery,2022-06-29,90
0f6c05bff4831033,tgs_stable_v2_universe_lab,U15,43d5dd5aa6be3b0638b5af83976e61a214bd9c37,False,True,survivorship-biased exploratory evidence; not Formal Candidate,8801.T,"Mitsui Fudosan Co., Ltd.",Real estate,2022-06-29,90
0f6c05bff4831033,tgs_stable_v2_universe_lab,U15,43d5dd5aa6be3b0638b5af83976e61a214bd9c37,False,True,survivorship-biased exploratory evidence; not Formal Candidate,8802.T,"Mitsubishi Estate Co., Ltd.",Real estate,2022-06-29,90
0f6c05bff4831033,tgs_stable_v2_universe_lab,U15,43d5dd5aa6be3b0638b5af83976e61a214bd9c37,False,True,survivorship-biased exploratory evidence; not Formal Candidate,5802.T,"Sumitomo Electric Industries, Ltd.",Nonferrous metals,2022-07-29,90
0f6c05bff4831033,tgs_stable_v2_universe_lab,U15,43d5dd5aa6be3b0638b5af83976e61a214bd9c37,False,True,survivorship-biased exploratory evidence; not Formal Candidate,6273.T,SMC Corporation,Machinery,2022-07-29,100
0f6c05bff4831033,tgs_stable_v2_universe_lab,U15,43d5dd5aa6be3b0638b5af83976e61a214bd9c37,False,True,survivorship-biased exploratory evidence; not Formal Candidate,6273.T,SMC Corporation,Machinery,2022-08-02,100
0f6c05bff4831033,tgs_stable_v2_universe_lab,U15,43d5dd5aa6be3b0638b5af83976e61a214bd9c37,False,True,survivorship-biased exploratory evidence; not Formal Candidate,6273.T,SMC Corporation,Machinery,2022-08-03,100
0f6c05bff4831033,tgs_stable_v2_universe_lab,U15,43d5dd5aa6be3b0638b5af83976e61a214bd9c37,False,True,survivorship-biased exploratory evidence; not Formal Candidate,6367.T,"Daikin Industries, Ltd.",Machinery,2022-08-03,90
0f6c05bff4831033,tgs_stable_v2_universe_lab,U15,43d5dd5aa6be3b0638b5af83976e61a214bd9c37,False,True,survivorship-biased exploratory evidence; not Formal Candidate,5802.T,"Sumitomo Electric Industries, Ltd.",Nonferrous metals,2022-08-04,90
0f6c05bff4831033,tgs_stable_v2_universe_lab,U15,43d5dd5aa6be3b0638b5af83976e61a214bd9c37,False,True,survivorship-biased exploratory evidence; not Formal Candidate,6273.T,SMC Corporation,Machinery,2022-08-04,100
0f6c05bff4831033,tgs_stable_v2_universe_lab,U15,43d5dd5aa6be3b0638b5af83976e61a214bd9c37,False,True,survivorship-biased exploratory evidence; not Formal Candidate,6273.T,SMC Corporation,Machinery,2022-08-12,90
0f6c05bff4831033,tgs_stable_v2_universe_lab,U15,43d5dd5aa6be3b0638b5af83976e61a214bd9c37,False,True,survivorship-biased exploratory evidence; not Formal Candidate,8015.T,Toyota Tsusho Corp.,Trading companies,2022-08-12,120
0f6c05bff4831033,tgs_stable_v2_universe_lab,U15,43d5dd5aa6be3b0638b5af83976e61a214bd9c37,False,True,survivorship-biased exploratory evidence; not Formal Candidate,8015.T,Toyota Tsusho Corp.,Trading companies,2022-08-15,100
0f6c05bff4831033,tgs_stable_v2_universe_lab,U15,43d5dd5aa6be3b0638b5af83976e61a214bd9c37,False,True,survivorship-biased exploratory evidence; not Formal Candidate,8015.T,Toyota Tsusho Corp.,Trading companies,2022-08-16,100
0f6c05bff4831033,tgs_stable_v2_universe_lab,U15,43d5dd5aa6be3b0638b5af83976e61a214bd9c37,False,True,survivorship-biased exploratory evidence; not Formal Candidate,8015.T,Toyota Tsusho Corp.,Trading companies,2022-08-17,100
0f6c05bff4831033,tgs_stable_v2_universe_lab,U15,43d5dd5aa6be3b0638b5af83976e61a214bd9c37,False,True,survivorship-biased exploratory evidence; not Formal Candidate,8015.T,Toyota Tsusho Corp.,Trading companies,2022-08-18,100
0f6c05bff4831033,tgs_stable_v2_universe_lab,U15,43d5dd5aa6be3b0638b5af83976e61a214bd9c37,False,True,survivorship-biased exploratory evidence; not Formal Candidate,8015.T,Toyota Tsusho Corp.,Trading companies,2022-08-24,90
0f6c05bff4831033,tgs_stable_v2_universe_lab,U15,43d5dd5aa6be3b0638b5af83976e61a214bd9c37,False,True,survivorship-biased exploratory evidence; not Formal Candidate,8001.T,Itochu Corp.,Trading companies,2022-08-26,100
0f6c05bff4831033,tgs_stable_v2_universe_lab,U15,43d5dd5aa6be3b0638b5af83976e61a214bd9c37,False,True,survivorship-biased exploratory evidence; not Formal Candidate,8001.T,Itochu Corp.,Trading companies,2022-08-29,100
0f6c05bff4831033,tgs_stable_v2_universe_lab,U15,43d5dd5aa6be3b0638b5af83976e61a214bd9c37,False,True,survivorship-biased exploratory evidence; not Formal Candidate,8001.T,Itochu Corp.,Trading companies,2022-08-30,100
0f6c05bff4831033,tgs_stable_v2_universe_lab,U15,43d5dd5aa6be3b0638b5af83976e61a214bd9c37,False,True,survivorship-biased exploratory evidence; not Formal Candidate,8001.T,Itochu Corp.,Trading companies,2022-08-31,120
0f6c05bff4831033,tgs_stable_v2_universe_lab,U15,43d5dd5aa6be3b0638b5af83976e61a214bd9c37,False,True,survivorship-biased exploratory evidence; not Formal Candidate,8002.T,Marubeni Corp.,Trading companies,2022-08-31,100
0f6c05bff4831033,tgs_stable_v2_universe_lab,U15,43d5dd5aa6be3b0638b5af83976e61a214bd9c37,False,True,survivorship-biased exploratory evidence; not Formal Candidate,8031.T,"Mitsui & Co., Ltd.",Trading companies,2022-08-31,120
0f6c05bff4831033,tgs_stable_v2_universe_lab,U15,43d5dd5aa6be3b0638b5af83976e61a214bd9c37,False,True,survivorship-biased exploratory evidence; not Formal Candidate,8001.T,Itochu Corp.,Trading companies,2022-09-01,100
0f6c05bff4831033,tgs_stable_v2_universe_lab,U15,43d5dd5aa6be3b0638b5af83976e61a214bd9c37,False,True,survivorship-biased exploratory evidence; not Formal Candidate,8002.T,Marubeni Corp.,Trading companies,2022-09-01,120
0f6c05bff4831033,tgs_stable_v2_universe_lab,U15,43d5dd5aa6be3b0638b5af83976e61a214bd9c37,False,True,survivorship-biased exploratory evidence; not Formal Candidate,8031.T,"Mitsui & Co., Ltd.",Trading companies,2022-09-01,100
0f6c05bff4831033,tgs_stable_v2_universe_lab,U15,43d5dd5aa6be3b0638b5af83976e61a214bd9c37,False,True,survivorship-biased exploratory evidence; not Formal Candidate,8058.T,Mitsubishi Corp.,Trading companies,2022-09-01,100
0f6c05bff4831033,tgs_stable_v2_universe_lab,U15,43d5dd5aa6be3b0638b5af83976e61a214bd9c37,False,True,survivorship-biased exploratory evidence; not Formal Candidate,6273.T,SMC Corporation,Machinery,2022-09-06,90
0f6c05bff4831033,tgs_stable_v2_universe_lab,U15,43d5dd5aa6be3b0638b5af83976e61a214bd9c37,False,True,survivorship-biased exploratory evidence; not Formal Candidate,6273.T,SMC Corporation,Machinery,2022-09-07,90
0f6c05bff4831033,tgs_stable_v2_universe_lab,U15,43d5dd5aa6be3b0638b5af83976e61a214bd9c37,False,True,survivorship-biased exploratory evidence; not Formal Candidate,6273.T,SMC Corporation,Machinery,2022-09-08,90
0f6c05bff4831033,tgs_stable_v2_universe_lab,U15,43d5dd5aa6be3b0638b5af83976e61a214bd9c37,False,True,survivorship-biased exploratory evidence; not Formal Candidate,8015.T,Toyota Tsusho Corp.,Trading companies,2022-09-09,90
0f6c05bff4831033,tgs_stable_v2_universe_lab,U15,43d5dd5aa6be3b0638b5af83976e61a214bd9c37,False,True,survivorship-biased exploratory evidence; not Formal Candidate,8053.T,Sumitomo Corp.,Trading companies,2022-09-09,100
0f6c05bff4831033,tgs_stable_v2_universe_lab,U15,43d5dd5aa6be3b0638b5af83976e61a214bd9c37,False,True,survivorship-biased exploratory evidence; not Formal Candidate,8053.T,Sumitomo Corp.,Trading companies,2022-09-12,100
0f6c05bff4831033,tgs_stable_v2_universe_lab,U15,43d5dd5aa6be3b0638b5af83976e61a214bd9c37,False,True,survivorship-biased exploratory evidence; not Formal Candidate,8053.T,Sumitomo Corp.,Trading companies,2022-09-13,100
0f6c05bff4831033,tgs_stable_v2_universe_lab,U15,43d5dd5aa6be3b0638b5af83976e61a214bd9c37,False,True,survivorship-biased exploratory evidence; not Formal Candidate,8053.T,Sumitomo Corp.,Trading companies,2022-09-14,100
0f6c05bff4831033,tgs_stable_v2_universe_lab,U15,43d5dd5aa6be3b0638b5af83976e61a214bd9c37,False,True,survivorship-biased exploratory evidence; not Formal Candidate,8053.T,Sumitomo Corp.,Trading companies,2022-09-15,100
0f6c05bff4831033,tgs_stable_v2_universe_lab,U15,43d5dd5aa6be3b0638b5af83976e61a214bd9c37,False,True,survivorship-biased exploratory evidence; not Formal Candidate,8031.T,"Mitsui & Co., Ltd.",Trading companies,2022-09-26,90
0f6c05bff4831033,tgs_stable_v2_universe_lab,U15,43d5dd5aa6be3b0638b5af83976e61a214bd9c37,False,True,survivorship-biased exploratory evidence; not Formal Candidate,8031.T,"Mitsui & Co., Ltd.",Trading companies,2022-09-28,90
0f6c05bff4831033,tgs_stable_v2_universe_lab,U15,43d5dd5aa6be3b0638b5af83976e61a214bd9c37,False,True,survivorship-biased exploratory evidence; not Formal Candidate,8031.T,"Mitsui & Co., Ltd.",Trading companies,2022-09-29,90
0f6c05bff4831033,tgs_stable_v2_universe_lab,U15,43d5dd5aa6be3b0638b5af83976e61a214bd9c37,False,True,survivorship-biased exploratory evidence; not Formal Candidate,8031.T,"Mitsui & Co., Ltd.",Trading companies,2022-10-28,90
0f6c05bff4831033,tgs_stable_v2_universe_lab,U15,43d5dd5aa6be3b0638b5af83976e61a214bd9c37,False,True,survivorship-biased exploratory evidence; not Formal Candidate,8001.T,Itochu Corp.,Trading companies,2022-11-04,120
0f6c05bff4831033,tgs_stable_v2_universe_lab,U15,43d5dd5aa6be3b0638b5af83976e61a214bd9c37,False,True,survivorship-biased exploratory evidence; not Formal Candidate,8015.T,Toyota Tsusho Corp.,Trading companies,2022-11-04,100
0f6c05bff4831033,tgs_stable_v2_universe_lab,U15,43d5dd5aa6be3b0638b5af83976e61a214bd9c37,False,True,survivorship-biased exploratory evidence; not Formal Candidate,8053.T,Sumitomo Corp.,Trading companies,2022-11-04,100
0f6c05bff4831033,tgs_stable_v2_universe_lab,U15,43d5dd5aa6be3b0638b5af83976e61a214bd9c37,False,True,survivorship-biased exploratory evidence; not Formal Candidate,8015.T,Toyota Tsusho Corp.,Trading companies,2022-11-07,100
0f6c05bff4831033,tgs_stable_v2_universe_lab,U15,43d5dd5aa6be3b0638b5af83976e61a214bd9c37,False,True,survivorship-biased exploratory evidence; not Formal Candidate,8053.T,Sumitomo Corp.,Trading companies,2022-11-07,100
0f6c05bff4831033,tgs_stable_v2_universe_lab,U15,43d5dd5aa6be3b0638b5af83976e61a214bd9c37,False,True,survivorship-biased exploratory evidence; not Formal Candidate,8015.T,Toyota Tsusho Corp.,Trading companies,2022-11-09,100
0f6c05bff4831033,tgs_stable_v2_universe_lab,U15,43d5dd5aa6be3b0638b5af83976e61a214bd9c37,False,True,survivorship-biased exploratory evidence; not Formal Candidate,8015.T,Toyota Tsusho Corp.,Trading companies,2022-11-10,100
0f6c05bff4831033,tgs_stable_v2_universe_lab,U15,43d5dd5aa6be3b0638b5af83976e61a214bd9c37,False,True,survivorship-biased exploratory evidence; not Formal Candidate,5803.T,Fujikura Ltd.,Nonferrous metals,2022-11-11,100
0f6c05bff4831033,tgs_stable_v2_universe_lab,U15,43d5dd5aa6be3b0638b5af83976e61a214bd9c37,False,True,survivorship-biased exploratory evidence; not Formal Candidate,5803.T,Fujikura Ltd.,Nonferrous metals,2022-11-14,120
0f6c05bff4831033,tgs_stable_v2_universe_lab,U15,43d5dd5aa6be3b0638b5af83976e61a214bd9c37,False,True,survivorship-biased exploratory evidence; not Formal Candidate,8002.T,Marubeni Corp.,Trading companies,2022-11-14,100
0f6c05bff4831033,tgs_stable_v2_universe_lab,U15,43d5dd5aa6be3b0638b5af83976e61a214bd9c37,False,True,survivorship-biased exploratory evidence; not Formal Candidate,8002.T,Marubeni Corp.,Trading companies,2022-11-15,100
0f6c05bff4831033,tgs_stable_v2_universe_lab,U15,43d5dd5aa6be3b0638b5af83976e61a214bd9c37,False,True,survivorship-biased exploratory evidence; not Formal Candidate,8002.T,Marubeni Corp.,Trading companies,2022-11-17,100
0f6c05bff4831033,tgs_stable_v2_universe_lab,U15,43d5dd5aa6be3b0638b5af83976e61a214bd9c37,False,True,survivorship-biased exploratory evidence; not Formal Candidate,5802.T,"Sumitomo Electric Industries, Ltd.",Nonferrous metals,2022-11-18,100
0f6c05bff4831033,tgs_stable_v2_universe_lab,U15,43d5dd5aa6be3b0638b5af83976e61a214bd9c37,False,True,survivorship-biased exploratory evidence; not Formal Candidate,6273.T,SMC Corporation,Machinery,2022-11-18,100
0f6c05bff4831033,tgs_stable_v2_universe_lab,U15,43d5dd5aa6be3b0638b5af83976e61a214bd9c37,False,True,survivorship-biased exploratory evidence; not Formal Candidate,8058.T,Mitsubishi Corp.,Trading companies,2022-11-18,100
0f6c05bff4831033,tgs_stable_v2_universe_lab,U15,43d5dd5aa6be3b0638b5af83976e61a214bd9c37,False,True,survivorship-biased exploratory evidence; not Formal Candidate,5802.T,"Sumitomo Electric Industries, Ltd.",Nonferrous metals,2022-11-21,100
0f6c05bff4831033,tgs_stable_v2_universe_lab,U15,43d5dd5aa6be3b0638b5af83976e61a214bd9c37,False,True,survivorship-biased exploratory evidence; not Formal Candidate,6273.T,SMC Corporation,Machinery,2022-11-21,100
0f6c05bff4831033,tgs_stable_v2_universe_lab,U15,43d5dd5aa6be3b0638b5af83976e61a214bd9c37,False,True,survivorship-biased exploratory evidence; not Formal Candidate,8058.T,Mitsubishi Corp.,Trading companies,2022-11-21,100
0f6c05bff4831033,tgs_stable_v2_universe_lab,U15,43d5dd5aa6be3b0638b5af83976e61a214bd9c37,False,True,survivorship-biased exploratory evidence; not Formal Candidate,5802.T,"Sumitomo Electric Industries, Ltd.",Nonferrous metals,2022-11-22,100
0f6c05bff4831033,tgs_stable_v2_universe_lab,U15,43d5dd5aa6be3b0638b5af83976e61a214bd9c37,False,True,survivorship-biased exploratory evidence; not Formal Candidate,6273.T,SMC Corporation,Machinery,2022-11-22,100
0f6c05bff4831033,tgs_stable_v2_universe_lab,U15,43d5dd5aa6be3b0638b5af83976e61a214bd9c37,False,True,survivorship-biased exploratory evidence; not Formal Candidate,8058.T,Mitsubishi Corp.,Trading companies,2022-11-22,100
0f6c05bff4831033,tgs_stable_v2_universe_lab,U15,43d5dd5aa6be3b0638b5af83976e61a214bd9c37,False,True,survivorship-biased exploratory evidence; not Formal Candidate,5802.T,"Sumitomo Electric Industries, Ltd.",Nonferrous metals,2022-11-24,100
0f6c05bff4831033,tgs_stable_v2_universe_lab,U15,43d5dd5aa6be3b0638b5af83976e61a214bd9c37,False,True,survivorship-biased exploratory evidence; not Formal Candidate,6273.T,SMC Corporation,Machinery,2022-11-24,100
0f6c05bff4831033,tgs_stable_v2_universe_lab,U15,43d5dd5aa6be3b0638b5af83976e61a214bd9c37,False,True,survivorship-biased exploratory evidence; not Formal Candidate,8058.T,Mitsubishi Corp.,Trading companies,2022-11-24,100
0f6c05bff4831033,tgs_stable_v2_universe_lab,U15,43d5dd5aa6be3b0638b5af83976e61a214bd9c37,False,True,survivorship-biased exploratory evidence; not Formal Candidate,5802.T,"Sumitomo Electric Industries, Ltd.",Nonferrous metals,2022-11-30,90
0f6c05bff4831033,tgs_stable_v2_universe_lab,U15,43d5dd5aa6be3b0638b5af83976e61a214bd9c37,False,True,survivorship-biased exploratory evidence; not Formal Candidate,8015.T,Toyota Tsusho Corp.,Trading companies,2022-11-30,90
0f6c05bff4831033,tgs_stable_v2_universe_lab,U15,43d5dd5aa6be3b0638b5af83976e61a214bd9c37,False,True,survivorship-biased exploratory evidence; not Formal Candidate,5801.T,"The Furukawa Electric Co., Ltd.",Nonferrous metals,2022-12-09,90
0f6c05bff4831033,tgs_stable_v2_universe_lab,U15,43d5dd5aa6be3b0638b5af83976e61a214bd9c37,False,True,survivorship-biased exploratory evidence; not Formal Candidate,7011.T,"Mitsubishi Heavy Industries, Ltd.",Machinery,2022-12-16,120
0f6c05bff4831033,tgs_stable_v2_universe_lab,U15,43d5dd5aa6be3b0638b5af83976e61a214bd9c37,False,True,survivorship-biased exploratory evidence; not Formal Candidate,7011.T,"Mitsubishi Heavy Industries, Ltd.",Machinery,2022-12-19,100
0f6c05bff4831033,tgs_stable_v2_universe_lab,U15,43d5dd5aa6be3b0638b5af83976e61a214bd9c37,False,True,survivorship-biased exploratory evidence; not Formal Candidate,7011.T,"Mitsubishi Heavy Industries, Ltd.",Machinery,2022-12-20,100
0f6c05bff4831033,tgs_stable_v2_universe_lab,U15,43d5dd5aa6be3b0638b5af83976e61a214bd9c37,False,True,survivorship-biased exploratory evidence; not Formal Candidate,8002.T,Marubeni Corp.,Trading companies,2022-12-20,90
0f6c05bff4831033,tgs_stable_v2_universe_lab,U15,43d5dd5aa6be3b0638b5af83976e61a214bd9c37,False,True,survivorship-biased exploratory evidence; not Formal Candidate,8053.T,Sumitomo Corp.,Trading companies,2022-12-20,90
0f6c05bff4831033,tgs_stable_v2_universe_lab,U15,43d5dd5aa6be3b0638b5af83976e61a214bd9c37,False,True,survivorship-biased exploratory evidence; not Formal Candidate,7011.T,"Mitsubishi Heavy Industries, Ltd.",Machinery,2022-12-21,100
0f6c05bff4831033,tgs_stable_v2_universe_lab,U15,43d5dd5aa6be3b0638b5af83976e61a214bd9c37,False,True,survivorship-biased exploratory evidence; not Formal Candidate,7011.T,"Mitsubishi Heavy Industries, Ltd.",Machinery,2022-12-22,100
0f6c05bff4831033,tgs_stable_v2_universe_lab,U15,43d5dd5aa6be3b0638b5af83976e61a214bd9c37,False,True,survivorship-biased exploratory evidence; not Formal Candidate,6301.T,Komatsu Ltd.,Machinery,2023-01-20,100
0f6c05bff4831033,tgs_stable_v2_universe_lab,U15,43d5dd5aa6be3b0638b5af83976e61a214bd9c37,False,True,survivorship-biased exploratory evidence; not Formal Candidate,6301.T,Komatsu Ltd.,Machinery,2023-01-23,100
0f6c05bff4831033,tgs_stable_v2_universe_lab,U15,43d5dd5aa6be3b0638b5af83976e61a214bd9c37,False,True,survivorship-biased exploratory evidence; not Formal Candidate,6301.T,Komatsu Ltd.,Machinery,2023-01-24,100
0f6c05bff4831033,tgs_stable_v2_universe_lab,U15,43d5dd5aa6be3b0638b5af83976e61a214bd9c37,False,True,survivorship-biased exploratory evidence; not Formal Candidate,6273.T,SMC Corporation,Machinery,2023-01-30,100
0f6c05bff4831033,tgs_stable_v2_universe_lab,U15,43d5dd5aa6be3b0638b5af83976e61a214bd9c37,False,True,survivorship-biased exploratory evidence; not Formal Candidate,6273.T,SMC Corporation,Machinery,2023-01-31,100
0f6c05bff4831033,tgs_stable_v2_universe_lab,U15,43d5dd5aa6be3b0638b5af83976e61a214bd9c37,False,True,survivorship-biased exploratory evidence; not Formal Candidate,8053.T,Sumitomo Corp.,Trading companies,2023-01-31,90
0f6c05bff4831033,tgs_stable_v2_universe_lab,U15,43d5dd5aa6be3b0638b5af83976e61a214bd9c37,False,True,survivorship-biased exploratory evidence; not Formal Candidate,6301.T,Komatsu Ltd.,Machinery,2023-02-01,90
0f6c05bff4831033,tgs_stable_v2_universe_lab,U15,43d5dd5aa6be3b0638b5af83976e61a214bd9c37,False,True,survivorship-biased exploratory evidence; not Formal Candidate,8015.T,Toyota Tsusho Corp.,Trading companies,2023-02-02,100
0f6c05bff4831033,tgs_stable_v2_universe_lab,U15,43d5dd5aa6be3b0638b5af83976e61a214bd9c37,False,True,survivorship-biased exploratory evidence; not Formal Candidate,8053.T,Sumitomo Corp.,Trading companies,2023-02-02,90
0f6c05bff4831033,tgs_stable_v2_universe_lab,U15,43d5dd5aa6be3b0638b5af83976e61a214bd9c37,False,True,survivorship-biased exploratory evidence; not Formal Candidate,6367.T,"Daikin Industries, Ltd.",Machinery,2023-02-03,100
0f6c05bff4831033,tgs_stable_v2_universe_lab,U15,43d5dd5aa6be3b0638b5af83976e61a214bd9c37,False,True,survivorship-biased exploratory evidence; not Formal Candidate,6367.T,"Daikin Industries, Ltd.",Machinery,2023-02-06,100
0f6c05bff4831033,tgs_stable_v2_universe_lab,U15,43d5dd5aa6be3b0638b5af83976e61a214bd9c37,False,True,survivorship-biased exploratory evidence; not Formal Candidate,8053.T,Sumitomo Corp.,Trading companies,2023-02-06,90
0f6c05bff4831033,tgs_stable_v2_universe_lab,U15,43d5dd5aa6be3b0638b5af83976e61a214bd9c37,False,True,survivorship-biased exploratory evidence; not Formal Candidate,6367.T,"Daikin Industries, Ltd.",Machinery,2023-02-07,100
0f6c05bff4831033,tgs_stable_v2_universe_lab,U15,43d5dd5aa6be3b0638b5af83976e61a214bd9c37,False,True,survivorship-biased exploratory evidence; not Formal Candidate,8053.T,Sumitomo Corp.,Trading companies,2023-02-07,90
0f6c05bff4831033,tgs_stable_v2_universe_lab,U15,43d5dd5aa6be3b0638b5af83976e61a214bd9c37,False,True,survivorship-biased exploratory evidence; not Formal Candidate,6367.T,"Daikin Industries, Ltd.",Machinery,2023-02-09,100
0f6c05bff4831033,tgs_stable_v2_universe_lab,U15,43d5dd5aa6be3b0638b5af83976e61a214bd9c37,False,True,survivorship-biased exploratory evidence; not Formal Candidate,8058.T,Mitsubishi Corp.,Trading companies,2023-02-13,100
0f6c05bff4831033,tgs_stable_v2_universe_lab,U15,43d5dd5aa6be3b0638b5af83976e61a214bd9c37,False,True,survivorship-biased exploratory evidence; not Formal Candidate,6273.T,SMC Corporation,Machinery,2023-02-15,90
0f6c05bff4831033,tgs_stable_v2_universe_lab,U15,43d5dd5aa6be3b0638b5af83976e61a214bd9c37,False,True,survivorship-biased exploratory evidence; not Formal Candidate,8058.T,Mitsubishi Corp.,Trading companies,2023-02-15,100
0f6c05bff4831033,tgs_stable_v2_universe_lab,U15,43d5dd5aa6be3b0638b5af83976e61a214bd9c37,False,True,survivorship-biased exploratory evidence; not Formal Candidate,8058.T,Mitsubishi Corp.,Trading companies,2023-02-16,100
0f6c05bff4831033,tgs_stable_v2_universe_lab,U15,43d5dd5aa6be3b0638b5af83976e61a214bd9c37,False,True,survivorship-biased exploratory evidence; not Formal Candidate,8015.T,Toyota Tsusho Corp.,Trading companies,2023-02-28,90
0f6c05bff4831033,tgs_stable_v2_universe_lab,U15,43d5dd5aa6be3b0638b5af83976e61a214bd9c37,False,True,survivorship-biased exploratory evidence; not Formal Candidate,8053.T,Sumitomo Corp.,Trading companies,2023-02-28,90
0f6c05bff4831033,tgs_stable_v2_universe_lab,U15,43d5dd5aa6be3b0638b5af83976e61a214bd9c37,False,True,survivorship-biased exploratory evidence; not Formal Candidate,8801.T,"Mitsui Fudosan Co., Ltd.",Real estate,2023-03-03,100
0f6c05bff4831033,tgs_stable_v2_universe_lab,U15,43d5dd5aa6be3b0638b5af83976e61a214bd9c37,False,True,survivorship-biased exploratory evidence; not Formal Candidate,8801.T,"Mitsui Fudosan Co., Ltd.",Real estate,2023-03-06,100
0f6c05bff4831033,tgs_stable_v2_universe_lab,U15,43d5dd5aa6be3b0638b5af83976e61a214bd9c37,False,True,survivorship-biased exploratory evidence; not Formal Candidate,8801.T,"Mitsui Fudosan Co., Ltd.",Real estate,2023-03-07,100
0f6c05bff4831033,tgs_stable_v2_universe_lab,U15,43d5dd5aa6be3b0638b5af83976e61a214bd9c37,False,True,survivorship-biased exploratory evidence; not Formal Candidate,8015.T,Toyota Tsusho Corp.,Trading companies,2023-03-08,90
0f6c05bff4831033,tgs_stable_v2_universe_lab,U15,43d5dd5aa6be3b0638b5af83976e61a214bd9c37,False,True,survivorship-biased exploratory evidence; not Formal Candidate,8801.T,"Mitsui Fudosan Co., Ltd.",Real estate,2023-03-08,100
0f6c05bff4831033,tgs_stable_v2_universe_lab,U15,43d5dd5aa6be3b0638b5af83976e61a214bd9c37,False,True,survivorship-biased exploratory evidence; not Formal Candidate,6273.T,SMC Corporation,Machinery,2023-03-10,90
0f6c05bff4831033,tgs_stable_v2_universe_lab,U15,43d5dd5aa6be3b0638b5af83976e61a214bd9c37,False,True,survivorship-biased exploratory evidence; not Formal Candidate,6367.T,"Daikin Industries, Ltd.",Machinery,2023-03-10,90
0f6c05bff4831033,tgs_stable_v2_universe_lab,U15,43d5dd5aa6be3b0638b5af83976e61a214bd9c37,False,True,survivorship-biased exploratory evidence; not Formal Candidate,8015.T,Toyota Tsusho Corp.,Trading companies,2023-03-10,90
0f6c05bff4831033,tgs_stable_v2_universe_lab,U15,43d5dd5aa6be3b0638b5af83976e61a214bd9c37,False,True,survivorship-biased exploratory evidence; not Formal Candidate,8031.T,"Mitsui & Co., Ltd.",Trading companies,2023-03-10,100
0f6c05bff4831033,tgs_stable_v2_universe_lab,U15,43d5dd5aa6be3b0638b5af83976e61a214bd9c37,False,True,survivorship-biased exploratory evidence; not Formal Candidate,8801.T,"Mitsui Fudosan Co., Ltd.",Real estate,2023-03-10,90
0f6c05bff4831033,tgs_stable_v2_universe_lab,U15,43d5dd5aa6be3b0638b5af83976e61a214bd9c37,False,True,survivorship-biased exploratory evidence; not Formal Candidate,8031.T,"Mitsui & Co., Ltd.",Trading companies,2023-03-13,100
0f6c05bff4831033,tgs_stable_v2_universe_lab,U15,43d5dd5aa6be3b0638b5af83976e61a214bd9c37,False,True,survivorship-biased exploratory evidence; not Formal Candidate,6301.T,Komatsu Ltd.,Machinery,2023-03-14,90
0f6c05bff4831033,tgs_stable_v2_universe_lab,U15,43d5dd5aa6be3b0638b5af83976e61a214bd9c37,False,True,survivorship-biased exploratory evidence; not Formal Candidate,8031.T,"Mitsui & Co., Ltd.",Trading companies,2023-03-14,100
0f6c05bff4831033,tgs_stable_v2_universe_lab,U15,43d5dd5aa6be3b0638b5af83976e61a214bd9c37,False,True,survivorship-biased exploratory evidence; not Formal Candidate,8053.T,Sumitomo Corp.,Trading companies,2023-03-14,90
0f6c05bff4831033,tgs_stable_v2_universe_lab,U15,43d5dd5aa6be3b0638b5af83976e61a214bd9c37,False,True,survivorship-biased exploratory evidence; not Formal Candidate,8031.T,"Mitsui & Co., Ltd.",Trading companies,2023-03-15,100
0f6c05bff4831033,tgs_stable_v2_universe_lab,U15,43d5dd5aa6be3b0638b5af83976e61a214bd9c37,False,True,survivorship-biased exploratory evidence; not Formal Candidate,6273.T,SMC Corporation,Machinery,2023-03-16,90
0f6c05bff4831033,tgs_stable_v2_universe_lab,U15,43d5dd5aa6be3b0638b5af83976e61a214bd9c37,False,True,survivorship-biased exploratory evidence; not Formal Candidate,8031.T,"Mitsui & Co., Ltd.",Trading companies,2023-03-16,100
0f6c05bff4831033,tgs_stable_v2_universe_lab,U15,43d5dd5aa6be3b0638b5af83976e61a214bd9c37,False,True,survivorship-biased exploratory evidence; not Formal Candidate,6367.T,"Daikin Industries, Ltd.",Machinery,2023-03-31,90
0f6c05bff4831033,tgs_stable_v2_universe_lab,U15,43d5dd5aa6be3b0638b5af83976e61a214bd9c37,False,True,survivorship-biased exploratory evidence; not Formal Candidate,8015.T,Toyota Tsusho Corp.,Trading companies,2023-03-31,90
0f6c05bff4831033,tgs_stable_v2_universe_lab,U15,43d5dd5aa6be3b0638b5af83976e61a214bd9c37,False,True,survivorship-biased exploratory evidence; not Formal Candidate,8002.T,Marubeni Corp.,Trading companies,2023-04-11,90
0f6c05bff4831033,tgs_stable_v2_universe_lab,U15,43d5dd5aa6be3b0638b5af83976e61a214bd9c37,False,True,survivorship-biased exploratory evidence; not Formal Candidate,6301.T,Komatsu Ltd.,Machinery,2023-04-14,100
0f6c05bff4831033,tgs_stable_v2_universe_lab,U15,43d5dd5aa6be3b0638b5af83976e61a214bd9c37,False,True,survivorship-biased exploratory evidence; not Formal Candidate,8001.T,Itochu Corp.,Trading companies,2023-04-14,100
0f6c05bff4831033,tgs_stable_v2_universe_lab,U15,43d5dd5aa6be3b0638b5af83976e61a214bd9c37,False,True,survivorship-biased exploratory evidence; not Formal Candidate,8015.T,Toyota Tsusho Corp.,Trading companies,2023-04-14,100
0f6c05bff4831033,tgs_stable_v2_universe_lab,U15,43d5dd5aa6be3b0638b5af83976e61a214bd9c37,False,True,survivorship-biased exploratory evidence; not Formal Candidate,6301.T,Komatsu Ltd.,Machinery,2023-04-17,100
0f6c05bff4831033,tgs_stable_v2_universe_lab,U15,43d5dd5aa6be3b0638b5af83976e61a214bd9c37,False,True,survivorship-biased exploratory evidence; not Formal Candidate,8001.T,Itochu Corp.,Trading companies,2023-04-17,100
0f6c05bff4831033,tgs_stable_v2_universe_lab,U15,43d5dd5aa6be3b0638b5af83976e61a214bd9c37,False,True,survivorship-biased exploratory evidence; not Formal Candidate,8015.T,Toyota Tsusho Corp.,Trading companies,2023-04-17,100
0f6c05bff4831033,tgs_stable_v2_universe_lab,U15,43d5dd5aa6be3b0638b5af83976e61a214bd9c37,False,True,survivorship-biased exploratory evidence; not Formal Candidate,6301.T,Komatsu Ltd.,Machinery,2023-04-18,100
0f6c05bff4831033,tgs_stable_v2_universe_lab,U15,43d5dd5aa6be3b0638b5af83976e61a214bd9c37,False,True,survivorship-biased exploratory evidence; not Formal Candidate,8015.T,Toyota Tsusho Corp.,Trading companies,2023-04-18,100
0f6c05bff4831033,tgs_stable_v2_universe_lab,U15,43d5dd5aa6be3b0638b5af83976e61a214bd9c37,False,True,survivorship-biased exploratory evidence; not Formal Candidate,6301.T,Komatsu Ltd.,Machinery,2023-04-19,100
0f6c05bff4831033,tgs_stable_v2_universe_lab,U15,43d5dd5aa6be3b0638b5af83976e61a214bd9c37,False,True,survivorship-biased exploratory evidence; not Formal Candidate,8001.T,Itochu Corp.,Trading companies,2023-04-19,100
0f6c05bff4831033,tgs_stable_v2_universe_lab,U15,43d5dd5aa6be3b0638b5af83976e61a214bd9c37,False,True,survivorship-biased exploratory evidence; not Formal Candidate,8015.T,Toyota Tsusho Corp.,Trading companies,2023-04-19,100
0f6c05bff4831033,tgs_stable_v2_universe_lab,U15,43d5dd5aa6be3b0638b5af83976e61a214bd9c37,False,True,survivorship-biased exploratory evidence; not Formal Candidate,6301.T,Komatsu Ltd.,Machinery,2023-04-20,100
0f6c05bff4831033,tgs_stable_v2_universe_lab,U15,43d5dd5aa6be3b0638b5af83976e61a214bd9c37,False,True,survivorship-biased exploratory evidence; not Formal Candidate,8001.T,Itochu Corp.,Trading companies,2023-04-20,100
0f6c05bff4831033,tgs_stable_v2_universe_lab,U15,43d5dd5aa6be3b0638b5af83976e61a214bd9c37,False,True,survivorship-biased exploratory evidence; not Formal Candidate,8015.T,Toyota Tsusho Corp.,Trading companies,2023-04-20,100
0f6c05bff4831033,tgs_stable_v2_universe_lab,U15,43d5dd5aa6be3b0638b5af83976e61a214bd9c37,False,True,survivorship-biased exploratory evidence; not Formal Candidate,8031.T,"Mitsui & Co., Ltd.",Trading companies,2023-04-21,100
0f6c05bff4831033,tgs_stable_v2_universe_lab,U15,43d5dd5aa6be3b0638b5af83976e61a214bd9c37,False,True,survivorship-biased exploratory evidence; not Formal Candidate,8031.T,"Mitsui & Co., Ltd.",Trading companies,2023-04-24,100
0f6c05bff4831033,tgs_stable_v2_universe_lab,U15,43d5dd5aa6be3b0638b5af83976e61a214bd9c37,False,True,survivorship-biased exploratory evidence; not Formal Candidate,8031.T,"Mitsui & Co., Ltd.",Trading companies,2023-04-25,100
0f6c05bff4831033,tgs_stable_v2_universe_lab,U15,43d5dd5aa6be3b0638b5af83976e61a214bd9c37,False,True,survivorship-biased exploratory evidence; not Formal Candidate,8031.T,"Mitsui & Co., Ltd.",Trading companies,2023-04-26,100
0f6c05bff4831033,tgs_stable_v2_universe_lab,U15,43d5dd5aa6be3b0638b5af83976e61a214bd9c37,False,True,survivorship-biased exploratory evidence; not Formal Candidate,6301.T,Komatsu Ltd.,Machinery,2023-04-27,90
0f6c05bff4831033,tgs_stable_v2_universe_lab,U15,43d5dd5aa6be3b0638b5af83976e61a214bd9c37,False,True,survivorship-biased exploratory evidence; not Formal Candidate,8031.T,"Mitsui & Co., Ltd.",Trading companies,2023-04-27,100
0f6c05bff4831033,tgs_stable_v2_universe_lab,U15,43d5dd5aa6be3b0638b5af83976e61a214bd9c37,False,True,survivorship-biased exploratory evidence; not Formal Candidate,6301.T,Komatsu Ltd.,Machinery,2023-04-28,90
0f6c05bff4831033,tgs_stable_v2_universe_lab,U15,43d5dd5aa6be3b0638b5af83976e61a214bd9c37,False,True,survivorship-biased exploratory evidence; not Formal Candidate,7011.T,"Mitsubishi Heavy Industries, Ltd.",Machinery,2023-04-28,100
0f6c05bff4831033,tgs_stable_v2_universe_lab,U15,43d5dd5aa6be3b0638b5af83976e61a214bd9c37,False,True,survivorship-biased exploratory evidence; not Formal Candidate,8015.T,Toyota Tsusho Corp.,Trading companies,2023-04-28,90
0f6c05bff4831033,tgs_stable_v2_universe_lab,U15,43d5dd5aa6be3b0638b5af83976e61a214bd9c37,False,True,survivorship-biased exploratory evidence; not Formal Candidate,7011.T,"Mitsubishi Heavy Industries, Ltd.",Machinery,2023-05-01,100
0f6c05bff4831033,tgs_stable_v2_universe_lab,U15,43d5dd5aa6be3b0638b5af83976e61a214bd9c37,False,True,survivorship-biased exploratory evidence; not Formal Candidate,8015.T,Toyota Tsusho Corp.,Trading companies,2023-05-01,90
0f6c05bff4831033,tgs_stable_v2_universe_lab,U15,43d5dd5aa6be3b0638b5af83976e61a214bd9c37,False,True,survivorship-biased exploratory evidence; not Formal Candidate,7011.T,"Mitsubishi Heavy Industries, Ltd.",Machinery,2023-05-02,100
0f6c05bff4831033,tgs_stable_v2_universe_lab,U15,43d5dd5aa6be3b0638b5af83976e61a214bd9c37,False,True,survivorship-biased exploratory evidence; not Formal Candidate,8031.T,"Mitsui & Co., Ltd.",Trading companies,2023-05-02,90
0f6c05bff4831033,tgs_stable_v2_universe_lab,U15,43d5dd5aa6be3b0638b5af83976e61a214bd9c37,False,True,survivorship-biased exploratory evidence; not Formal Candidate,8002.T,Marubeni Corp.,Trading companies,2023-05-08,90
0f6c05bff4831033,tgs_stable_v2_universe_lab,U15,43d5dd5aa6be3b0638b5af83976e61a214bd9c37,False,True,survivorship-biased exploratory evidence; not Formal Candidate,8031.T,"Mitsui & Co., Ltd.",Trading companies,2023-05-08,90
0f6c05bff4831033,tgs_stable_v2_universe_lab,U15,43d5dd5aa6be3b0638b5af83976e61a214bd9c37,False,True,survivorship-biased exploratory evidence; not Formal Candidate,8053.T,Sumitomo Corp.,Trading companies,2023-05-08,100
0f6c05bff4831033,tgs_stable_v2_universe_lab,U15,43d5dd5aa6be3b0638b5af83976e61a214bd9c37,False,True,survivorship-biased exploratory evidence; not Formal Candidate,8002.T,Marubeni Corp.,Trading companies,2023-05-09,90
0f6c05bff4831033,tgs_stable_v2_universe_lab,U15,43d5dd5aa6be3b0638b5af83976e61a214bd9c37,False,True,survivorship-biased exploratory evidence; not Formal Candidate,8031.T,"Mitsui & Co., Ltd.",Trading companies,2023-05-09,90
0f6c05bff4831033,tgs_stable_v2_universe_lab,U15,43d5dd5aa6be3b0638b5af83976e61a214bd9c37,False,True,survivorship-biased exploratory evidence; not Formal Candidate,8053.T,Sumitomo Corp.,Trading companies,2023-05-09,100
0f6c05bff4831033,tgs_stable_v2_universe_lab,U15,43d5dd5aa6be3b0638b5af83976e61a214bd9c37,False,True,survivorship-biased exploratory evidence; not Formal Candidate,8053.T,Sumitomo Corp.,Trading companies,2023-05-10,100
0f6c05bff4831033,tgs_stable_v2_universe_lab,U15,43d5dd5aa6be3b0638b5af83976e61a214bd9c37,False,True,survivorship-biased exploratory evidence; not Formal Candidate,7011.T,"Mitsubishi Heavy Industries, Ltd.",Machinery,2023-05-11,90
0f6c05bff4831033,tgs_stable_v2_universe_lab,U15,43d5dd5aa6be3b0638b5af83976e61a214bd9c37,False,True,survivorship-biased exploratory evidence; not Formal Candidate,8053.T,Sumitomo Corp.,Trading companies,2023-05-11,100
0f6c05bff4831033,tgs_stable_v2_universe_lab,U15,43d5dd5aa6be3b0638b5af83976e61a214bd9c37,False,True,survivorship-biased exploratory evidence; not Formal Candidate,5802.T,"Sumitomo Electric Industries, Ltd.",Nonferrous metals,2023-05-15,90
0f6c05bff4831033,tgs_stable_v2_universe_lab,U15,43d5dd5aa6be3b0638b5af83976e61a214bd9c37,False,True,survivorship-biased exploratory evidence; not Formal Candidate,5802.T,"Sumitomo Electric Industries, Ltd.",Nonferrous metals,2023-05-16,90
0f6c05bff4831033,tgs_stable_v2_universe_lab,U15,43d5dd5aa6be3b0638b5af83976e61a214bd9c37,False,True,survivorship-biased exploratory evidence; not Formal Candidate,6273.T,SMC Corporation,Machinery,2023-05-17,90
0f6c05bff4831033,tgs_stable_v2_universe_lab,U15,43d5dd5aa6be3b0638b5af83976e61a214bd9c37,False,True,survivorship-biased exploratory evidence; not Formal Candidate,8002.T,Marubeni Corp.,Trading companies,2023-05-18,90
0f6c05bff4831033,tgs_stable_v2_universe_lab,U15,43d5dd5aa6be3b0638b5af83976e61a214bd9c37,False,True,survivorship-biased exploratory evidence; not Formal Candidate,8002.T,Marubeni Corp.,Trading companies,2023-05-19,90
0f6c05bff4831033,tgs_stable_v2_universe_lab,U15,43d5dd5aa6be3b0638b5af83976e61a214bd9c37,False,True,survivorship-biased exploratory evidence; not Formal Candidate,6301.T,Komatsu Ltd.,Machinery,2023-05-23,90
0f6c05bff4831033,tgs_stable_v2_universe_lab,U15,43d5dd5aa6be3b0638b5af83976e61a214bd9c37,False,True,survivorship-biased exploratory evidence; not Formal Candidate,5803.T,Fujikura Ltd.,Nonferrous metals,2023-05-26,100
0f6c05bff4831033,tgs_stable_v2_universe_lab,U15,43d5dd5aa6be3b0638b5af83976e61a214bd9c37,False,True,survivorship-biased exploratory evidence; not Formal Candidate,5803.T,Fujikura Ltd.,Nonferrous metals,2023-05-31,100
0f6c05bff4831033,tgs_stable_v2_universe_lab,U15,43d5dd5aa6be3b0638b5af83976e61a214bd9c37,False,True,survivorship-biased exploratory evidence; not Formal Candidate,6301.T,Komatsu Ltd.,Machinery,2023-05-31,90
0f6c05bff4831033,tgs_stable_v2_universe_lab,U15,43d5dd5aa6be3b0638b5af83976e61a214bd9c37,False,True,survivorship-biased exploratory evidence; not Formal Candidate,6367.T,"Daikin Industries, Ltd.",Machinery,2023-05-31,90
0f6c05bff4831033,tgs_stable_v2_universe_lab,U15,43d5dd5aa6be3b0638b5af83976e61a214bd9c37,False,True,survivorship-biased exploratory evidence; not Formal Candidate,8001.T,Itochu Corp.,Trading companies,2023-05-31,90
0f6c05bff4831033,tgs_stable_v2_universe_lab,U15,43d5dd5aa6be3b0638b5af83976e61a214bd9c37,False,True,survivorship-biased exploratory evidence; not Formal Candidate,8002.T,Marubeni Corp.,Trading companies,2023-05-31,90
0f6c05bff4831033,tgs_stable_v2_universe_lab,U15,43d5dd5aa6be3b0638b5af83976e61a214bd9c37,False,True,survivorship-biased exploratory evidence; not Formal Candidate,8015.T,Toyota Tsusho Corp.,Trading companies,2023-05-31,90
0f6c05bff4831033,tgs_stable_v2_universe_lab,U15,43d5dd5aa6be3b0638b5af83976e61a214bd9c37,False,True,survivorship-biased exploratory evidence; not Formal Candidate,8031.T,"Mitsui & Co., Ltd.",Trading companies,2023-05-31,90
0f6c05bff4831033,tgs_stable_v2_universe_lab,U15,43d5dd5aa6be3b0638b5af83976e61a214bd9c37,False,True,survivorship-biased exploratory evidence; not Formal Candidate,8053.T,Sumitomo Corp.,Trading companies,2023-05-31,90
0f6c05bff4831033,tgs_stable_v2_universe_lab,U15,43d5dd5aa6be3b0638b5af83976e61a214bd9c37,False,True,survivorship-biased exploratory evidence; not Formal Candidate,8058.T,Mitsubishi Corp.,Trading companies,2023-05-31,90
0f6c05bff4831033,tgs_stable_v2_universe_lab,U15,43d5dd5aa6be3b0638b5af83976e61a214bd9c37,False,True,survivorship-biased exploratory evidence; not Formal Candidate,8801.T,"Mitsui Fudosan Co., Ltd.",Real estate,2023-05-31,90
0f6c05bff4831033,tgs_stable_v2_universe_lab,U15,43d5dd5aa6be3b0638b5af83976e61a214bd9c37,False,True,survivorship-biased exploratory evidence; not Formal Candidate,6301.T,Komatsu Ltd.,Machinery,2023-06-05,90
0f6c05bff4831033,tgs_stable_v2_universe_lab,U15,43d5dd5aa6be3b0638b5af83976e61a214bd9c37,False,True,survivorship-biased exploratory evidence; not Formal Candidate,6367.T,"Daikin Industries, Ltd.",Machinery,2023-06-07,90
0f6c05bff4831033,tgs_stable_v2_universe_lab,U15,43d5dd5aa6be3b0638b5af83976e61a214bd9c37,False,True,survivorship-biased exploratory evidence; not Formal Candidate,8801.T,"Mitsui Fudosan Co., Ltd.",Real estate,2023-06-16,90
0f6c05bff4831033,tgs_stable_v2_universe_lab,U15,43d5dd5aa6be3b0638b5af83976e61a214bd9c37,False,True,survivorship-biased exploratory evidence; not Formal Candidate,5801.T,"The Furukawa Electric Co., Ltd.",Nonferrous metals,2023-06-27,90
0f6c05bff4831033,tgs_stable_v2_universe_lab,U15,43d5dd5aa6be3b0638b5af83976e61a214bd9c37,False,True,survivorship-biased exploratory evidence; not Formal Candidate,8002.T,Marubeni Corp.,Trading companies,2023-06-27,90
0f6c05bff4831033,tgs_stable_v2_universe_lab,U15,43d5dd5aa6be3b0638b5af83976e61a214bd9c37,False,True,survivorship-biased exploratory evidence; not Formal Candidate,5801.T,"The Furukawa Electric Co., Ltd.",Nonferrous metals,2023-06-29,90
0f6c05bff4831033,tgs_stable_v2_universe_lab,U15,43d5dd5aa6be3b0638b5af83976e61a214bd9c37,False,True,survivorship-biased exploratory evidence; not Formal Candidate,5802.T,"Sumitomo Electric Industries, Ltd.",Nonferrous metals,2023-06-30,100
0f6c05bff4831033,tgs_stable_v2_universe_lab,U15,43d5dd5aa6be3b0638b5af83976e61a214bd9c37,False,True,survivorship-biased exploratory evidence; not Formal Candidate,5802.T,"Sumitomo Electric Industries, Ltd.",Nonferrous metals,2023-07-03,100
0f6c05bff4831033,tgs_stable_v2_universe_lab,U15,43d5dd5aa6be3b0638b5af83976e61a214bd9c37,False,True,survivorship-biased exploratory evidence; not Formal Candidate,5802.T,"Sumitomo Electric Industries, Ltd.",Nonferrous metals,2023-07-04,100
0f6c05bff4831033,tgs_stable_v2_universe_lab,U15,43d5dd5aa6be3b0638b5af83976e61a214bd9c37,False,True,survivorship-biased exploratory evidence; not Formal Candidate,5802.T,"Sumitomo Electric Industries, Ltd.",Nonferrous metals,2023-07-05,100
0f6c05bff4831033,tgs_stable_v2_universe_lab,U15,43d5dd5aa6be3b0638b5af83976e61a214bd9c37,False,True,survivorship-biased exploratory evidence; not Formal Candidate,5802.T,"Sumitomo Electric Industries, Ltd.",Nonferrous metals,2023-07-06,100
0f6c05bff4831033,tgs_stable_v2_universe_lab,U15,43d5dd5aa6be3b0638b5af83976e61a214bd9c37,False,True,survivorship-biased exploratory evidence; not Formal Candidate,5802.T,"Sumitomo Electric Industries, Ltd.",Nonferrous metals,2023-07-28,100
0f6c05bff4831033,tgs_stable_v2_universe_lab,U15,43d5dd5aa6be3b0638b5af83976e61a214bd9c37,False,True,survivorship-biased exploratory evidence; not Formal Candidate,6301.T,Komatsu Ltd.,Machinery,2023-07-28,90
0f6c05bff4831033,tgs_stable_v2_universe_lab,U15,43d5dd5aa6be3b0638b5af83976e61a214bd9c37,False,True,survivorship-biased exploratory evidence; not Formal Candidate,8801.T,"Mitsui Fudosan Co., Ltd.",Real estate,2023-07-28,90
0f6c05bff4831033,tgs_stable_v2_universe_lab,U15,43d5dd5aa6be3b0638b5af83976e61a214bd9c37,False,True,survivorship-biased exploratory evidence; not Formal Candidate,5802.T,"Sumitomo Electric Industries, Ltd.",Nonferrous metals,2023-07-31,100
0f6c05bff4831033,tgs_stable_v2_universe_lab,U15,43d5dd5aa6be3b0638b5af83976e61a214bd9c37,False,True,survivorship-biased exploratory evidence; not Formal Candidate,6301.T,Komatsu Ltd.,Machinery,2023-07-31,90
0f6c05bff4831033,tgs_stable_v2_universe_lab,U15,43d5dd5aa6be3b0638b5af83976e61a214bd9c37,False,True,survivorship-biased exploratory evidence; not Formal Candidate,5802.T,"Sumitomo Electric Industries, Ltd.",Nonferrous metals,2023-08-02,100
0f6c05bff4831033,tgs_stable_v2_universe_lab,U15,43d5dd5aa6be3b0638b5af83976e61a214bd9c37,False,True,survivorship-biased exploratory evidence; not Formal Candidate,5801.T,"The Furukawa Electric Co., Ltd.",Nonferrous metals,2023-08-03,90
0f6c05bff4831033,tgs_stable_v2_universe_lab,U15,43d5dd5aa6be3b0638b5af83976e61a214bd9c37,False,True,survivorship-biased exploratory evidence; not Formal Candidate,5802.T,"Sumitomo Electric Industries, Ltd.",Nonferrous metals,2023-08-03,120
0f6c05bff4831033,tgs_stable_v2_universe_lab,U15,43d5dd5aa6be3b0638b5af83976e61a214bd9c37,False,True,survivorship-biased exploratory evidence; not Formal Candidate,5803.T,Fujikura Ltd.,Nonferrous metals,2023-08-03,90
0f6c05bff4831033,tgs_stable_v2_universe_lab,U15,43d5dd5aa6be3b0638b5af83976e61a214bd9c37,False,True,survivorship-biased exploratory evidence; not Formal Candidate,8053.T,Sumitomo Corp.,Trading companies,2023-08-03,90
0f6c05bff4831033,tgs_stable_v2_universe_lab,U15,43d5dd5aa6be3b0638b5af83976e61a214bd9c37,False,True,survivorship-biased exploratory evidence; not Formal Candidate,5803.T,Fujikura Ltd.,Nonferrous metals,2023-08-04,90
0f6c05bff4831033,tgs_stable_v2_universe_lab,U15,43d5dd5aa6be3b0638b5af83976e61a214bd9c37,False,True,survivorship-biased exploratory evidence; not Formal Candidate,8001.T,Itochu Corp.,Trading companies,2023-08-04,90
0f6c05bff4831033,tgs_stable_v2_universe_lab,U15,43d5dd5aa6be3b0638b5af83976e61a214bd9c37,False,True,survivorship-biased exploratory evidence; not Formal Candidate,8053.T,Sumitomo Corp.,Trading companies,2023-08-04,90
0f6c05bff4831033,tgs_stable_v2_universe_lab,U15,43d5dd5aa6be3b0638b5af83976e61a214bd9c37,False,True,survivorship-biased exploratory evidence; not Formal Candidate,5803.T,Fujikura Ltd.,Nonferrous metals,2023-08-10,90
0f6c05bff4831033,tgs_stable_v2_universe_lab,U15,43d5dd5aa6be3b0638b5af83976e61a214bd9c37,False,True,survivorship-biased exploratory evidence; not Formal Candidate,5802.T,"Sumitomo Electric Industries, Ltd.",Nonferrous metals,2023-08-14,100
0f6c05bff4831033,tgs_stable_v2_universe_lab,U15,43d5dd5aa6be3b0638b5af83976e61a214bd9c37,False,True,survivorship-biased exploratory evidence; not Formal Candidate,5803.T,Fujikura Ltd.,Nonferrous metals,2023-08-14,90
0f6c05bff4831033,tgs_stable_v2_universe_lab,U15,43d5dd5aa6be3b0638b5af83976e61a214bd9c37,False,True,survivorship-biased exploratory evidence; not Formal Candidate,8802.T,"Mitsubishi Estate Co., Ltd.",Real estate,2023-08-14,90
0f6c05bff4831033,tgs_stable_v2_universe_lab,U15,43d5dd5aa6be3b0638b5af83976e61a214bd9c37,False,True,survivorship-biased exploratory evidence; not Formal Candidate,5802.T,"Sumitomo Electric Industries, Ltd.",Nonferrous metals,2023-08-15,100
0f6c05bff4831033,tgs_stable_v2_universe_lab,U15,43d5dd5aa6be3b0638b5af83976e61a214bd9c37,False,True,survivorship-biased exploratory evidence; not Formal Candidate,5803.T,Fujikura Ltd.,Nonferrous metals,2023-08-15,90
0f6c05bff4831033,tgs_stable_v2_universe_lab,U15,43d5dd5aa6be3b0638b5af83976e61a214bd9c37,False,True,survivorship-biased exploratory evidence; not Formal Candidate,5802.T,"Sumitomo Electric Industries, Ltd.",Nonferrous metals,2023-08-16,100
0f6c05bff4831033,tgs_stable_v2_universe_lab,U15,43d5dd5aa6be3b0638b5af83976e61a214bd9c37,False,True,survivorship-biased exploratory evidence; not Formal Candidate,5802.T,"Sumitomo Electric Industries, Ltd.",Nonferrous metals,2023-08-17,100
0f6c05bff4831033,tgs_stable_v2_universe_lab,U15,43d5dd5aa6be3b0638b5af83976e61a214bd9c37,False,True,survivorship-biased exploratory evidence; not Formal Candidate,8058.T,Mitsubishi Corp.,Trading companies,2023-08-31,90
0f6c05bff4831033,tgs_stable_v2_universe_lab,U15,43d5dd5aa6be3b0638b5af83976e61a214bd9c37,False,True,survivorship-biased exploratory evidence; not Formal Candidate,5802.T,"Sumitomo Electric Industries, Ltd.",Nonferrous metals,2023-09-01,100
0f6c05bff4831033,tgs_stable_v2_universe_lab,U15,43d5dd5aa6be3b0638b5af83976e61a214bd9c37,False,True,survivorship-biased exploratory evidence; not Formal Candidate,5803.T,Fujikura Ltd.,Nonferrous metals,2023-09-01,100
0f6c05bff4831033,tgs_stable_v2_universe_lab,U15,43d5dd5aa6be3b0638b5af83976e61a214bd9c37,False,True,survivorship-biased exploratory evidence; not Formal Candidate,8058.T,Mitsubishi Corp.,Trading companies,2023-09-01,90
0f6c05bff4831033,tgs_stable_v2_universe_lab,U15,43d5dd5aa6be3b0638b5af83976e61a214bd9c37,False,True,survivorship-biased exploratory evidence; not Formal Candidate,5802.T,"Sumitomo Electric Industries, Ltd.",Nonferrous metals,2023-09-04,100
0f6c05bff4831033,tgs_stable_v2_universe_lab,U15,43d5dd5aa6be3b0638b5af83976e61a214bd9c37,False,True,survivorship-biased exploratory evidence; not Formal Candidate,5803.T,Fujikura Ltd.,Nonferrous metals,2023-09-04,100
0f6c05bff4831033,tgs_stable_v2_universe_lab,U15,43d5dd5aa6be3b0638b5af83976e61a214bd9c37,False,True,survivorship-biased exploratory evidence; not Formal Candidate,5802.T,"Sumitomo Electric Industries, Ltd.",Nonferrous metals,2023-09-05,100
0f6c05bff4831033,tgs_stable_v2_universe_lab,U15,43d5dd5aa6be3b0638b5af83976e61a214bd9c37,False,True,survivorship-biased exploratory evidence; not Formal Candidate,5803.T,Fujikura Ltd.,Nonferrous metals,2023-09-05,100
0f6c05bff4831033,tgs_stable_v2_universe_lab,U15,43d5dd5aa6be3b0638b5af83976e61a214bd9c37,False,True,survivorship-biased exploratory evidence; not Formal Candidate,5803.T,Fujikura Ltd.,Nonferrous metals,2023-09-06,100
0f6c05bff4831033,tgs_stable_v2_universe_lab,U15,43d5dd5aa6be3b0638b5af83976e61a214bd9c37,False,True,survivorship-biased exploratory evidence; not Formal Candidate,5802.T,"Sumitomo Electric Industries, Ltd.",Nonferrous metals,2023-09-07,100
0f6c05bff4831033,tgs_stable_v2_universe_lab,U15,43d5dd5aa6be3b0638b5af83976e61a214bd9c37,False,True,survivorship-biased exploratory evidence; not Formal Candidate,5803.T,Fujikura Ltd.,Nonferrous metals,2023-09-07,100
0f6c05bff4831033,tgs_stable_v2_universe_lab,U15,43d5dd5aa6be3b0638b5af83976e61a214bd9c37,False,True,survivorship-biased exploratory evidence; not Formal Candidate,8801.T,"Mitsui Fudosan Co., Ltd.",Real estate,2023-09-11,90
0f6c05bff4831033,tgs_stable_v2_universe_lab,U15,43d5dd5aa6be3b0638b5af83976e61a214bd9c37,False,True,survivorship-biased exploratory evidence; not Formal Candidate,8802.T,"Mitsubishi Estate Co., Ltd.",Real estate,2023-09-11,90
0f6c05bff4831033,tgs_stable_v2_universe_lab,U15,43d5dd5aa6be3b0638b5af83976e61a214bd9c37,False,True,survivorship-biased exploratory evidence; not Formal Candidate,7011.T,"Mitsubishi Heavy Industries, Ltd.",Machinery,2023-09-12,90
0f6c05bff4831033,tgs_stable_v2_universe_lab,U15,43d5dd5aa6be3b0638b5af83976e61a214bd9c37,False,True,survivorship-biased exploratory evidence; not Formal Candidate,5801.T,"The Furukawa Electric Co., Ltd.",Nonferrous metals,2023-09-15,100
0f6c05bff4831033,tgs_stable_v2_universe_lab,U15,43d5dd5aa6be3b0638b5af83976e61a214bd9c37,False,True,survivorship-biased exploratory evidence; not Formal Candidate,5802.T,"Sumitomo Electric Industries, Ltd.",Nonferrous metals,2023-09-15,90
0f6c05bff4831033,tgs_stable_v2_universe_lab,U15,43d5dd5aa6be3b0638b5af83976e61a214bd9c37,False,True,survivorship-biased exploratory evidence; not Formal Candidate,5801.T,"The Furukawa Electric Co., Ltd.",Nonferrous metals,2023-09-19,100
0f6c05bff4831033,tgs_stable_v2_universe_lab,U15,43d5dd5aa6be3b0638b5af83976e61a214bd9c37,False,True,survivorship-biased exploratory evidence; not Formal Candidate,5801.T,"The Furukawa Electric Co., Ltd.",Nonferrous metals,2023-09-20,100
0f6c05bff4831033,tgs_stable_v2_universe_lab,U15,43d5dd5aa6be3b0638b5af83976e61a214bd9c37,False,True,survivorship-biased exploratory evidence; not Formal Candidate,5801.T,"The Furukawa Electric Co., Ltd.",Nonferrous metals,2023-09-21,100
0f6c05bff4831033,tgs_stable_v2_universe_lab,U15,43d5dd5aa6be3b0638b5af83976e61a214bd9c37,False,True,survivorship-biased exploratory evidence; not Formal Candidate,5801.T,"The Furukawa Electric Co., Ltd.",Nonferrous metals,2023-09-28,90
0f6c05bff4831033,tgs_stable_v2_universe_lab,U15,43d5dd5aa6be3b0638b5af83976e61a214bd9c37,False,True,survivorship-biased exploratory evidence; not Formal Candidate,5802.T,"Sumitomo Electric Industries, Ltd.",Nonferrous metals,2023-09-28,90
0f6c05bff4831033,tgs_stable_v2_universe_lab,U15,43d5dd5aa6be3b0638b5af83976e61a214bd9c37,False,True,survivorship-biased exploratory evidence; not Formal Candidate,8015.T,Toyota Tsusho Corp.,Trading companies,2023-09-29,90
0f6c05bff4831033,tgs_stable_v2_universe_lab,U15,43d5dd5aa6be3b0638b5af83976e61a214bd9c37,False,True,survivorship-biased exploratory evidence; not Formal Candidate,8801.T,"Mitsui Fudosan Co., Ltd.",Real estate,2023-10-30,90
0f6c05bff4831033,tgs_stable_v2_universe_lab,U15,43d5dd5aa6be3b0638b5af83976e61a214bd9c37,False,True,survivorship-biased exploratory evidence; not Formal Candidate,8802.T,"Mitsubishi Estate Co., Ltd.",Real estate,2023-10-30,90
0f6c05bff4831033,tgs_stable_v2_universe_lab,U15,43d5dd5aa6be3b0638b5af83976e61a214bd9c37,False,True,survivorship-biased exploratory evidence; not Formal Candidate,6273.T,SMC Corporation,Machinery,2023-11-10,100
0f6c05bff4831033,tgs_stable_v2_universe_lab,U15,43d5dd5aa6be3b0638b5af83976e61a214bd9c37,False,True,survivorship-biased exploratory evidence; not Formal Candidate,6273.T,SMC Corporation,Machinery,2023-11-13,100
0f6c05bff4831033,tgs_stable_v2_universe_lab,U15,43d5dd5aa6be3b0638b5af83976e61a214bd9c37,False,True,survivorship-biased exploratory evidence; not Formal Candidate,6273.T,SMC Corporation,Machinery,2023-11-14,100
0f6c05bff4831033,tgs_stable_v2_universe_lab,U15,43d5dd5aa6be3b0638b5af83976e61a214bd9c37,False,True,survivorship-biased exploratory evidence; not Formal Candidate,8802.T,"Mitsubishi Estate Co., Ltd.",Real estate,2023-11-14,90
0f6c05bff4831033,tgs_stable_v2_universe_lab,U15,43d5dd5aa6be3b0638b5af83976e61a214bd9c37,False,True,survivorship-biased exploratory evidence; not Formal Candidate,6273.T,SMC Corporation,Machinery,2023-11-15,120
0f6c05bff4831033,tgs_stable_v2_universe_lab,U15,43d5dd5aa6be3b0638b5af83976e61a214bd9c37,False,True,survivorship-biased exploratory evidence; not Formal Candidate,6273.T,SMC Corporation,Machinery,2023-11-16,100
0f6c05bff4831033,tgs_stable_v2_universe_lab,U15,43d5dd5aa6be3b0638b5af83976e61a214bd9c37,False,True,survivorship-biased exploratory evidence; not Formal Candidate,8801.T,"Mitsui Fudosan Co., Ltd.",Real estate,2023-11-17,100
0f6c05bff4831033,tgs_stable_v2_universe_lab,U15,43d5dd5aa6be3b0638b5af83976e61a214bd9c37,False,True,survivorship-biased exploratory evidence; not Formal Candidate,5802.T,"Sumitomo Electric Industries, Ltd.",Nonferrous metals,2023-11-20,100
0f6c05bff4831033,tgs_stable_v2_universe_lab,U15,43d5dd5aa6be3b0638b5af83976e61a214bd9c37,False,True,survivorship-biased exploratory evidence; not Formal Candidate,8801.T,"Mitsui Fudosan Co., Ltd.",Real estate,2023-11-20,100
0f6c05bff4831033,tgs_stable_v2_universe_lab,U15,43d5dd5aa6be3b0638b5af83976e61a214bd9c37,False,True,survivorship-biased exploratory evidence; not Formal Candidate,5802.T,"Sumitomo Electric Industries, Ltd.",Nonferrous metals,2023-11-21,100
0f6c05bff4831033,tgs_stable_v2_universe_lab,U15,43d5dd5aa6be3b0638b5af83976e61a214bd9c37,False,True,survivorship-biased exploratory evidence; not Formal Candidate,8001.T,Itochu Corp.,Trading companies,2023-11-21,120
0f6c05bff4831033,tgs_stable_v2_universe_lab,U15,43d5dd5aa6be3b0638b5af83976e61a214bd9c37,False,True,survivorship-biased exploratory evidence; not Formal Candidate,8801.T,"Mitsui Fudosan Co., Ltd.",Real estate,2023-11-21,100
0f6c05bff4831033,tgs_stable_v2_universe_lab,U15,43d5dd5aa6be3b0638b5af83976e61a214bd9c37,False,True,survivorship-biased exploratory evidence; not Formal Candidate,5802.T,"Sumitomo Electric Industries, Ltd.",Nonferrous metals,2023-11-22,100
0f6c05bff4831033,tgs_stable_v2_universe_lab,U15,43d5dd5aa6be3b0638b5af83976e61a214bd9c37,False,True,survivorship-biased exploratory evidence; not Formal Candidate,8001.T,Itochu Corp.,Trading companies,2023-11-22,100
0f6c05bff4831033,tgs_stable_v2_universe_lab,U15,43d5dd5aa6be3b0638b5af83976e61a214bd9c37,False,True,survivorship-biased exploratory evidence; not Formal Candidate,8801.T,"Mitsui Fudosan Co., Ltd.",Real estate,2023-11-22,100
0f6c05bff4831033,tgs_stable_v2_universe_lab,U15,43d5dd5aa6be3b0638b5af83976e61a214bd9c37,False,True,survivorship-biased exploratory evidence; not Formal Candidate,8001.T,Itochu Corp.,Trading companies,2023-11-30,90
0f6c05bff4831033,tgs_stable_v2_universe_lab,U15,43d5dd5aa6be3b0638b5af83976e61a214bd9c37,False,True,survivorship-biased exploratory evidence; not Formal Candidate,8801.T,"Mitsui Fudosan Co., Ltd.",Real estate,2023-12-15,90
0f6c05bff4831033,tgs_stable_v2_universe_lab,U15,43d5dd5aa6be3b0638b5af83976e61a214bd9c37,False,True,survivorship-biased exploratory evidence; not Formal Candidate,6273.T,SMC Corporation,Machinery,2023-12-20,90
0f6c05bff4831033,tgs_stable_v2_universe_lab,U15,43d5dd5aa6be3b0638b5af83976e61a214bd9c37,False,True,survivorship-biased exploratory evidence; not Formal Candidate,6273.T,SMC Corporation,Machinery,2024-01-04,90
0f6c05bff4831033,tgs_stable_v2_universe_lab,U15,43d5dd5aa6be3b0638b5af83976e61a214bd9c37,False,True,survivorship-biased exploratory evidence; not Formal Candidate,6367.T,"Daikin Industries, Ltd.",Machinery,2024-01-05,100
0f6c05bff4831033,tgs_stable_v2_universe_lab,U15,43d5dd5aa6be3b0638b5af83976e61a214bd9c37,False,True,survivorship-biased exploratory evidence; not Formal Candidate,6367.T,"Daikin Industries, Ltd.",Machinery,2024-01-09,100
0f6c05bff4831033,tgs_stable_v2_universe_lab,U15,43d5dd5aa6be3b0638b5af83976e61a214bd9c37,False,True,survivorship-biased exploratory evidence; not Formal Candidate,6367.T,"Daikin Industries, Ltd.",Machinery,2024-01-10,100
0f6c05bff4831033,tgs_stable_v2_universe_lab,U15,43d5dd5aa6be3b0638b5af83976e61a214bd9c37,False,True,survivorship-biased exploratory evidence; not Formal Candidate,8001.T,Itochu Corp.,Trading companies,2024-01-12,100
0f6c05bff4831033,tgs_stable_v2_universe_lab,U15,43d5dd5aa6be3b0638b5af83976e61a214bd9c37,False,True,survivorship-biased exploratory evidence; not Formal Candidate,8802.T,"Mitsubishi Estate Co., Ltd.",Real estate,2024-01-12,100
0f6c05bff4831033,tgs_stable_v2_universe_lab,U15,43d5dd5aa6be3b0638b5af83976e61a214bd9c37,False,True,survivorship-biased exploratory evidence; not Formal Candidate,8001.T,Itochu Corp.,Trading companies,2024-01-16,100
0f6c05bff4831033,tgs_stable_v2_universe_lab,U15,43d5dd5aa6be3b0638b5af83976e61a214bd9c37,False,True,survivorship-biased exploratory evidence; not Formal Candidate,8801.T,"Mitsui Fudosan Co., Ltd.",Real estate,2024-01-16,100
0f6c05bff4831033,tgs_stable_v2_universe_lab,U15,43d5dd5aa6be3b0638b5af83976e61a214bd9c37,False,True,survivorship-biased exploratory evidence; not Formal Candidate,8802.T,"Mitsubishi Estate Co., Ltd.",Real estate,2024-01-16,100
0f6c05bff4831033,tgs_stable_v2_universe_lab,U15,43d5dd5aa6be3b0638b5af83976e61a214bd9c37,False,True,survivorship-biased exploratory evidence; not Formal Candidate,8001.T,Itochu Corp.,Trading companies,2024-01-17,100
0f6c05bff4831033,tgs_stable_v2_universe_lab,U15,43d5dd5aa6be3b0638b5af83976e61a214bd9c37,False,True,survivorship-biased exploratory evidence; not Formal Candidate,8801.T,"Mitsui Fudosan Co., Ltd.",Real estate,2024-01-17,120
0f6c05bff4831033,tgs_stable_v2_universe_lab,U15,43d5dd5aa6be3b0638b5af83976e61a214bd9c37,False,True,survivorship-biased exploratory evidence; not Formal Candidate,8802.T,"Mitsubishi Estate Co., Ltd.",Real estate,2024-01-17,120
0f6c05bff4831033,tgs_stable_v2_universe_lab,U15,43d5dd5aa6be3b0638b5af83976e61a214bd9c37,False,True,survivorship-biased exploratory evidence; not Formal Candidate,8801.T,"Mitsui Fudosan Co., Ltd.",Real estate,2024-01-18,100
0f6c05bff4831033,tgs_stable_v2_universe_lab,U15,43d5dd5aa6be3b0638b5af83976e61a214bd9c37,False,True,survivorship-biased exploratory evidence; not Formal Candidate,8802.T,"Mitsubishi Estate Co., Ltd.",Real estate,2024-01-18,100
0f6c05bff4831033,tgs_stable_v2_universe_lab,U15,43d5dd5aa6be3b0638b5af83976e61a214bd9c37,False,True,survivorship-biased exploratory evidence; not Formal Candidate,8002.T,Marubeni Corp.,Trading companies,2024-01-24,100
0f6c05bff4831033,tgs_stable_v2_universe_lab,U15,43d5dd5aa6be3b0638b5af83976e61a214bd9c37,False,True,survivorship-biased exploratory evidence; not Formal Candidate,8053.T,Sumitomo Corp.,Trading companies,2024-01-24,100
0f6c05bff4831033,tgs_stable_v2_universe_lab,U15,43d5dd5aa6be3b0638b5af83976e61a214bd9c37,False,True,survivorship-biased exploratory evidence; not Formal Candidate,8002.T,Marubeni Corp.,Trading companies,2024-01-25,100
0f6c05bff4831033,tgs_stable_v2_universe_lab,U15,43d5dd5aa6be3b0638b5af83976e61a214bd9c37,False,True,survivorship-biased exploratory evidence; not Formal Candidate,8802.T,"Mitsubishi Estate Co., Ltd.",Real estate,2024-01-25,90
0f6c05bff4831033,tgs_stable_v2_universe_lab,U15,43d5dd5aa6be3b0638b5af83976e61a214bd9c37,False,True,survivorship-biased exploratory evidence; not Formal Candidate,5803.T,Fujikura Ltd.,Nonferrous metals,2024-01-26,100
0f6c05bff4831033,tgs_stable_v2_universe_lab,U15,43d5dd5aa6be3b0638b5af83976e61a214bd9c37,False,True,survivorship-biased exploratory evidence; not Formal Candidate,6301.T,Komatsu Ltd.,Machinery,2024-01-26,100
0f6c05bff4831033,tgs_stable_v2_universe_lab,U15,43d5dd5aa6be3b0638b5af83976e61a214bd9c37,False,True,survivorship-biased exploratory evidence; not Formal Candidate,8058.T,Mitsubishi Corp.,Trading companies,2024-01-26,100
0f6c05bff4831033,tgs_stable_v2_universe_lab,U15,43d5dd5aa6be3b0638b5af83976e61a214bd9c37,False,True,survivorship-biased exploratory evidence; not Formal Candidate,5803.T,Fujikura Ltd.,Nonferrous metals,2024-01-29,100
0f6c05bff4831033,tgs_stable_v2_universe_lab,U15,43d5dd5aa6be3b0638b5af83976e61a214bd9c37,False,True,survivorship-biased exploratory evidence; not Formal Candidate,6301.T,Komatsu Ltd.,Machinery,2024-01-29,100
0f6c05bff4831033,tgs_stable_v2_universe_lab,U15,43d5dd5aa6be3b0638b5af83976e61a214bd9c37,False,True,survivorship-biased exploratory evidence; not Formal Candidate,8058.T,Mitsubishi Corp.,Trading companies,2024-01-29,100
0f6c05bff4831033,tgs_stable_v2_universe_lab,U15,43d5dd5aa6be3b0638b5af83976e61a214bd9c37,False,True,survivorship-biased exploratory evidence; not Formal Candidate,5803.T,Fujikura Ltd.,Nonferrous metals,2024-01-30,100
0f6c05bff4831033,tgs_stable_v2_universe_lab,U15,43d5dd5aa6be3b0638b5af83976e61a214bd9c37,False,True,survivorship-biased exploratory evidence; not Formal Candidate,6301.T,Komatsu Ltd.,Machinery,2024-01-30,100
0f6c05bff4831033,tgs_stable_v2_universe_lab,U15,43d5dd5aa6be3b0638b5af83976e61a214bd9c37,False,True,survivorship-biased exploratory evidence; not Formal Candidate,8058.T,Mitsubishi Corp.,Trading companies,2024-01-30,100
0f6c05bff4831033,tgs_stable_v2_universe_lab,U15,43d5dd5aa6be3b0638b5af83976e61a214bd9c37,False,True,survivorship-biased exploratory evidence; not Formal Candidate,5803.T,Fujikura Ltd.,Nonferrous metals,2024-01-31,100
0f6c05bff4831033,tgs_stable_v2_universe_lab,U15,43d5dd5aa6be3b0638b5af83976e61a214bd9c37,False,True,survivorship-biased exploratory evidence; not Formal Candidate,6301.T,Komatsu Ltd.,Machinery,2024-01-31,100
0f6c05bff4831033,tgs_stable_v2_universe_lab,U15,43d5dd5aa6be3b0638b5af83976e61a214bd9c37,False,True,survivorship-biased exploratory evidence; not Formal Candidate,8058.T,Mitsubishi Corp.,Trading companies,2024-01-31,100
0f6c05bff4831033,tgs_stable_v2_universe_lab,U15,43d5dd5aa6be3b0638b5af83976e61a214bd9c37,False,True,survivorship-biased exploratory evidence; not Formal Candidate,5803.T,Fujikura Ltd.,Nonferrous metals,2024-02-01,100
0f6c05bff4831033,tgs_stable_v2_universe_lab,U15,43d5dd5aa6be3b0638b5af83976e61a214bd9c37,False,True,survivorship-biased exploratory evidence; not Formal Candidate,6301.T,Komatsu Ltd.,Machinery,2024-02-01,120
0f6c05bff4831033,tgs_stable_v2_universe_lab,U15,43d5dd5aa6be3b0638b5af83976e61a214bd9c37,False,True,survivorship-biased exploratory evidence; not Formal Candidate,8058.T,Mitsubishi Corp.,Trading companies,2024-02-01,100
0f6c05bff4831033,tgs_stable_v2_universe_lab,U15,43d5dd5aa6be3b0638b5af83976e61a214bd9c37,False,True,survivorship-biased exploratory evidence; not Formal Candidate,8002.T,Marubeni Corp.,Trading companies,2024-02-02,90
0f6c05bff4831033,tgs_stable_v2_universe_lab,U15,43d5dd5aa6be3b0638b5af83976e61a214bd9c37,False,True,survivorship-biased exploratory evidence; not Formal Candidate,8031.T,"Mitsui & Co., Ltd.",Trading companies,2024-02-02,90
0f6c05bff4831033,tgs_stable_v2_universe_lab,U15,43d5dd5aa6be3b0638b5af83976e61a214bd9c37,False,True,survivorship-biased exploratory evidence; not Formal Candidate,8001.T,Itochu Corp.,Trading companies,2024-02-05,90
0f6c05bff4831033,tgs_stable_v2_universe_lab,U15,43d5dd5aa6be3b0638b5af83976e61a214bd9c37,False,True,survivorship-biased exploratory evidence; not Formal Candidate,8002.T,Marubeni Corp.,Trading companies,2024-02-05,90
0f6c05bff4831033,tgs_stable_v2_universe_lab,U15,43d5dd5aa6be3b0638b5af83976e61a214bd9c37,False,True,survivorship-biased exploratory evidence; not Formal Candidate,8015.T,Toyota Tsusho Corp.,Trading companies,2024-02-05,90
0f6c05bff4831033,tgs_stable_v2_universe_lab,U15,43d5dd5aa6be3b0638b5af83976e61a214bd9c37,False,True,survivorship-biased exploratory evidence; not Formal Candidate,8053.T,Sumitomo Corp.,Trading companies,2024-02-05,90
0f6c05bff4831033,tgs_stable_v2_universe_lab,U15,43d5dd5aa6be3b0638b5af83976e61a214bd9c37,False,True,survivorship-biased exploratory evidence; not Formal Candidate,8802.T,"Mitsubishi Estate Co., Ltd.",Real estate,2024-02-05,90
0f6c05bff4831033,tgs_stable_v2_universe_lab,U15,43d5dd5aa6be3b0638b5af83976e61a214bd9c37,False,True,survivorship-biased exploratory evidence; not Formal Candidate,6273.T,SMC Corporation,Machinery,2024-02-06,90
0f6c05bff4831033,tgs_stable_v2_universe_lab,U15,43d5dd5aa6be3b0638b5af83976e61a214bd9c37,False,True,survivorship-biased exploratory evidence; not Formal Candidate,6367.T,"Daikin Industries, Ltd.",Machinery,2024-02-06,90
0f6c05bff4831033,tgs_stable_v2_universe_lab,U15,43d5dd5aa6be3b0638b5af83976e61a214bd9c37,False,True,survivorship-biased exploratory evidence; not Formal Candidate,8801.T,"Mitsui Fudosan Co., Ltd.",Real estate,2024-02-06,90
0f6c05bff4831033,tgs_stable_v2_universe_lab,U15,43d5dd5aa6be3b0638b5af83976e61a214bd9c37,False,True,survivorship-biased exploratory evidence; not Formal Candidate,8802.T,"Mitsubishi Estate Co., Ltd.",Real estate,2024-02-06,90
0f6c05bff4831033,tgs_stable_v2_universe_lab,U15,43d5dd5aa6be3b0638b5af83976e61a214bd9c37,False,True,survivorship-biased exploratory evidence; not Formal Candidate,6273.T,SMC Corporation,Machinery,2024-02-13,90
0f6c05bff4831033,tgs_stable_v2_universe_lab,U15,43d5dd5aa6be3b0638b5af83976e61a214bd9c37,False,True,survivorship-biased exploratory evidence; not Formal Candidate,8053.T,Sumitomo Corp.,Trading companies,2024-02-13,90
0f6c05bff4831033,tgs_stable_v2_universe_lab,U15,43d5dd5aa6be3b0638b5af83976e61a214bd9c37,False,True,survivorship-biased exploratory evidence; not Formal Candidate,8801.T,"Mitsui Fudosan Co., Ltd.",Real estate,2024-02-13,90
0f6c05bff4831033,tgs_stable_v2_universe_lab,U15,43d5dd5aa6be3b0638b5af83976e61a214bd9c37,False,True,survivorship-biased exploratory evidence; not Formal Candidate,6273.T,SMC Corporation,Machinery,2024-02-14,90
0f6c05bff4831033,tgs_stable_v2_universe_lab,U15,43d5dd5aa6be3b0638b5af83976e61a214bd9c37,False,True,survivorship-biased exploratory evidence; not Formal Candidate,8015.T,Toyota Tsusho Corp.,Trading companies,2024-02-14,90
0f6c05bff4831033,tgs_stable_v2_universe_lab,U15,43d5dd5aa6be3b0638b5af83976e61a214bd9c37,False,True,survivorship-biased exploratory evidence; not Formal Candidate,6273.T,SMC Corporation,Machinery,2024-02-15,90
0f6c05bff4831033,tgs_stable_v2_universe_lab,U15,43d5dd5aa6be3b0638b5af83976e61a214bd9c37,False,True,survivorship-biased exploratory evidence; not Formal Candidate,8015.T,Toyota Tsusho Corp.,Trading companies,2024-02-15,90
0f6c05bff4831033,tgs_stable_v2_universe_lab,U15,43d5dd5aa6be3b0638b5af83976e61a214bd9c37,False,True,survivorship-biased exploratory evidence; not Formal Candidate,8002.T,Marubeni Corp.,Trading companies,2024-02-26,90
0f6c05bff4831033,tgs_stable_v2_universe_lab,U15,43d5dd5aa6be3b0638b5af83976e61a214bd9c37,False,True,survivorship-biased exploratory evidence; not Formal Candidate,8015.T,Toyota Tsusho Corp.,Trading companies,2024-02-29,90
0f6c05bff4831033,tgs_stable_v2_universe_lab,U15,43d5dd5aa6be3b0638b5af83976e61a214bd9c37,False,True,survivorship-biased exploratory evidence; not Formal Candidate,8053.T,Sumitomo Corp.,Trading companies,2024-02-29,90
0f6c05bff4831033,tgs_stable_v2_universe_lab,U15,43d5dd5aa6be3b0638b5af83976e61a214bd9c37,False,True,survivorship-biased exploratory evidence; not Formal Candidate,6273.T,SMC Corporation,Machinery,2024-03-08,90
0f6c05bff4831033,tgs_stable_v2_universe_lab,U15,43d5dd5aa6be3b0638b5af83976e61a214bd9c37,False,True,survivorship-biased exploratory evidence; not Formal Candidate,6301.T,Komatsu Ltd.,Machinery,2024-03-08,90
0f6c05bff4831033,tgs_stable_v2_universe_lab,U15,43d5dd5aa6be3b0638b5af83976e61a214bd9c37,False,True,survivorship-biased exploratory evidence; not Formal Candidate,8031.T,"Mitsui & Co., Ltd.",Trading companies,2024-03-12,90
0f6c05bff4831033,tgs_stable_v2_universe_lab,U15,43d5dd5aa6be3b0638b5af83976e61a214bd9c37,False,True,survivorship-biased exploratory evidence; not Formal Candidate,5801.T,"The Furukawa Electric Co., Ltd.",Nonferrous metals,2024-03-15,90
0f6c05bff4831033,tgs_stable_v2_universe_lab,U15,43d5dd5aa6be3b0638b5af83976e61a214bd9c37,False,True,survivorship-biased exploratory evidence; not Formal Candidate,8002.T,Marubeni Corp.,Trading companies,2024-03-15,90
0f6c05bff4831033,tgs_stable_v2_universe_lab,U15,43d5dd5aa6be3b0638b5af83976e61a214bd9c37,False,True,survivorship-biased exploratory evidence; not Formal Candidate,8031.T,"Mitsui & Co., Ltd.",Trading companies,2024-03-15,90
0f6c05bff4831033,tgs_stable_v2_universe_lab,U15,43d5dd5aa6be3b0638b5af83976e61a214bd9c37,False,True,survivorship-biased exploratory evidence; not Formal Candidate,8053.T,Sumitomo Corp.,Trading companies,2024-03-15,90
0f6c05bff4831033,tgs_stable_v2_universe_lab,U15,43d5dd5aa6be3b0638b5af83976e61a214bd9c37,False,True,survivorship-biased exploratory evidence; not Formal Candidate,8801.T,"Mitsui Fudosan Co., Ltd.",Real estate,2024-03-15,90
0f6c05bff4831033,tgs_stable_v2_universe_lab,U15,43d5dd5aa6be3b0638b5af83976e61a214bd9c37,False,True,survivorship-biased exploratory evidence; not Formal Candidate,6301.T,Komatsu Ltd.,Machinery,2024-03-22,90
0f6c05bff4831033,tgs_stable_v2_universe_lab,U15,43d5dd5aa6be3b0638b5af83976e61a214bd9c37,False,True,survivorship-biased exploratory evidence; not Formal Candidate,8801.T,"Mitsui Fudosan Co., Ltd.",Real estate,2024-04-12,90
0f6c05bff4831033,tgs_stable_v2_universe_lab,U15,43d5dd5aa6be3b0638b5af83976e61a214bd9c37,False,True,survivorship-biased exploratory evidence; not Formal Candidate,8801.T,"Mitsui Fudosan Co., Ltd.",Real estate,2024-04-15,90
0f6c05bff4831033,tgs_stable_v2_universe_lab,U15,43d5dd5aa6be3b0638b5af83976e61a214bd9c37,False,True,survivorship-biased exploratory evidence; not Formal Candidate,5803.T,Fujikura Ltd.,Nonferrous metals,2024-04-19,90
0f6c05bff4831033,tgs_stable_v2_universe_lab,U15,43d5dd5aa6be3b0638b5af83976e61a214bd9c37,False,True,survivorship-biased exploratory evidence; not Formal Candidate,5803.T,Fujikura Ltd.,Nonferrous metals,2024-04-22,90
0f6c05bff4831033,tgs_stable_v2_universe_lab,U15,43d5dd5aa6be3b0638b5af83976e61a214bd9c37,False,True,survivorship-biased exploratory evidence; not Formal Candidate,6301.T,Komatsu Ltd.,Machinery,2024-04-25,90
0f6c05bff4831033,tgs_stable_v2_universe_lab,U15,43d5dd5aa6be3b0638b5af83976e61a214bd9c37,False,True,survivorship-biased exploratory evidence; not Formal Candidate,6301.T,Komatsu Ltd.,Machinery,2024-04-30,90
0f6c05bff4831033,tgs_stable_v2_universe_lab,U15,43d5dd5aa6be3b0638b5af83976e61a214bd9c37,False,True,survivorship-biased exploratory evidence; not Formal Candidate,8031.T,"Mitsui & Co., Ltd.",Trading companies,2024-04-30,90
0f6c05bff4831033,tgs_stable_v2_universe_lab,U15,43d5dd5aa6be3b0638b5af83976e61a214bd9c37,False,True,survivorship-biased exploratory evidence; not Formal Candidate,8058.T,Mitsubishi Corp.,Trading companies,2024-04-30,90
0f6c05bff4831033,tgs_stable_v2_universe_lab,U15,43d5dd5aa6be3b0638b5af83976e61a214bd9c37,False,True,survivorship-biased exploratory evidence; not Formal Candidate,8031.T,"Mitsui & Co., Ltd.",Trading companies,2024-05-01,90
0f6c05bff4831033,tgs_stable_v2_universe_lab,U15,43d5dd5aa6be3b0638b5af83976e61a214bd9c37,False,True,survivorship-biased exploratory evidence; not Formal Candidate,8031.T,"Mitsui & Co., Ltd.",Trading companies,2024-05-02,90
0f6c05bff4831033,tgs_stable_v2_universe_lab,U15,43d5dd5aa6be3b0638b5af83976e61a214bd9c37,False,True,survivorship-biased exploratory evidence; not Formal Candidate,8058.T,Mitsubishi Corp.,Trading companies,2024-05-02,90
0f6c05bff4831033,tgs_stable_v2_universe_lab,U15,43d5dd5aa6be3b0638b5af83976e61a214bd9c37,False,True,survivorship-biased exploratory evidence; not Formal Candidate,8058.T,Mitsubishi Corp.,Trading companies,2024-05-07,90
0f6c05bff4831033,tgs_stable_v2_universe_lab,U15,43d5dd5aa6be3b0638b5af83976e61a214bd9c37,False,True,survivorship-biased exploratory evidence; not Formal Candidate,7011.T,"Mitsubishi Heavy Industries, Ltd.",Machinery,2024-05-08,90
0f6c05bff4831033,tgs_stable_v2_universe_lab,U15,43d5dd5aa6be3b0638b5af83976e61a214bd9c37,False,True,survivorship-biased exploratory evidence; not Formal Candidate,8001.T,Itochu Corp.,Trading companies,2024-05-08,120
0f6c05bff4831033,tgs_stable_v2_universe_lab,U15,43d5dd5aa6be3b0638b5af83976e61a214bd9c37,False,True,survivorship-biased exploratory evidence; not Formal Candidate,8001.T,Itochu Corp.,Trading companies,2024-05-09,100
0f6c05bff4831033,tgs_stable_v2_universe_lab,U15,43d5dd5aa6be3b0638b5af83976e61a214bd9c37,False,True,survivorship-biased exploratory evidence; not Formal Candidate,5802.T,"Sumitomo Electric Industries, Ltd.",Nonferrous metals,2024-05-13,90
0f6c05bff4831033,tgs_stable_v2_universe_lab,U15,43d5dd5aa6be3b0638b5af83976e61a214bd9c37,False,True,survivorship-biased exploratory evidence; not Formal Candidate,8801.T,"Mitsui Fudosan Co., Ltd.",Real estate,2024-05-13,90
0f6c05bff4831033,tgs_stable_v2_universe_lab,U15,43d5dd5aa6be3b0638b5af83976e61a214bd9c37,False,True,survivorship-biased exploratory evidence; not Formal Candidate,5802.T,"Sumitomo Electric Industries, Ltd.",Nonferrous metals,2024-05-14,90
0f6c05bff4831033,tgs_stable_v2_universe_lab,U15,43d5dd5aa6be3b0638b5af83976e61a214bd9c37,False,True,survivorship-biased exploratory evidence; not Formal Candidate,5803.T,Fujikura Ltd.,Nonferrous metals,2024-05-14,90
0f6c05bff4831033,tgs_stable_v2_universe_lab,U15,43d5dd5aa6be3b0638b5af83976e61a214bd9c37,False,True,survivorship-biased exploratory evidence; not Formal Candidate,6367.T,"Daikin Industries, Ltd.",Machinery,2024-05-21,90
0f6c05bff4831033,tgs_stable_v2_universe_lab,U15,43d5dd5aa6be3b0638b5af83976e61a214bd9c37,False,True,survivorship-biased exploratory evidence; not Formal Candidate,5802.T,"Sumitomo Electric Industries, Ltd.",Nonferrous metals,2024-05-31,120
0f6c05bff4831033,tgs_stable_v2_universe_lab,U15,43d5dd5aa6be3b0638b5af83976e61a214bd9c37,False,True,survivorship-biased exploratory evidence; not Formal Candidate,6301.T,Komatsu Ltd.,Machinery,2024-05-31,90
0f6c05bff4831033,tgs_stable_v2_universe_lab,U15,43d5dd5aa6be3b0638b5af83976e61a214bd9c37,False,True,survivorship-biased exploratory evidence; not Formal Candidate,8001.T,Itochu Corp.,Trading companies,2024-05-31,90
0f6c05bff4831033,tgs_stable_v2_universe_lab,U15,43d5dd5aa6be3b0638b5af83976e61a214bd9c37,False,True,survivorship-biased exploratory evidence; not Formal Candidate,8002.T,Marubeni Corp.,Trading companies,2024-05-31,90
0f6c05bff4831033,tgs_stable_v2_universe_lab,U15,43d5dd5aa6be3b0638b5af83976e61a214bd9c37,False,True,survivorship-biased exploratory evidence; not Formal Candidate,8053.T,Sumitomo Corp.,Trading companies,2024-05-31,90
0f6c05bff4831033,tgs_stable_v2_universe_lab,U15,43d5dd5aa6be3b0638b5af83976e61a214bd9c37,False,True,survivorship-biased exploratory evidence; not Formal Candidate,5802.T,"Sumitomo Electric Industries, Ltd.",Nonferrous metals,2024-06-03,100
0f6c05bff4831033,tgs_stable_v2_universe_lab,U15,43d5dd5aa6be3b0638b5af83976e61a214bd9c37,False,True,survivorship-biased exploratory evidence; not Formal Candidate,5801.T,"The Furukawa Electric Co., Ltd.",Nonferrous metals,2024-06-04,90
0f6c05bff4831033,tgs_stable_v2_universe_lab,U15,43d5dd5aa6be3b0638b5af83976e61a214bd9c37,False,True,survivorship-biased exploratory evidence; not Formal Candidate,5802.T,"Sumitomo Electric Industries, Ltd.",Nonferrous metals,2024-06-04,100
0f6c05bff4831033,tgs_stable_v2_universe_lab,U15,43d5dd5aa6be3b0638b5af83976e61a214bd9c37,False,True,survivorship-biased exploratory evidence; not Formal Candidate,5802.T,"Sumitomo Electric Industries, Ltd.",Nonferrous metals,2024-06-05,100
0f6c05bff4831033,tgs_stable_v2_universe_lab,U15,43d5dd5aa6be3b0638b5af83976e61a214bd9c37,False,True,survivorship-biased exploratory evidence; not Formal Candidate,5802.T,"Sumitomo Electric Industries, Ltd.",Nonferrous metals,2024-06-06,100
0f6c05bff4831033,tgs_stable_v2_universe_lab,U15,43d5dd5aa6be3b0638b5af83976e61a214bd9c37,False,True,survivorship-biased exploratory evidence; not Formal Candidate,5802.T,"Sumitomo Electric Industries, Ltd.",Nonferrous metals,2024-06-07,90
0f6c05bff4831033,tgs_stable_v2_universe_lab,U15,43d5dd5aa6be3b0638b5af83976e61a214bd9c37,False,True,survivorship-biased exploratory evidence; not Formal Candidate,8001.T,Itochu Corp.,Trading companies,2024-06-14,90
0f6c05bff4831033,tgs_stable_v2_universe_lab,U15,43d5dd5aa6be3b0638b5af83976e61a214bd9c37,False,True,survivorship-biased exploratory evidence; not Formal Candidate,8001.T,Itochu Corp.,Trading companies,2024-06-21,90
0f6c05bff4831033,tgs_stable_v2_universe_lab,U15,43d5dd5aa6be3b0638b5af83976e61a214bd9c37,False,True,survivorship-biased exploratory evidence; not Formal Candidate,8002.T,Marubeni Corp.,Trading companies,2024-06-21,90
0f6c05bff4831033,tgs_stable_v2_universe_lab,U15,43d5dd5aa6be3b0638b5af83976e61a214bd9c37,False,True,survivorship-biased exploratory evidence; not Formal Candidate,8001.T,Itochu Corp.,Trading companies,2024-06-25,90
0f6c05bff4831033,tgs_stable_v2_universe_lab,U15,43d5dd5aa6be3b0638b5af83976e61a214bd9c37,False,True,survivorship-biased exploratory evidence; not Formal Candidate,8001.T,Itochu Corp.,Trading companies,2024-06-26,90
0f6c05bff4831033,tgs_stable_v2_universe_lab,U15,43d5dd5aa6be3b0638b5af83976e61a214bd9c37,False,True,survivorship-biased exploratory evidence; not Formal Candidate,6301.T,Komatsu Ltd.,Machinery,2024-07-08,100
0f6c05bff4831033,tgs_stable_v2_universe_lab,U15,43d5dd5aa6be3b0638b5af83976e61a214bd9c37,False,True,survivorship-biased exploratory evidence; not Formal Candidate,5801.T,"The Furukawa Electric Co., Ltd.",Nonferrous metals,2024-07-09,90
0f6c05bff4831033,tgs_stable_v2_universe_lab,U15,43d5dd5aa6be3b0638b5af83976e61a214bd9c37,False,True,survivorship-biased exploratory evidence; not Formal Candidate,6301.T,Komatsu Ltd.,Machinery,2024-07-09,100
0f6c05bff4831033,tgs_stable_v2_universe_lab,U15,43d5dd5aa6be3b0638b5af83976e61a214bd9c37,False,True,survivorship-biased exploratory evidence; not Formal Candidate,6301.T,Komatsu Ltd.,Machinery,2024-07-10,100
0f6c05bff4831033,tgs_stable_v2_universe_lab,U15,43d5dd5aa6be3b0638b5af83976e61a214bd9c37,False,True,survivorship-biased exploratory evidence; not Formal Candidate,7011.T,"Mitsubishi Heavy Industries, Ltd.",Machinery,2024-07-10,90
0f6c05bff4831033,tgs_stable_v2_universe_lab,U15,43d5dd5aa6be3b0638b5af83976e61a214bd9c37,False,True,survivorship-biased exploratory evidence; not Formal Candidate,6301.T,Komatsu Ltd.,Machinery,2024-07-11,100
0f6c05bff4831033,tgs_stable_v2_universe_lab,U15,43d5dd5aa6be3b0638b5af83976e61a214bd9c37,False,True,survivorship-biased exploratory evidence; not Formal Candidate,7011.T,"Mitsubishi Heavy Industries, Ltd.",Machinery,2024-07-11,90
0f6c05bff4831033,tgs_stable_v2_universe_lab,U15,43d5dd5aa6be3b0638b5af83976e61a214bd9c37,False,True,survivorship-biased exploratory evidence; not Formal Candidate,6301.T,Komatsu Ltd.,Machinery,2024-07-12,90
0f6c05bff4831033,tgs_stable_v2_universe_lab,U15,43d5dd5aa6be3b0638b5af83976e61a214bd9c37,False,True,survivorship-biased exploratory evidence; not Formal Candidate,7011.T,"Mitsubishi Heavy Industries, Ltd.",Machinery,2024-08-06,90
0f6c05bff4831033,tgs_stable_v2_universe_lab,U15,43d5dd5aa6be3b0638b5af83976e61a214bd9c37,False,True,survivorship-biased exploratory evidence; not Formal Candidate,7011.T,"Mitsubishi Heavy Industries, Ltd.",Machinery,2024-08-07,90
0f6c05bff4831033,tgs_stable_v2_universe_lab,U15,43d5dd5aa6be3b0638b5af83976e61a214bd9c37,False,True,survivorship-biased exploratory evidence; not Formal Candidate,7011.T,"Mitsubishi Heavy Industries, Ltd.",Machinery,2024-08-16,100
0f6c05bff4831033,tgs_stable_v2_universe_lab,U15,43d5dd5aa6be3b0638b5af83976e61a214bd9c37,False,True,survivorship-biased exploratory evidence; not Formal Candidate,7011.T,"Mitsubishi Heavy Industries, Ltd.",Machinery,2024-08-19,100
0f6c05bff4831033,tgs_stable_v2_universe_lab,U15,43d5dd5aa6be3b0638b5af83976e61a214bd9c37,False,True,survivorship-biased exploratory evidence; not Formal Candidate,7011.T,"Mitsubishi Heavy Industries, Ltd.",Machinery,2024-08-20,100
0f6c05bff4831033,tgs_stable_v2_universe_lab,U15,43d5dd5aa6be3b0638b5af83976e61a214bd9c37,False,True,survivorship-biased exploratory evidence; not Formal Candidate,7011.T,"Mitsubishi Heavy Industries, Ltd.",Machinery,2024-08-21,100
0f6c05bff4831033,tgs_stable_v2_universe_lab,U15,43d5dd5aa6be3b0638b5af83976e61a214bd9c37,False,True,survivorship-biased exploratory evidence; not Formal Candidate,7011.T,"Mitsubishi Heavy Industries, Ltd.",Machinery,2024-08-22,100
0f6c05bff4831033,tgs_stable_v2_universe_lab,U15,43d5dd5aa6be3b0638b5af83976e61a214bd9c37,False,True,survivorship-biased exploratory evidence; not Formal Candidate,5803.T,Fujikura Ltd.,Nonferrous metals,2024-08-26,100
0f6c05bff4831033,tgs_stable_v2_universe_lab,U15,43d5dd5aa6be3b0638b5af83976e61a214bd9c37,False,True,survivorship-biased exploratory evidence; not Formal Candidate,5803.T,Fujikura Ltd.,Nonferrous metals,2024-08-27,100
0f6c05bff4831033,tgs_stable_v2_universe_lab,U15,43d5dd5aa6be3b0638b5af83976e61a214bd9c37,False,True,survivorship-biased exploratory evidence; not Formal Candidate,5803.T,Fujikura Ltd.,Nonferrous metals,2024-08-28,100
0f6c05bff4831033,tgs_stable_v2_universe_lab,U15,43d5dd5aa6be3b0638b5af83976e61a214bd9c37,False,True,survivorship-biased exploratory evidence; not Formal Candidate,7011.T,"Mitsubishi Heavy Industries, Ltd.",Machinery,2024-09-27,100
0f6c05bff4831033,tgs_stable_v2_universe_lab,U15,43d5dd5aa6be3b0638b5af83976e61a214bd9c37,False,True,survivorship-biased exploratory evidence; not Formal Candidate,7011.T,"Mitsubishi Heavy Industries, Ltd.",Machinery,2024-09-30,100
0f6c05bff4831033,tgs_stable_v2_universe_lab,U15,43d5dd5aa6be3b0638b5af83976e61a214bd9c37,False,True,survivorship-biased exploratory evidence; not Formal Candidate,7011.T,"Mitsubishi Heavy Industries, Ltd.",Machinery,2024-10-01,100
0f6c05bff4831033,tgs_stable_v2_universe_lab,U15,43d5dd5aa6be3b0638b5af83976e61a214bd9c37,False,True,survivorship-biased exploratory evidence; not Formal Candidate,7011.T,"Mitsubishi Heavy Industries, Ltd.",Machinery,2024-10-02,100
0f6c05bff4831033,tgs_stable_v2_universe_lab,U15,43d5dd5aa6be3b0638b5af83976e61a214bd9c37,False,True,survivorship-biased exploratory evidence; not Formal Candidate,7011.T,"Mitsubishi Heavy Industries, Ltd.",Machinery,2024-10-03,100
0f6c05bff4831033,tgs_stable_v2_universe_lab,U15,43d5dd5aa6be3b0638b5af83976e61a214bd9c37,False,True,survivorship-biased exploratory evidence; not Formal Candidate,8001.T,Itochu Corp.,Trading companies,2024-10-04,100
0f6c05bff4831033,tgs_stable_v2_universe_lab,U15,43d5dd5aa6be3b0638b5af83976e61a214bd9c37,False,True,survivorship-biased exploratory evidence; not Formal Candidate,8001.T,Itochu Corp.,Trading companies,2024-10-07,100
0f6c05bff4831033,tgs_stable_v2_universe_lab,U15,43d5dd5aa6be3b0638b5af83976e61a214bd9c37,False,True,survivorship-biased exploratory evidence; not Formal Candidate,8001.T,Itochu Corp.,Trading companies,2024-10-08,100
0f6c05bff4831033,tgs_stable_v2_universe_lab,U15,43d5dd5aa6be3b0638b5af83976e61a214bd9c37,False,True,survivorship-biased exploratory evidence; not Formal Candidate,8001.T,Itochu Corp.,Trading companies,2024-10-09,100
0f6c05bff4831033,tgs_stable_v2_universe_lab,U15,43d5dd5aa6be3b0638b5af83976e61a214bd9c37,False,True,survivorship-biased exploratory evidence; not Formal Candidate,8001.T,Itochu Corp.,Trading companies,2024-10-10,100
0f6c05bff4831033,tgs_stable_v2_universe_lab,U15,43d5dd5aa6be3b0638b5af83976e61a214bd9c37,False,True,survivorship-biased exploratory evidence; not Formal Candidate,5803.T,Fujikura Ltd.,Nonferrous metals,2024-10-17,90
0f6c05bff4831033,tgs_stable_v2_universe_lab,U15,43d5dd5aa6be3b0638b5af83976e61a214bd9c37,False,True,survivorship-biased exploratory evidence; not Formal Candidate,5803.T,Fujikura Ltd.,Nonferrous metals,2024-11-08,90
0f6c05bff4831033,tgs_stable_v2_universe_lab,U15,43d5dd5aa6be3b0638b5af83976e61a214bd9c37,False,True,survivorship-biased exploratory evidence; not Formal Candidate,6301.T,Komatsu Ltd.,Machinery,2024-11-08,100
0f6c05bff4831033,tgs_stable_v2_universe_lab,U15,43d5dd5aa6be3b0638b5af83976e61a214bd9c37,False,True,survivorship-biased exploratory evidence; not Formal Candidate,5801.T,"The Furukawa Electric Co., Ltd.",Nonferrous metals,2024-11-11,100
0f6c05bff4831033,tgs_stable_v2_universe_lab,U15,43d5dd5aa6be3b0638b5af83976e61a214bd9c37,False,True,survivorship-biased exploratory evidence; not Formal Candidate,5802.T,"Sumitomo Electric Industries, Ltd.",Nonferrous metals,2024-11-11,100
0f6c05bff4831033,tgs_stable_v2_universe_lab,U15,43d5dd5aa6be3b0638b5af83976e61a214bd9c37,False,True,survivorship-biased exploratory evidence; not Formal Candidate,5803.T,Fujikura Ltd.,Nonferrous metals,2024-11-11,90
0f6c05bff4831033,tgs_stable_v2_universe_lab,U15,43d5dd5aa6be3b0638b5af83976e61a214bd9c37,False,True,survivorship-biased exploratory evidence; not Formal Candidate,6301.T,Komatsu Ltd.,Machinery,2024-11-11,100
0f6c05bff4831033,tgs_stable_v2_universe_lab,U15,43d5dd5aa6be3b0638b5af83976e61a214bd9c37,False,True,survivorship-biased exploratory evidence; not Formal Candidate,5801.T,"The Furukawa Electric Co., Ltd.",Nonferrous metals,2024-11-12,100
0f6c05bff4831033,tgs_stable_v2_universe_lab,U15,43d5dd5aa6be3b0638b5af83976e61a214bd9c37,False,True,survivorship-biased exploratory evidence; not Formal Candidate,6301.T,Komatsu Ltd.,Machinery,2024-11-12,100
0f6c05bff4831033,tgs_stable_v2_universe_lab,U15,43d5dd5aa6be3b0638b5af83976e61a214bd9c37,False,True,survivorship-biased exploratory evidence; not Formal Candidate,5801.T,"The Furukawa Electric Co., Ltd.",Nonferrous metals,2024-11-13,100
0f6c05bff4831033,tgs_stable_v2_universe_lab,U15,43d5dd5aa6be3b0638b5af83976e61a214bd9c37,False,True,survivorship-biased exploratory evidence; not Formal Candidate,6301.T,Komatsu Ltd.,Machinery,2024-11-13,100
0f6c05bff4831033,tgs_stable_v2_universe_lab,U15,43d5dd5aa6be3b0638b5af83976e61a214bd9c37,False,True,survivorship-biased exploratory evidence; not Formal Candidate,5801.T,"The Furukawa Electric Co., Ltd.",Nonferrous metals,2024-11-14,100
0f6c05bff4831033,tgs_stable_v2_universe_lab,U15,43d5dd5aa6be3b0638b5af83976e61a214bd9c37,False,True,survivorship-biased exploratory evidence; not Formal Candidate,5802.T,"Sumitomo Electric Industries, Ltd.",Nonferrous metals,2024-11-14,100
0f6c05bff4831033,tgs_stable_v2_universe_lab,U15,43d5dd5aa6be3b0638b5af83976e61a214bd9c37,False,True,survivorship-biased exploratory evidence; not Formal Candidate,6301.T,Komatsu Ltd.,Machinery,2024-11-14,100
0f6c05bff4831033,tgs_stable_v2_universe_lab,U15,43d5dd5aa6be3b0638b5af83976e61a214bd9c37,False,True,survivorship-biased exploratory evidence; not Formal Candidate,8015.T,Toyota Tsusho Corp.,Trading companies,2024-11-15,100
0f6c05bff4831033,tgs_stable_v2_universe_lab,U15,43d5dd5aa6be3b0638b5af83976e61a214bd9c37,False,True,survivorship-biased exploratory evidence; not Formal Candidate,8031.T,"Mitsui & Co., Ltd.",Trading companies,2024-11-15,100
0f6c05bff4831033,tgs_stable_v2_universe_lab,U15,43d5dd5aa6be3b0638b5af83976e61a214bd9c37,False,True,survivorship-biased exploratory evidence; not Formal Candidate,8015.T,Toyota Tsusho Corp.,Trading companies,2024-11-18,100
0f6c05bff4831033,tgs_stable_v2_universe_lab,U15,43d5dd5aa6be3b0638b5af83976e61a214bd9c37,False,True,survivorship-biased exploratory evidence; not Formal Candidate,8031.T,"Mitsui & Co., Ltd.",Trading companies,2024-11-18,100
0f6c05bff4831033,tgs_stable_v2_universe_lab,U15,43d5dd5aa6be3b0638b5af83976e61a214bd9c37,False,True,survivorship-biased exploratory evidence; not Formal Candidate,5803.T,Fujikura Ltd.,Nonferrous metals,2024-11-19,90
0f6c05bff4831033,tgs_stable_v2_universe_lab,U15,43d5dd5aa6be3b0638b5af83976e61a214bd9c37,False,True,survivorship-biased exploratory evidence; not Formal Candidate,8015.T,Toyota Tsusho Corp.,Trading companies,2024-11-19,100
0f6c05bff4831033,tgs_stable_v2_universe_lab,U15,43d5dd5aa6be3b0638b5af83976e61a214bd9c37,False,True,survivorship-biased exploratory evidence; not Formal Candidate,8031.T,"Mitsui & Co., Ltd.",Trading companies,2024-11-19,100
0f6c05bff4831033,tgs_stable_v2_universe_lab,U15,43d5dd5aa6be3b0638b5af83976e61a214bd9c37,False,True,survivorship-biased exploratory evidence; not Formal Candidate,8015.T,Toyota Tsusho Corp.,Trading companies,2024-11-20,100
0f6c05bff4831033,tgs_stable_v2_universe_lab,U15,43d5dd5aa6be3b0638b5af83976e61a214bd9c37,False,True,survivorship-biased exploratory evidence; not Formal Candidate,8031.T,"Mitsui & Co., Ltd.",Trading companies,2024-11-20,100
0f6c05bff4831033,tgs_stable_v2_universe_lab,U15,43d5dd5aa6be3b0638b5af83976e61a214bd9c37,False,True,survivorship-biased exploratory evidence; not Formal Candidate,8015.T,Toyota Tsusho Corp.,Trading companies,2024-11-21,100
0f6c05bff4831033,tgs_stable_v2_universe_lab,U15,43d5dd5aa6be3b0638b5af83976e61a214bd9c37,False,True,survivorship-biased exploratory evidence; not Formal Candidate,8031.T,"Mitsui & Co., Ltd.",Trading companies,2024-11-21,100
0f6c05bff4831033,tgs_stable_v2_universe_lab,U15,43d5dd5aa6be3b0638b5af83976e61a214bd9c37,False,True,survivorship-biased exploratory evidence; not Formal Candidate,5803.T,Fujikura Ltd.,Nonferrous metals,2024-11-22,90
0f6c05bff4831033,tgs_stable_v2_universe_lab,U15,43d5dd5aa6be3b0638b5af83976e61a214bd9c37,False,True,survivorship-biased exploratory evidence; not Formal Candidate,5803.T,Fujikura Ltd.,Nonferrous metals,2024-11-25,90
0f6c05bff4831033,tgs_stable_v2_universe_lab,U15,43d5dd5aa6be3b0638b5af83976e61a214bd9c37,False,True,survivorship-biased exploratory evidence; not Formal Candidate,6301.T,Komatsu Ltd.,Machinery,2024-11-25,90
0f6c05bff4831033,tgs_stable_v2_universe_lab,U15,43d5dd5aa6be3b0638b5af83976e61a214bd9c37,False,True,survivorship-biased exploratory evidence; not Formal Candidate,8031.T,"Mitsui & Co., Ltd.",Trading companies,2024-11-25,90
0f6c05bff4831033,tgs_stable_v2_universe_lab,U15,43d5dd5aa6be3b0638b5af83976e61a214bd9c37,False,True,survivorship-biased exploratory evidence; not Formal Candidate,5802.T,"Sumitomo Electric Industries, Ltd.",Nonferrous metals,2024-11-27,90
0f6c05bff4831033,tgs_stable_v2_universe_lab,U15,43d5dd5aa6be3b0638b5af83976e61a214bd9c37,False,True,survivorship-biased exploratory evidence; not Formal Candidate,5803.T,Fujikura Ltd.,Nonferrous metals,2024-11-28,90
0f6c05bff4831033,tgs_stable_v2_universe_lab,U15,43d5dd5aa6be3b0638b5af83976e61a214bd9c37,False,True,survivorship-biased exploratory evidence; not Formal Candidate,8031.T,"Mitsui & Co., Ltd.",Trading companies,2024-11-28,90
0f6c05bff4831033,tgs_stable_v2_universe_lab,U15,43d5dd5aa6be3b0638b5af83976e61a214bd9c37,False,True,survivorship-biased exploratory evidence; not Formal Candidate,5803.T,Fujikura Ltd.,Nonferrous metals,2024-12-03,90
0f6c05bff4831033,tgs_stable_v2_universe_lab,U15,43d5dd5aa6be3b0638b5af83976e61a214bd9c37,False,True,survivorship-biased exploratory evidence; not Formal Candidate,8053.T,Sumitomo Corp.,Trading companies,2024-12-13,100
0f6c05bff4831033,tgs_stable_v2_universe_lab,U15,43d5dd5aa6be3b0638b5af83976e61a214bd9c37,False,True,survivorship-biased exploratory evidence; not Formal Candidate,8053.T,Sumitomo Corp.,Trading companies,2024-12-16,100
0f6c05bff4831033,tgs_stable_v2_universe_lab,U15,43d5dd5aa6be3b0638b5af83976e61a214bd9c37,False,True,survivorship-biased exploratory evidence; not Formal Candidate,8053.T,Sumitomo Corp.,Trading companies,2024-12-17,100
0f6c05bff4831033,tgs_stable_v2_universe_lab,U15,43d5dd5aa6be3b0638b5af83976e61a214bd9c37,False,True,survivorship-biased exploratory evidence; not Formal Candidate,8053.T,Sumitomo Corp.,Trading companies,2024-12-18,100
0f6c05bff4831033,tgs_stable_v2_universe_lab,U15,43d5dd5aa6be3b0638b5af83976e61a214bd9c37,False,True,survivorship-biased exploratory evidence; not Formal Candidate,8053.T,Sumitomo Corp.,Trading companies,2024-12-19,100
0f6c05bff4831033,tgs_stable_v2_universe_lab,U15,43d5dd5aa6be3b0638b5af83976e61a214bd9c37,False,True,survivorship-biased exploratory evidence; not Formal Candidate,6301.T,Komatsu Ltd.,Machinery,2024-12-20,90
0f6c05bff4831033,tgs_stable_v2_universe_lab,U15,43d5dd5aa6be3b0638b5af83976e61a214bd9c37,False,True,survivorship-biased exploratory evidence; not Formal Candidate,8031.T,"Mitsui & Co., Ltd.",Trading companies,2024-12-20,90
0f6c05bff4831033,tgs_stable_v2_universe_lab,U15,43d5dd5aa6be3b0638b5af83976e61a214bd9c37,False,True,survivorship-biased exploratory evidence; not Formal Candidate,8053.T,Sumitomo Corp.,Trading companies,2024-12-20,90
0f6c05bff4831033,tgs_stable_v2_universe_lab,U15,43d5dd5aa6be3b0638b5af83976e61a214bd9c37,False,True,survivorship-biased exploratory evidence; not Formal Candidate,8002.T,Marubeni Corp.,Trading companies,2024-12-27,100
0f6c05bff4831033,tgs_stable_v2_universe_lab,U15,43d5dd5aa6be3b0638b5af83976e61a214bd9c37,False,True,survivorship-biased exploratory evidence; not Formal Candidate,8002.T,Marubeni Corp.,Trading companies,2024-12-30,100
0f6c05bff4831033,tgs_stable_v2_universe_lab,U15,43d5dd5aa6be3b0638b5af83976e61a214bd9c37,False,True,survivorship-biased exploratory evidence; not Formal Candidate,8015.T,Toyota Tsusho Corp.,Trading companies,2025-01-06,90
0f6c05bff4831033,tgs_stable_v2_universe_lab,U15,43d5dd5aa6be3b0638b5af83976e61a214bd9c37,False,True,survivorship-biased exploratory evidence; not Formal Candidate,5803.T,Fujikura Ltd.,Nonferrous metals,2025-01-09,90
0f6c05bff4831033,tgs_stable_v2_universe_lab,U15,43d5dd5aa6be3b0638b5af83976e61a214bd9c37,False,True,survivorship-biased exploratory evidence; not Formal Candidate,5801.T,"The Furukawa Electric Co., Ltd.",Nonferrous metals,2025-01-16,90
0f6c05bff4831033,tgs_stable_v2_universe_lab,U15,43d5dd5aa6be3b0638b5af83976e61a214bd9c37,False,True,survivorship-biased exploratory evidence; not Formal Candidate,5801.T,"The Furukawa Electric Co., Ltd.",Nonferrous metals,2025-01-17,90
0f6c05bff4831033,tgs_stable_v2_universe_lab,U15,43d5dd5aa6be3b0638b5af83976e61a214bd9c37,False,True,survivorship-biased exploratory evidence; not Formal Candidate,8801.T,"Mitsui Fudosan Co., Ltd.",Real estate,2025-01-24,100
0f6c05bff4831033,tgs_stable_v2_universe_lab,U15,43d5dd5aa6be3b0638b5af83976e61a214bd9c37,False,True,survivorship-biased exploratory evidence; not Formal Candidate,8802.T,"Mitsubishi Estate Co., Ltd.",Real estate,2025-01-24,120
0f6c05bff4831033,tgs_stable_v2_universe_lab,U15,43d5dd5aa6be3b0638b5af83976e61a214bd9c37,False,True,survivorship-biased exploratory evidence; not Formal Candidate,5801.T,"The Furukawa Electric Co., Ltd.",Nonferrous metals,2025-01-27,90
0f6c05bff4831033,tgs_stable_v2_universe_lab,U15,43d5dd5aa6be3b0638b5af83976e61a214bd9c37,False,True,survivorship-biased exploratory evidence; not Formal Candidate,5802.T,"Sumitomo Electric Industries, Ltd.",Nonferrous metals,2025-01-27,120
0f6c05bff4831033,tgs_stable_v2_universe_lab,U15,43d5dd5aa6be3b0638b5af83976e61a214bd9c37,False,True,survivorship-biased exploratory evidence; not Formal Candidate,5803.T,Fujikura Ltd.,Nonferrous metals,2025-01-27,120
0f6c05bff4831033,tgs_stable_v2_universe_lab,U15,43d5dd5aa6be3b0638b5af83976e61a214bd9c37,False,True,survivorship-biased exploratory evidence; not Formal Candidate,5801.T,"The Furukawa Electric Co., Ltd.",Nonferrous metals,2025-01-28,90
0f6c05bff4831033,tgs_stable_v2_universe_lab,U15,43d5dd5aa6be3b0638b5af83976e61a214bd9c37,False,True,survivorship-biased exploratory evidence; not Formal Candidate,5802.T,"Sumitomo Electric Industries, Ltd.",Nonferrous metals,2025-01-28,120
0f6c05bff4831033,tgs_stable_v2_universe_lab,U15,43d5dd5aa6be3b0638b5af83976e61a214bd9c37,False,True,survivorship-biased exploratory evidence; not Formal Candidate,5803.T,Fujikura Ltd.,Nonferrous metals,2025-01-28,120
0f6c05bff4831033,tgs_stable_v2_universe_lab,U15,43d5dd5aa6be3b0638b5af83976e61a214bd9c37,False,True,survivorship-biased exploratory evidence; not Formal Candidate,8801.T,"Mitsui Fudosan Co., Ltd.",Real estate,2025-01-28,100
0f6c05bff4831033,tgs_stable_v2_universe_lab,U15,43d5dd5aa6be3b0638b5af83976e61a214bd9c37,False,True,survivorship-biased exploratory evidence; not Formal Candidate,5801.T,"The Furukawa Electric Co., Ltd.",Nonferrous metals,2025-01-29,90
0f6c05bff4831033,tgs_stable_v2_universe_lab,U15,43d5dd5aa6be3b0638b5af83976e61a214bd9c37,False,True,survivorship-biased exploratory evidence; not Formal Candidate,5802.T,"Sumitomo Electric Industries, Ltd.",Nonferrous metals,2025-01-29,120
0f6c05bff4831033,tgs_stable_v2_universe_lab,U15,43d5dd5aa6be3b0638b5af83976e61a214bd9c37,False,True,survivorship-biased exploratory evidence; not Formal Candidate,5803.T,Fujikura Ltd.,Nonferrous metals,2025-01-29,120
0f6c05bff4831033,tgs_stable_v2_universe_lab,U15,43d5dd5aa6be3b0638b5af83976e61a214bd9c37,False,True,survivorship-biased exploratory evidence; not Formal Candidate,5802.T,"Sumitomo Electric Industries, Ltd.",Nonferrous metals,2025-01-30,100
0f6c05bff4831033,tgs_stable_v2_universe_lab,U15,43d5dd5aa6be3b0638b5af83976e61a214bd9c37,False,True,survivorship-biased exploratory evidence; not Formal Candidate,5803.T,Fujikura Ltd.,Nonferrous metals,2025-01-30,100
0f6c05bff4831033,tgs_stable_v2_universe_lab,U15,43d5dd5aa6be3b0638b5af83976e61a214bd9c37,False,True,survivorship-biased exploratory evidence; not Formal Candidate,8015.T,Toyota Tsusho Corp.,Trading companies,2025-01-31,90
0f6c05bff4831033,tgs_stable_v2_universe_lab,U15,43d5dd5aa6be3b0638b5af83976e61a214bd9c37,False,True,survivorship-biased exploratory evidence; not Formal Candidate,5802.T,"Sumitomo Electric Industries, Ltd.",Nonferrous metals,2025-02-03,90
0f6c05bff4831033,tgs_stable_v2_universe_lab,U15,43d5dd5aa6be3b0638b5af83976e61a214bd9c37,False,True,survivorship-biased exploratory evidence; not Formal Candidate,6301.T,Komatsu Ltd.,Machinery,2025-02-03,90
0f6c05bff4831033,tgs_stable_v2_universe_lab,U15,43d5dd5aa6be3b0638b5af83976e61a214bd9c37,False,True,survivorship-biased exploratory evidence; not Formal Candidate,8002.T,Marubeni Corp.,Trading companies,2025-02-03,90
0f6c05bff4831033,tgs_stable_v2_universe_lab,U15,43d5dd5aa6be3b0638b5af83976e61a214bd9c37,False,True,survivorship-biased exploratory evidence; not Formal Candidate,5802.T,"Sumitomo Electric Industries, Ltd.",Nonferrous metals,2025-02-04,90
0f6c05bff4831033,tgs_stable_v2_universe_lab,U15,43d5dd5aa6be3b0638b5af83976e61a214bd9c37,False,True,survivorship-biased exploratory evidence; not Formal Candidate,5802.T,"Sumitomo Electric Industries, Ltd.",Nonferrous metals,2025-02-05,90
0f6c05bff4831033,tgs_stable_v2_universe_lab,U15,43d5dd5aa6be3b0638b5af83976e61a214bd9c37,False,True,survivorship-biased exploratory evidence; not Formal Candidate,8002.T,Marubeni Corp.,Trading companies,2025-02-05,90
0f6c05bff4831033,tgs_stable_v2_universe_lab,U15,43d5dd5aa6be3b0638b5af83976e61a214bd9c37,False,True,survivorship-biased exploratory evidence; not Formal Candidate,8801.T,"Mitsui Fudosan Co., Ltd.",Real estate,2025-02-07,90
0f6c05bff4831033,tgs_stable_v2_universe_lab,U15,43d5dd5aa6be3b0638b5af83976e61a214bd9c37,False,True,survivorship-biased exploratory evidence; not Formal Candidate,8802.T,"Mitsubishi Estate Co., Ltd.",Real estate,2025-02-10,90
0f6c05bff4831033,tgs_stable_v2_universe_lab,U15,43d5dd5aa6be3b0638b5af83976e61a214bd9c37,False,True,survivorship-biased exploratory evidence; not Formal Candidate,5801.T,"The Furukawa Electric Co., Ltd.",Nonferrous metals,2025-02-12,90
0f6c05bff4831033,tgs_stable_v2_universe_lab,U15,43d5dd5aa6be3b0638b5af83976e61a214bd9c37,False,True,survivorship-biased exploratory evidence; not Formal Candidate,5801.T,"The Furukawa Electric Co., Ltd.",Nonferrous metals,2025-02-13,90
0f6c05bff4831033,tgs_stable_v2_universe_lab,U15,43d5dd5aa6be3b0638b5af83976e61a214bd9c37,False,True,survivorship-biased exploratory evidence; not Formal Candidate,5801.T,"The Furukawa Electric Co., Ltd.",Nonferrous metals,2025-02-14,90
0f6c05bff4831033,tgs_stable_v2_universe_lab,U15,43d5dd5aa6be3b0638b5af83976e61a214bd9c37,False,True,survivorship-biased exploratory evidence; not Formal Candidate,8053.T,Sumitomo Corp.,Trading companies,2025-02-25,90
0f6c05bff4831033,tgs_stable_v2_universe_lab,U15,43d5dd5aa6be3b0638b5af83976e61a214bd9c37,False,True,survivorship-biased exploratory evidence; not Formal Candidate,8002.T,Marubeni Corp.,Trading companies,2025-02-26,90
0f6c05bff4831033,tgs_stable_v2_universe_lab,U15,43d5dd5aa6be3b0638b5af83976e61a214bd9c37,False,True,survivorship-biased exploratory evidence; not Formal Candidate,8053.T,Sumitomo Corp.,Trading companies,2025-02-26,90
0f6c05bff4831033,tgs_stable_v2_universe_lab,U15,43d5dd5aa6be3b0638b5af83976e61a214bd9c37,False,True,survivorship-biased exploratory evidence; not Formal Candidate,8002.T,Marubeni Corp.,Trading companies,2025-02-27,90
0f6c05bff4831033,tgs_stable_v2_universe_lab,U15,43d5dd5aa6be3b0638b5af83976e61a214bd9c37,False,True,survivorship-biased exploratory evidence; not Formal Candidate,6301.T,Komatsu Ltd.,Machinery,2025-02-28,90
0f6c05bff4831033,tgs_stable_v2_universe_lab,U15,43d5dd5aa6be3b0638b5af83976e61a214bd9c37,False,True,survivorship-biased exploratory evidence; not Formal Candidate,8002.T,Marubeni Corp.,Trading companies,2025-02-28,90
0f6c05bff4831033,tgs_stable_v2_universe_lab,U15,43d5dd5aa6be3b0638b5af83976e61a214bd9c37,False,True,survivorship-biased exploratory evidence; not Formal Candidate,8058.T,Mitsubishi Corp.,Trading companies,2025-02-28,120
0f6c05bff4831033,tgs_stable_v2_universe_lab,U15,43d5dd5aa6be3b0638b5af83976e61a214bd9c37,False,True,survivorship-biased exploratory evidence; not Formal Candidate,8802.T,"Mitsubishi Estate Co., Ltd.",Real estate,2025-02-28,90
0f6c05bff4831033,tgs_stable_v2_universe_lab,U15,43d5dd5aa6be3b0638b5af83976e61a214bd9c37,False,True,survivorship-biased exploratory evidence; not Formal Candidate,8058.T,Mitsubishi Corp.,Trading companies,2025-03-03,100
0f6c05bff4831033,tgs_stable_v2_universe_lab,U15,43d5dd5aa6be3b0638b5af83976e61a214bd9c37,False,True,survivorship-biased exploratory evidence; not Formal Candidate,8058.T,Mitsubishi Corp.,Trading companies,2025-03-04,100
0f6c05bff4831033,tgs_stable_v2_universe_lab,U15,43d5dd5aa6be3b0638b5af83976e61a214bd9c37,False,True,survivorship-biased exploratory evidence; not Formal Candidate,8802.T,"Mitsubishi Estate Co., Ltd.",Real estate,2025-03-04,90
0f6c05bff4831033,tgs_stable_v2_universe_lab,U15,43d5dd5aa6be3b0638b5af83976e61a214bd9c37,False,True,survivorship-biased exploratory evidence; not Formal Candidate,6301.T,Komatsu Ltd.,Machinery,2025-03-05,90
0f6c05bff4831033,tgs_stable_v2_universe_lab,U15,43d5dd5aa6be3b0638b5af83976e61a214bd9c37,False,True,survivorship-biased exploratory evidence; not Formal Candidate,8058.T,Mitsubishi Corp.,Trading companies,2025-03-05,100
0f6c05bff4831033,tgs_stable_v2_universe_lab,U15,43d5dd5aa6be3b0638b5af83976e61a214bd9c37,False,True,survivorship-biased exploratory evidence; not Formal Candidate,8058.T,Mitsubishi Corp.,Trading companies,2025-03-06,100
0f6c05bff4831033,tgs_stable_v2_universe_lab,U15,43d5dd5aa6be3b0638b5af83976e61a214bd9c37,False,True,survivorship-biased exploratory evidence; not Formal Candidate,8015.T,Toyota Tsusho Corp.,Trading companies,2025-03-14,100
0f6c05bff4831033,tgs_stable_v2_universe_lab,U15,43d5dd5aa6be3b0638b5af83976e61a214bd9c37,False,True,survivorship-biased exploratory evidence; not Formal Candidate,8015.T,Toyota Tsusho Corp.,Trading companies,2025-03-17,100
0f6c05bff4831033,tgs_stable_v2_universe_lab,U15,43d5dd5aa6be3b0638b5af83976e61a214bd9c37,False,True,survivorship-biased exploratory evidence; not Formal Candidate,7011.T,"Mitsubishi Heavy Industries, Ltd.",Machinery,2025-03-21,100
0f6c05bff4831033,tgs_stable_v2_universe_lab,U15,43d5dd5aa6be3b0638b5af83976e61a214bd9c37,False,True,survivorship-biased exploratory evidence; not Formal Candidate,8015.T,Toyota Tsusho Corp.,Trading companies,2025-03-21,90
0f6c05bff4831033,tgs_stable_v2_universe_lab,U15,43d5dd5aa6be3b0638b5af83976e61a214bd9c37,False,True,survivorship-biased exploratory evidence; not Formal Candidate,8802.T,"Mitsubishi Estate Co., Ltd.",Real estate,2025-03-21,90
0f6c05bff4831033,tgs_stable_v2_universe_lab,U15,43d5dd5aa6be3b0638b5af83976e61a214bd9c37,False,True,survivorship-biased exploratory evidence; not Formal Candidate,7011.T,"Mitsubishi Heavy Industries, Ltd.",Machinery,2025-03-25,100
0f6c05bff4831033,tgs_stable_v2_universe_lab,U15,43d5dd5aa6be3b0638b5af83976e61a214bd9c37,False,True,survivorship-biased exploratory evidence; not Formal Candidate,7011.T,"Mitsubishi Heavy Industries, Ltd.",Machinery,2025-03-26,100
0f6c05bff4831033,tgs_stable_v2_universe_lab,U15,43d5dd5aa6be3b0638b5af83976e61a214bd9c37,False,True,survivorship-biased exploratory evidence; not Formal Candidate,7011.T,"Mitsubishi Heavy Industries, Ltd.",Machinery,2025-03-27,100
0f6c05bff4831033,tgs_stable_v2_universe_lab,U15,43d5dd5aa6be3b0638b5af83976e61a214bd9c37,False,True,survivorship-biased exploratory evidence; not Formal Candidate,8058.T,Mitsubishi Corp.,Trading companies,2025-04-03,90
0f6c05bff4831033,tgs_stable_v2_universe_lab,U15,43d5dd5aa6be3b0638b5af83976e61a214bd9c37,False,True,survivorship-biased exploratory evidence; not Formal Candidate,8058.T,Mitsubishi Corp.,Trading companies,2025-04-04,90
0f6c05bff4831033,tgs_stable_v2_universe_lab,U15,43d5dd5aa6be3b0638b5af83976e61a214bd9c37,False,True,survivorship-biased exploratory evidence; not Formal Candidate,8801.T,"Mitsui Fudosan Co., Ltd.",Real estate,2025-04-04,90
0f6c05bff4831033,tgs_stable_v2_universe_lab,U15,43d5dd5aa6be3b0638b5af83976e61a214bd9c37,False,True,survivorship-biased exploratory evidence; not Formal Candidate,8802.T,"Mitsubishi Estate Co., Ltd.",Real estate,2025-04-04,90
0f6c05bff4831033,tgs_stable_v2_universe_lab,U15,43d5dd5aa6be3b0638b5af83976e61a214bd9c37,False,True,survivorship-biased exploratory evidence; not Formal Candidate,8801.T,"Mitsui Fudosan Co., Ltd.",Real estate,2025-04-07,90
0f6c05bff4831033,tgs_stable_v2_universe_lab,U15,43d5dd5aa6be3b0638b5af83976e61a214bd9c37,False,True,survivorship-biased exploratory evidence; not Formal Candidate,8801.T,"Mitsui Fudosan Co., Ltd.",Real estate,2025-04-08,90
0f6c05bff4831033,tgs_stable_v2_universe_lab,U15,43d5dd5aa6be3b0638b5af83976e61a214bd9c37,False,True,survivorship-biased exploratory evidence; not Formal Candidate,8001.T,Itochu Corp.,Trading companies,2025-04-25,100
0f6c05bff4831033,tgs_stable_v2_universe_lab,U15,43d5dd5aa6be3b0638b5af83976e61a214bd9c37,False,True,survivorship-biased exploratory evidence; not Formal Candidate,8053.T,Sumitomo Corp.,Trading companies,2025-04-25,100
0f6c05bff4831033,tgs_stable_v2_universe_lab,U15,43d5dd5aa6be3b0638b5af83976e61a214bd9c37,False,True,survivorship-biased exploratory evidence; not Formal Candidate,8001.T,Itochu Corp.,Trading companies,2025-04-28,100
0f6c05bff4831033,tgs_stable_v2_universe_lab,U15,43d5dd5aa6be3b0638b5af83976e61a214bd9c37,False,True,survivorship-biased exploratory evidence; not Formal Candidate,8053.T,Sumitomo Corp.,Trading companies,2025-04-28,100
0f6c05bff4831033,tgs_stable_v2_universe_lab,U15,43d5dd5aa6be3b0638b5af83976e61a214bd9c37,False,True,survivorship-biased exploratory evidence; not Formal Candidate,8001.T,Itochu Corp.,Trading companies,2025-04-30,100
0f6c05bff4831033,tgs_stable_v2_universe_lab,U15,43d5dd5aa6be3b0638b5af83976e61a214bd9c37,False,True,survivorship-biased exploratory evidence; not Formal Candidate,8053.T,Sumitomo Corp.,Trading companies,2025-04-30,100
0f6c05bff4831033,tgs_stable_v2_universe_lab,U15,43d5dd5aa6be3b0638b5af83976e61a214bd9c37,False,True,survivorship-biased exploratory evidence; not Formal Candidate,8001.T,Itochu Corp.,Trading companies,2025-05-01,100
0f6c05bff4831033,tgs_stable_v2_universe_lab,U15,43d5dd5aa6be3b0638b5af83976e61a214bd9c37,False,True,survivorship-biased exploratory evidence; not Formal Candidate,8053.T,Sumitomo Corp.,Trading companies,2025-05-01,120
0f6c05bff4831033,tgs_stable_v2_universe_lab,U15,43d5dd5aa6be3b0638b5af83976e61a214bd9c37,False,True,survivorship-biased exploratory evidence; not Formal Candidate,6367.T,"Daikin Industries, Ltd.",Machinery,2025-05-02,90
0f6c05bff4831033,tgs_stable_v2_universe_lab,U15,43d5dd5aa6be3b0638b5af83976e61a214bd9c37,False,True,survivorship-biased exploratory evidence; not Formal Candidate,8001.T,Itochu Corp.,Trading companies,2025-05-02,90
0f6c05bff4831033,tgs_stable_v2_universe_lab,U15,43d5dd5aa6be3b0638b5af83976e61a214bd9c37,False,True,survivorship-biased exploratory evidence; not Formal Candidate,8002.T,Marubeni Corp.,Trading companies,2025-05-02,90
0f6c05bff4831033,tgs_stable_v2_universe_lab,U15,43d5dd5aa6be3b0638b5af83976e61a214bd9c37,False,True,survivorship-biased exploratory evidence; not Formal Candidate,8053.T,Sumitomo Corp.,Trading companies,2025-05-02,90
0f6c05bff4831033,tgs_stable_v2_universe_lab,U15,43d5dd5aa6be3b0638b5af83976e61a214bd9c37,False,True,survivorship-biased exploratory evidence; not Formal Candidate,8001.T,Itochu Corp.,Trading companies,2025-05-07,90
0f6c05bff4831033,tgs_stable_v2_universe_lab,U15,43d5dd5aa6be3b0638b5af83976e61a214bd9c37,False,True,survivorship-biased exploratory evidence; not Formal Candidate,8053.T,Sumitomo Corp.,Trading companies,2025-05-07,90
0f6c05bff4831033,tgs_stable_v2_universe_lab,U15,43d5dd5aa6be3b0638b5af83976e61a214bd9c37,False,True,survivorship-biased exploratory evidence; not Formal Candidate,7011.T,"Mitsubishi Heavy Industries, Ltd.",Machinery,2025-05-09,90
0f6c05bff4831033,tgs_stable_v2_universe_lab,U15,43d5dd5aa6be3b0638b5af83976e61a214bd9c37,False,True,survivorship-biased exploratory evidence; not Formal Candidate,8031.T,"Mitsui & Co., Ltd.",Trading companies,2025-05-09,100
0f6c05bff4831033,tgs_stable_v2_universe_lab,U15,43d5dd5aa6be3b0638b5af83976e61a214bd9c37,False,True,survivorship-biased exploratory evidence; not Formal Candidate,8031.T,"Mitsui & Co., Ltd.",Trading companies,2025-05-12,100
0f6c05bff4831033,tgs_stable_v2_universe_lab,U15,43d5dd5aa6be3b0638b5af83976e61a214bd9c37,False,True,survivorship-biased exploratory evidence; not Formal Candidate,8031.T,"Mitsui & Co., Ltd.",Trading companies,2025-05-13,100
0f6c05bff4831033,tgs_stable_v2_universe_lab,U15,43d5dd5aa6be3b0638b5af83976e61a214bd9c37,False,True,survivorship-biased exploratory evidence; not Formal Candidate,8802.T,"Mitsubishi Estate Co., Ltd.",Real estate,2025-05-13,90
0f6c05bff4831033,tgs_stable_v2_universe_lab,U15,43d5dd5aa6be3b0638b5af83976e61a214bd9c37,False,True,survivorship-biased exploratory evidence; not Formal Candidate,8031.T,"Mitsui & Co., Ltd.",Trading companies,2025-05-14,100
0f6c05bff4831033,tgs_stable_v2_universe_lab,U15,43d5dd5aa6be3b0638b5af83976e61a214bd9c37,False,True,survivorship-biased exploratory evidence; not Formal Candidate,8031.T,"Mitsui & Co., Ltd.",Trading companies,2025-05-15,100
0f6c05bff4831033,tgs_stable_v2_universe_lab,U15,43d5dd5aa6be3b0638b5af83976e61a214bd9c37,False,True,survivorship-biased exploratory evidence; not Formal Candidate,5802.T,"Sumitomo Electric Industries, Ltd.",Nonferrous metals,2025-05-23,100
0f6c05bff4831033,tgs_stable_v2_universe_lab,U15,43d5dd5aa6be3b0638b5af83976e61a214bd9c37,False,True,survivorship-biased exploratory evidence; not Formal Candidate,8031.T,"Mitsui & Co., Ltd.",Trading companies,2025-05-30,90
0f6c05bff4831033,tgs_stable_v2_universe_lab,U15,43d5dd5aa6be3b0638b5af83976e61a214bd9c37,False,True,survivorship-biased exploratory evidence; not Formal Candidate,8802.T,"Mitsubishi Estate Co., Ltd.",Real estate,2025-05-30,90
0f6c05bff4831033,tgs_stable_v2_universe_lab,U15,43d5dd5aa6be3b0638b5af83976e61a214bd9c37,False,True,survivorship-biased exploratory evidence; not Formal Candidate,5803.T,Fujikura Ltd.,Nonferrous metals,2025-06-03,100
0f6c05bff4831033,tgs_stable_v2_universe_lab,U15,43d5dd5aa6be3b0638b5af83976e61a214bd9c37,False,True,survivorship-biased exploratory evidence; not Formal Candidate,5801.T,"The Furukawa Electric Co., Ltd.",Nonferrous metals,2025-06-04,100
0f6c05bff4831033,tgs_stable_v2_universe_lab,U15,43d5dd5aa6be3b0638b5af83976e61a214bd9c37,False,True,survivorship-biased exploratory evidence; not Formal Candidate,6301.T,Komatsu Ltd.,Machinery,2025-06-06,100
0f6c05bff4831033,tgs_stable_v2_universe_lab,U15,43d5dd5aa6be3b0638b5af83976e61a214bd9c37,False,True,survivorship-biased exploratory evidence; not Formal Candidate,6301.T,Komatsu Ltd.,Machinery,2025-06-09,100
0f6c05bff4831033,tgs_stable_v2_universe_lab,U15,43d5dd5aa6be3b0638b5af83976e61a214bd9c37,False,True,survivorship-biased exploratory evidence; not Formal Candidate,6301.T,Komatsu Ltd.,Machinery,2025-06-10,100
0f6c05bff4831033,tgs_stable_v2_universe_lab,U15,43d5dd5aa6be3b0638b5af83976e61a214bd9c37,False,True,survivorship-biased exploratory evidence; not Formal Candidate,6301.T,Komatsu Ltd.,Machinery,2025-06-11,100
0f6c05bff4831033,tgs_stable_v2_universe_lab,U15,43d5dd5aa6be3b0638b5af83976e61a214bd9c37,False,True,survivorship-biased exploratory evidence; not Formal Candidate,6301.T,Komatsu Ltd.,Machinery,2025-06-12,100
0f6c05bff4831033,tgs_stable_v2_universe_lab,U15,43d5dd5aa6be3b0638b5af83976e61a214bd9c37,False,True,survivorship-biased exploratory evidence; not Formal Candidate,6301.T,Komatsu Ltd.,Machinery,2025-06-20,90
0f6c05bff4831033,tgs_stable_v2_universe_lab,U15,43d5dd5aa6be3b0638b5af83976e61a214bd9c37,False,True,survivorship-biased exploratory evidence; not Formal Candidate,8001.T,Itochu Corp.,Trading companies,2025-06-20,90
0f6c05bff4831033,tgs_stable_v2_universe_lab,U15,43d5dd5aa6be3b0638b5af83976e61a214bd9c37,False,True,survivorship-biased exploratory evidence; not Formal Candidate,8002.T,Marubeni Corp.,Trading companies,2025-06-20,90
0f6c05bff4831033,tgs_stable_v2_universe_lab,U15,43d5dd5aa6be3b0638b5af83976e61a214bd9c37,False,True,survivorship-biased exploratory evidence; not Formal Candidate,8031.T,"Mitsui & Co., Ltd.",Trading companies,2025-06-20,90
0f6c05bff4831033,tgs_stable_v2_universe_lab,U15,43d5dd5aa6be3b0638b5af83976e61a214bd9c37,False,True,survivorship-biased exploratory evidence; not Formal Candidate,8053.T,Sumitomo Corp.,Trading companies,2025-06-20,90
0f6c05bff4831033,tgs_stable_v2_universe_lab,U15,43d5dd5aa6be3b0638b5af83976e61a214bd9c37,False,True,survivorship-biased exploratory evidence; not Formal Candidate,8058.T,Mitsubishi Corp.,Trading companies,2025-06-20,90
0f6c05bff4831033,tgs_stable_v2_universe_lab,U15,43d5dd5aa6be3b0638b5af83976e61a214bd9c37,False,True,survivorship-biased exploratory evidence; not Formal Candidate,5801.T,"The Furukawa Electric Co., Ltd.",Nonferrous metals,2025-07-02,90
0f6c05bff4831033,tgs_stable_v2_universe_lab,U15,43d5dd5aa6be3b0638b5af83976e61a214bd9c37,False,True,survivorship-biased exploratory evidence; not Formal Candidate,5801.T,"The Furukawa Electric Co., Ltd.",Nonferrous metals,2025-07-08,90
0f6c05bff4831033,tgs_stable_v2_universe_lab,U15,43d5dd5aa6be3b0638b5af83976e61a214bd9c37,False,True,survivorship-biased exploratory evidence; not Formal Candidate,5801.T,"The Furukawa Electric Co., Ltd.",Nonferrous metals,2025-07-15,90
0f6c05bff4831033,tgs_stable_v2_universe_lab,U15,43d5dd5aa6be3b0638b5af83976e61a214bd9c37,False,True,survivorship-biased exploratory evidence; not Formal Candidate,5801.T,"The Furukawa Electric Co., Ltd.",Nonferrous metals,2025-07-18,90
0f6c05bff4831033,tgs_stable_v2_universe_lab,U15,43d5dd5aa6be3b0638b5af83976e61a214bd9c37,False,True,survivorship-biased exploratory evidence; not Formal Candidate,8802.T,"Mitsubishi Estate Co., Ltd.",Real estate,2025-07-23,90
0f6c05bff4831033,tgs_stable_v2_universe_lab,U15,43d5dd5aa6be3b0638b5af83976e61a214bd9c37,False,True,survivorship-biased exploratory evidence; not Formal Candidate,6301.T,Komatsu Ltd.,Machinery,2025-07-29,90
0f6c05bff4831033,tgs_stable_v2_universe_lab,U15,43d5dd5aa6be3b0638b5af83976e61a214bd9c37,False,True,survivorship-biased exploratory evidence; not Formal Candidate,6301.T,Komatsu Ltd.,Machinery,2025-07-30,90
0f6c05bff4831033,tgs_stable_v2_universe_lab,U15,43d5dd5aa6be3b0638b5af83976e61a214bd9c37,False,True,survivorship-biased exploratory evidence; not Formal Candidate,6301.T,Komatsu Ltd.,Machinery,2025-07-31,90
0f6c05bff4831033,tgs_stable_v2_universe_lab,U15,43d5dd5aa6be3b0638b5af83976e61a214bd9c37,False,True,survivorship-biased exploratory evidence; not Formal Candidate,8053.T,Sumitomo Corp.,Trading companies,2025-07-31,90
0f6c05bff4831033,tgs_stable_v2_universe_lab,U15,43d5dd5aa6be3b0638b5af83976e61a214bd9c37,False,True,survivorship-biased exploratory evidence; not Formal Candidate,8001.T,Itochu Corp.,Trading companies,2025-08-01,90
0f6c05bff4831033,tgs_stable_v2_universe_lab,U15,43d5dd5aa6be3b0638b5af83976e61a214bd9c37,False,True,survivorship-biased exploratory evidence; not Formal Candidate,8002.T,Marubeni Corp.,Trading companies,2025-08-01,90
0f6c05bff4831033,tgs_stable_v2_universe_lab,U15,43d5dd5aa6be3b0638b5af83976e61a214bd9c37,False,True,survivorship-biased exploratory evidence; not Formal Candidate,8001.T,Itochu Corp.,Trading companies,2025-08-04,90
0f6c05bff4831033,tgs_stable_v2_universe_lab,U15,43d5dd5aa6be3b0638b5af83976e61a214bd9c37,False,True,survivorship-biased exploratory evidence; not Formal Candidate,8058.T,Mitsubishi Corp.,Trading companies,2025-08-04,90
0f6c05bff4831033,tgs_stable_v2_universe_lab,U15,43d5dd5aa6be3b0638b5af83976e61a214bd9c37,False,True,survivorship-biased exploratory evidence; not Formal Candidate,5801.T,"The Furukawa Electric Co., Ltd.",Nonferrous metals,2025-08-07,90
0f6c05bff4831033,tgs_stable_v2_universe_lab,U15,43d5dd5aa6be3b0638b5af83976e61a214bd9c37,False,True,survivorship-biased exploratory evidence; not Formal Candidate,5801.T,"The Furukawa Electric Co., Ltd.",Nonferrous metals,2025-08-08,90
0f6c05bff4831033,tgs_stable_v2_universe_lab,U15,43d5dd5aa6be3b0638b5af83976e61a214bd9c37,False,True,survivorship-biased exploratory evidence; not Formal Candidate,5801.T,"The Furukawa Electric Co., Ltd.",Nonferrous metals,2025-08-13,90
0f6c05bff4831033,tgs_stable_v2_universe_lab,U15,43d5dd5aa6be3b0638b5af83976e61a214bd9c37,False,True,survivorship-biased exploratory evidence; not Formal Candidate,5801.T,"The Furukawa Electric Co., Ltd.",Nonferrous metals,2025-08-15,90
0f6c05bff4831033,tgs_stable_v2_universe_lab,U15,43d5dd5aa6be3b0638b5af83976e61a214bd9c37,False,True,survivorship-biased exploratory evidence; not Formal Candidate,5801.T,"The Furukawa Electric Co., Ltd.",Nonferrous metals,2025-08-18,90
0f6c05bff4831033,tgs_stable_v2_universe_lab,U15,43d5dd5aa6be3b0638b5af83976e61a214bd9c37,False,True,survivorship-biased exploratory evidence; not Formal Candidate,5801.T,"The Furukawa Electric Co., Ltd.",Nonferrous metals,2025-08-19,90
0f6c05bff4831033,tgs_stable_v2_universe_lab,U15,43d5dd5aa6be3b0638b5af83976e61a214bd9c37,False,True,survivorship-biased exploratory evidence; not Formal Candidate,6301.T,Komatsu Ltd.,Machinery,2025-08-26,90
0f6c05bff4831033,tgs_stable_v2_universe_lab,U15,43d5dd5aa6be3b0638b5af83976e61a214bd9c37,False,True,survivorship-biased exploratory evidence; not Formal Candidate,5801.T,"The Furukawa Electric Co., Ltd.",Nonferrous metals,2025-08-28,90
0f6c05bff4831033,tgs_stable_v2_universe_lab,U15,43d5dd5aa6be3b0638b5af83976e61a214bd9c37,False,True,survivorship-biased exploratory evidence; not Formal Candidate,5801.T,"The Furukawa Electric Co., Ltd.",Nonferrous metals,2025-08-29,90
0f6c05bff4831033,tgs_stable_v2_universe_lab,U15,43d5dd5aa6be3b0638b5af83976e61a214bd9c37,False,True,survivorship-biased exploratory evidence; not Formal Candidate,5802.T,"Sumitomo Electric Industries, Ltd.",Nonferrous metals,2025-09-19,90
0f6c05bff4831033,tgs_stable_v2_universe_lab,U15,43d5dd5aa6be3b0638b5af83976e61a214bd9c37,False,True,survivorship-biased exploratory evidence; not Formal Candidate,8001.T,Itochu Corp.,Trading companies,2025-09-19,90
0f6c05bff4831033,tgs_stable_v2_universe_lab,U15,43d5dd5aa6be3b0638b5af83976e61a214bd9c37,False,True,survivorship-biased exploratory evidence; not Formal Candidate,8801.T,"Mitsui Fudosan Co., Ltd.",Real estate,2025-09-19,90
0f6c05bff4831033,tgs_stable_v2_universe_lab,U15,43d5dd5aa6be3b0638b5af83976e61a214bd9c37,False,True,survivorship-biased exploratory evidence; not Formal Candidate,6301.T,Komatsu Ltd.,Machinery,2025-09-29,90
0f6c05bff4831033,tgs_stable_v2_universe_lab,U15,43d5dd5aa6be3b0638b5af83976e61a214bd9c37,False,True,survivorship-biased exploratory evidence; not Formal Candidate,6273.T,SMC Corporation,Machinery,2025-10-03,90
0f6c05bff4831033,tgs_stable_v2_universe_lab,U15,43d5dd5aa6be3b0638b5af83976e61a214bd9c37,False,True,survivorship-biased exploratory evidence; not Formal Candidate,8801.T,"Mitsui Fudosan Co., Ltd.",Real estate,2025-10-06,90
0f6c05bff4831033,tgs_stable_v2_universe_lab,U15,43d5dd5aa6be3b0638b5af83976e61a214bd9c37,False,True,survivorship-biased exploratory evidence; not Formal Candidate,8802.T,"Mitsubishi Estate Co., Ltd.",Real estate,2025-10-06,90
0f6c05bff4831033,tgs_stable_v2_universe_lab,U15,43d5dd5aa6be3b0638b5af83976e61a214bd9c37,False,True,survivorship-biased exploratory evidence; not Formal Candidate,8801.T,"Mitsui Fudosan Co., Ltd.",Real estate,2025-10-07,90
0f6c05bff4831033,tgs_stable_v2_universe_lab,U15,43d5dd5aa6be3b0638b5af83976e61a214bd9c37,False,True,survivorship-biased exploratory evidence; not Formal Candidate,8802.T,"Mitsubishi Estate Co., Ltd.",Real estate,2025-10-07,90
0f6c05bff4831033,tgs_stable_v2_universe_lab,U15,43d5dd5aa6be3b0638b5af83976e61a214bd9c37,False,True,survivorship-biased exploratory evidence; not Formal Candidate,6301.T,Komatsu Ltd.,Machinery,2025-10-10,90
0f6c05bff4831033,tgs_stable_v2_universe_lab,U15,43d5dd5aa6be3b0638b5af83976e61a214bd9c37,False,True,survivorship-biased exploratory evidence; not Formal Candidate,8002.T,Marubeni Corp.,Trading companies,2025-10-14,90
0f6c05bff4831033,tgs_stable_v2_universe_lab,U15,43d5dd5aa6be3b0638b5af83976e61a214bd9c37,False,True,survivorship-biased exploratory evidence; not Formal Candidate,8053.T,Sumitomo Corp.,Trading companies,2025-10-14,90
0f6c05bff4831033,tgs_stable_v2_universe_lab,U15,43d5dd5aa6be3b0638b5af83976e61a214bd9c37,False,True,survivorship-biased exploratory evidence; not Formal Candidate,7011.T,"Mitsubishi Heavy Industries, Ltd.",Machinery,2025-10-17,100
0f6c05bff4831033,tgs_stable_v2_universe_lab,U15,43d5dd5aa6be3b0638b5af83976e61a214bd9c37,False,True,survivorship-biased exploratory evidence; not Formal Candidate,7011.T,"Mitsubishi Heavy Industries, Ltd.",Machinery,2025-10-21,100
0f6c05bff4831033,tgs_stable_v2_universe_lab,U15,43d5dd5aa6be3b0638b5af83976e61a214bd9c37,False,True,survivorship-biased exploratory evidence; not Formal Candidate,7011.T,"Mitsubishi Heavy Industries, Ltd.",Machinery,2025-10-22,100
0f6c05bff4831033,tgs_stable_v2_universe_lab,U15,43d5dd5aa6be3b0638b5af83976e61a214bd9c37,False,True,survivorship-biased exploratory evidence; not Formal Candidate,6301.T,Komatsu Ltd.,Machinery,2025-10-29,90
0f6c05bff4831033,tgs_stable_v2_universe_lab,U15,43d5dd5aa6be3b0638b5af83976e61a214bd9c37,False,True,survivorship-biased exploratory evidence; not Formal Candidate,6301.T,Komatsu Ltd.,Machinery,2025-10-30,90
0f6c05bff4831033,tgs_stable_v2_universe_lab,U15,43d5dd5aa6be3b0638b5af83976e61a214bd9c37,False,True,survivorship-biased exploratory evidence; not Formal Candidate,8002.T,Marubeni Corp.,Trading companies,2025-10-30,90
0f6c05bff4831033,tgs_stable_v2_universe_lab,U15,43d5dd5aa6be3b0638b5af83976e61a214bd9c37,False,True,survivorship-biased exploratory evidence; not Formal Candidate,8053.T,Sumitomo Corp.,Trading companies,2025-10-30,90
0f6c05bff4831033,tgs_stable_v2_universe_lab,U15,43d5dd5aa6be3b0638b5af83976e61a214bd9c37,False,True,survivorship-biased exploratory evidence; not Formal Candidate,8058.T,Mitsubishi Corp.,Trading companies,2025-10-30,90
0f6c05bff4831033,tgs_stable_v2_universe_lab,U15,43d5dd5aa6be3b0638b5af83976e61a214bd9c37,False,True,survivorship-biased exploratory evidence; not Formal Candidate,8801.T,"Mitsui Fudosan Co., Ltd.",Real estate,2025-10-30,90
0f6c05bff4831033,tgs_stable_v2_universe_lab,U15,43d5dd5aa6be3b0638b5af83976e61a214bd9c37,False,True,survivorship-biased exploratory evidence; not Formal Candidate,8802.T,"Mitsubishi Estate Co., Ltd.",Real estate,2025-10-30,90
0f6c05bff4831033,tgs_stable_v2_universe_lab,U15,43d5dd5aa6be3b0638b5af83976e61a214bd9c37,False,True,survivorship-biased exploratory evidence; not Formal Candidate,6301.T,Komatsu Ltd.,Machinery,2025-10-31,90
0f6c05bff4831033,tgs_stable_v2_universe_lab,U15,43d5dd5aa6be3b0638b5af83976e61a214bd9c37,False,True,survivorship-biased exploratory evidence; not Formal Candidate,8053.T,Sumitomo Corp.,Trading companies,2025-10-31,90
0f6c05bff4831033,tgs_stable_v2_universe_lab,U15,43d5dd5aa6be3b0638b5af83976e61a214bd9c37,False,True,survivorship-biased exploratory evidence; not Formal Candidate,6301.T,Komatsu Ltd.,Machinery,2025-11-04,90
0f6c05bff4831033,tgs_stable_v2_universe_lab,U15,43d5dd5aa6be3b0638b5af83976e61a214bd9c37,False,True,survivorship-biased exploratory evidence; not Formal Candidate,8002.T,Marubeni Corp.,Trading companies,2025-11-04,90
0f6c05bff4831033,tgs_stable_v2_universe_lab,U15,43d5dd5aa6be3b0638b5af83976e61a214bd9c37,False,True,survivorship-biased exploratory evidence; not Formal Candidate,8053.T,Sumitomo Corp.,Trading companies,2025-11-04,90
0f6c05bff4831033,tgs_stable_v2_universe_lab,U15,43d5dd5aa6be3b0638b5af83976e61a214bd9c37,False,True,survivorship-biased exploratory evidence; not Formal Candidate,8058.T,Mitsubishi Corp.,Trading companies,2025-11-04,90
0f6c05bff4831033,tgs_stable_v2_universe_lab,U15,43d5dd5aa6be3b0638b5af83976e61a214bd9c37,False,True,survivorship-biased exploratory evidence; not Formal Candidate,8002.T,Marubeni Corp.,Trading companies,2025-11-05,90
0f6c05bff4831033,tgs_stable_v2_universe_lab,U15,43d5dd5aa6be3b0638b5af83976e61a214bd9c37,False,True,survivorship-biased exploratory evidence; not Formal Candidate,8031.T,"Mitsui & Co., Ltd.",Trading companies,2025-11-05,90
0f6c05bff4831033,tgs_stable_v2_universe_lab,U15,43d5dd5aa6be3b0638b5af83976e61a214bd9c37,False,True,survivorship-biased exploratory evidence; not Formal Candidate,8053.T,Sumitomo Corp.,Trading companies,2025-11-05,90
0f6c05bff4831033,tgs_stable_v2_universe_lab,U15,43d5dd5aa6be3b0638b5af83976e61a214bd9c37,False,True,survivorship-biased exploratory evidence; not Formal Candidate,8058.T,Mitsubishi Corp.,Trading companies,2025-11-05,90
0f6c05bff4831033,tgs_stable_v2_universe_lab,U15,43d5dd5aa6be3b0638b5af83976e61a214bd9c37,False,True,survivorship-biased exploratory evidence; not Formal Candidate,8053.T,Sumitomo Corp.,Trading companies,2025-11-06,90
0f6c05bff4831033,tgs_stable_v2_universe_lab,U15,43d5dd5aa6be3b0638b5af83976e61a214bd9c37,False,True,survivorship-biased exploratory evidence; not Formal Candidate,5803.T,Fujikura Ltd.,Nonferrous metals,2025-11-07,90
0f6c05bff4831033,tgs_stable_v2_universe_lab,U15,43d5dd5aa6be3b0638b5af83976e61a214bd9c37,False,True,survivorship-biased exploratory evidence; not Formal Candidate,5801.T,"The Furukawa Electric Co., Ltd.",Nonferrous metals,2025-11-10,90
0f6c05bff4831033,tgs_stable_v2_universe_lab,U15,43d5dd5aa6be3b0638b5af83976e61a214bd9c37,False,True,survivorship-biased exploratory evidence; not Formal Candidate,5803.T,Fujikura Ltd.,Nonferrous metals,2025-11-10,90
0f6c05bff4831033,tgs_stable_v2_universe_lab,U15,43d5dd5aa6be3b0638b5af83976e61a214bd9c37,False,True,survivorship-biased exploratory evidence; not Formal Candidate,5801.T,"The Furukawa Electric Co., Ltd.",Nonferrous metals,2025-11-11,90
0f6c05bff4831033,tgs_stable_v2_universe_lab,U15,43d5dd5aa6be3b0638b5af83976e61a214bd9c37,False,True,survivorship-biased exploratory evidence; not Formal Candidate,5803.T,Fujikura Ltd.,Nonferrous metals,2025-11-11,90
0f6c05bff4831033,tgs_stable_v2_universe_lab,U15,43d5dd5aa6be3b0638b5af83976e61a214bd9c37,False,True,survivorship-biased exploratory evidence; not Formal Candidate,8801.T,"Mitsui Fudosan Co., Ltd.",Real estate,2025-11-11,90
0f6c05bff4831033,tgs_stable_v2_universe_lab,U15,43d5dd5aa6be3b0638b5af83976e61a214bd9c37,False,True,survivorship-biased exploratory evidence; not Formal Candidate,5801.T,"The Furukawa Electric Co., Ltd.",Nonferrous metals,2025-11-13,90
0f6c05bff4831033,tgs_stable_v2_universe_lab,U15,43d5dd5aa6be3b0638b5af83976e61a214bd9c37,False,True,survivorship-biased exploratory evidence; not Formal Candidate,5803.T,Fujikura Ltd.,Nonferrous metals,2025-11-19,90
0f6c05bff4831033,tgs_stable_v2_universe_lab,U15,43d5dd5aa6be3b0638b5af83976e61a214bd9c37,False,True,survivorship-biased exploratory evidence; not Formal Candidate,5802.T,"Sumitomo Electric Industries, Ltd.",Nonferrous metals,2025-11-21,90
0f6c05bff4831033,tgs_stable_v2_universe_lab,U15,43d5dd5aa6be3b0638b5af83976e61a214bd9c37,False,True,survivorship-biased exploratory evidence; not Formal Candidate,8015.T,Toyota Tsusho Corp.,Trading companies,2025-11-21,90
0f6c05bff4831033,tgs_stable_v2_universe_lab,U15,43d5dd5aa6be3b0638b5af83976e61a214bd9c37,False,True,survivorship-biased exploratory evidence; not Formal Candidate,8031.T,"Mitsui & Co., Ltd.",Trading companies,2025-11-21,90
0f6c05bff4831033,tgs_stable_v2_universe_lab,U15,43d5dd5aa6be3b0638b5af83976e61a214bd9c37,False,True,survivorship-biased exploratory evidence; not Formal Candidate,8053.T,Sumitomo Corp.,Trading companies,2025-11-21,90
0f6c05bff4831033,tgs_stable_v2_universe_lab,U15,43d5dd5aa6be3b0638b5af83976e61a214bd9c37,False,True,survivorship-biased exploratory evidence; not Formal Candidate,8801.T,"Mitsui Fudosan Co., Ltd.",Real estate,2025-11-21,90
0f6c05bff4831033,tgs_stable_v2_universe_lab,U15,43d5dd5aa6be3b0638b5af83976e61a214bd9c37,False,True,survivorship-biased exploratory evidence; not Formal Candidate,8802.T,"Mitsubishi Estate Co., Ltd.",Real estate,2025-12-01,100
0f6c05bff4831033,tgs_stable_v2_universe_lab,U15,43d5dd5aa6be3b0638b5af83976e61a214bd9c37,False,True,survivorship-biased exploratory evidence; not Formal Candidate,8802.T,"Mitsubishi Estate Co., Ltd.",Real estate,2025-12-02,100
0f6c05bff4831033,tgs_stable_v2_universe_lab,U15,43d5dd5aa6be3b0638b5af83976e61a214bd9c37,False,True,survivorship-biased exploratory evidence; not Formal Candidate,8015.T,Toyota Tsusho Corp.,Trading companies,2025-12-19,90
0f6c05bff4831033,tgs_stable_v2_universe_lab,U15,43d5dd5aa6be3b0638b5af83976e61a214bd9c37,False,True,survivorship-biased exploratory evidence; not Formal Candidate,8801.T,"Mitsui Fudosan Co., Ltd.",Real estate,2025-12-19,90
0f6c05bff4831033,tgs_stable_v2_universe_lab,U15,43d5dd5aa6be3b0638b5af83976e61a214bd9c37,False,True,survivorship-biased exploratory evidence; not Formal Candidate,8802.T,"Mitsubishi Estate Co., Ltd.",Real estate,2025-12-19,90
0f6c05bff4831033,tgs_stable_v2_universe_lab,U15,43d5dd5aa6be3b0638b5af83976e61a214bd9c37,False,True,survivorship-biased exploratory evidence; not Formal Candidate,8802.T,"Mitsubishi Estate Co., Ltd.",Real estate,2026-01-16,90
0f6c05bff4831033,tgs_stable_v2_universe_lab,U15,43d5dd5aa6be3b0638b5af83976e61a214bd9c37,False,True,survivorship-biased exploratory evidence; not Formal Candidate,8015.T,Toyota Tsusho Corp.,Trading companies,2026-01-19,90
0f6c05bff4831033,tgs_stable_v2_universe_lab,U15,43d5dd5aa6be3b0638b5af83976e61a214bd9c37,False,True,survivorship-biased exploratory evidence; not Formal Candidate,6273.T,SMC Corporation,Machinery,2026-01-22,90
0f6c05bff4831033,tgs_stable_v2_universe_lab,U15,43d5dd5aa6be3b0638b5af83976e61a214bd9c37,False,True,survivorship-biased exploratory evidence; not Formal Candidate,7011.T,"Mitsubishi Heavy Industries, Ltd.",Machinery,2026-01-23,100
0f6c05bff4831033,tgs_stable_v2_universe_lab,U15,43d5dd5aa6be3b0638b5af83976e61a214bd9c37,False,True,survivorship-biased exploratory evidence; not Formal Candidate,8058.T,Mitsubishi Corp.,Trading companies,2026-01-23,100
0f6c05bff4831033,tgs_stable_v2_universe_lab,U15,43d5dd5aa6be3b0638b5af83976e61a214bd9c37,False,True,survivorship-biased exploratory evidence; not Formal Candidate,5801.T,"The Furukawa Electric Co., Ltd.",Nonferrous metals,2026-01-26,100
0f6c05bff4831033,tgs_stable_v2_universe_lab,U15,43d5dd5aa6be3b0638b5af83976e61a214bd9c37,False,True,survivorship-biased exploratory evidence; not Formal Candidate,6301.T,Komatsu Ltd.,Machinery,2026-01-26,100
0f6c05bff4831033,tgs_stable_v2_universe_lab,U15,43d5dd5aa6be3b0638b5af83976e61a214bd9c37,False,True,survivorship-biased exploratory evidence; not Formal Candidate,7011.T,"Mitsubishi Heavy Industries, Ltd.",Machinery,2026-01-26,100
0f6c05bff4831033,tgs_stable_v2_universe_lab,U15,43d5dd5aa6be3b0638b5af83976e61a214bd9c37,False,True,survivorship-biased exploratory evidence; not Formal Candidate,8058.T,Mitsubishi Corp.,Trading companies,2026-01-26,100
0f6c05bff4831033,tgs_stable_v2_universe_lab,U15,43d5dd5aa6be3b0638b5af83976e61a214bd9c37,False,True,survivorship-biased exploratory evidence; not Formal Candidate,7011.T,"Mitsubishi Heavy Industries, Ltd.",Machinery,2026-01-27,100
0f6c05bff4831033,tgs_stable_v2_universe_lab,U15,43d5dd5aa6be3b0638b5af83976e61a214bd9c37,False,True,survivorship-biased exploratory evidence; not Formal Candidate,8058.T,Mitsubishi Corp.,Trading companies,2026-01-27,100
0f6c05bff4831033,tgs_stable_v2_universe_lab,U15,43d5dd5aa6be3b0638b5af83976e61a214bd9c37,False,True,survivorship-biased exploratory evidence; not Formal Candidate,5801.T,"The Furukawa Electric Co., Ltd.",Nonferrous metals,2026-01-28,100
0f6c05bff4831033,tgs_stable_v2_universe_lab,U15,43d5dd5aa6be3b0638b5af83976e61a214bd9c37,False,True,survivorship-biased exploratory evidence; not Formal Candidate,7011.T,"Mitsubishi Heavy Industries, Ltd.",Machinery,2026-01-28,100
0f6c05bff4831033,tgs_stable_v2_universe_lab,U15,43d5dd5aa6be3b0638b5af83976e61a214bd9c37,False,True,survivorship-biased exploratory evidence; not Formal Candidate,8058.T,Mitsubishi Corp.,Trading companies,2026-01-28,100
0f6c05bff4831033,tgs_stable_v2_universe_lab,U15,43d5dd5aa6be3b0638b5af83976e61a214bd9c37,False,True,survivorship-biased exploratory evidence; not Formal Candidate,6301.T,Komatsu Ltd.,Machinery,2026-01-29,100
0f6c05bff4831033,tgs_stable_v2_universe_lab,U15,43d5dd5aa6be3b0638b5af83976e61a214bd9c37,False,True,survivorship-biased exploratory evidence; not Formal Candidate,7011.T,"Mitsubishi Heavy Industries, Ltd.",Machinery,2026-01-29,100
0f6c05bff4831033,tgs_stable_v2_universe_lab,U15,43d5dd5aa6be3b0638b5af83976e61a214bd9c37,False,True,survivorship-biased exploratory evidence; not Formal Candidate,8058.T,Mitsubishi Corp.,Trading companies,2026-01-29,100
0f6c05bff4831033,tgs_stable_v2_universe_lab,U15,43d5dd5aa6be3b0638b5af83976e61a214bd9c37,False,True,survivorship-biased exploratory evidence; not Formal Candidate,7011.T,"Mitsubishi Heavy Industries, Ltd.",Machinery,2026-02-04,90
0f6c05bff4831033,tgs_stable_v2_universe_lab,U15,43d5dd5aa6be3b0638b5af83976e61a214bd9c37,False,True,survivorship-biased exploratory evidence; not Formal Candidate,8053.T,Sumitomo Corp.,Trading companies,2026-02-04,90
0f6c05bff4831033,tgs_stable_v2_universe_lab,U15,43d5dd5aa6be3b0638b5af83976e61a214bd9c37,False,True,survivorship-biased exploratory evidence; not Formal Candidate,7011.T,"Mitsubishi Heavy Industries, Ltd.",Machinery,2026-02-05,90
0f6c05bff4831033,tgs_stable_v2_universe_lab,U15,43d5dd5aa6be3b0638b5af83976e61a214bd9c37,False,True,survivorship-biased exploratory evidence; not Formal Candidate,8053.T,Sumitomo Corp.,Trading companies,2026-02-05,90
0f6c05bff4831033,tgs_stable_v2_universe_lab,U15,43d5dd5aa6be3b0638b5af83976e61a214bd9c37,False,True,survivorship-biased exploratory evidence; not Formal Candidate,8001.T,Itochu Corp.,Trading companies,2026-02-06,90
0f6c05bff4831033,tgs_stable_v2_universe_lab,U15,43d5dd5aa6be3b0638b5af83976e61a214bd9c37,False,True,survivorship-biased exploratory evidence; not Formal Candidate,8001.T,Itochu Corp.,Trading companies,2026-02-09,90
0f6c05bff4831033,tgs_stable_v2_universe_lab,U15,43d5dd5aa6be3b0638b5af83976e61a214bd9c37,False,True,survivorship-biased exploratory evidence; not Formal Candidate,5803.T,Fujikura Ltd.,Nonferrous metals,2026-02-13,100
0f6c05bff4831033,tgs_stable_v2_universe_lab,U15,43d5dd5aa6be3b0638b5af83976e61a214bd9c37,False,True,survivorship-biased exploratory evidence; not Formal Candidate,5803.T,Fujikura Ltd.,Nonferrous metals,2026-02-16,100
0f6c05bff4831033,tgs_stable_v2_universe_lab,U15,43d5dd5aa6be3b0638b5af83976e61a214bd9c37,False,True,survivorship-biased exploratory evidence; not Formal Candidate,8801.T,"Mitsui Fudosan Co., Ltd.",Real estate,2026-02-16,100
0f6c05bff4831033,tgs_stable_v2_universe_lab,U15,43d5dd5aa6be3b0638b5af83976e61a214bd9c37,False,True,survivorship-biased exploratory evidence; not Formal Candidate,5803.T,Fujikura Ltd.,Nonferrous metals,2026-02-17,100
0f6c05bff4831033,tgs_stable_v2_universe_lab,U15,43d5dd5aa6be3b0638b5af83976e61a214bd9c37,False,True,survivorship-biased exploratory evidence; not Formal Candidate,8801.T,"Mitsui Fudosan Co., Ltd.",Real estate,2026-02-17,100
0f6c05bff4831033,tgs_stable_v2_universe_lab,U15,43d5dd5aa6be3b0638b5af83976e61a214bd9c37,False,True,survivorship-biased exploratory evidence; not Formal Candidate,5803.T,Fujikura Ltd.,Nonferrous metals,2026-02-18,100
0f6c05bff4831033,tgs_stable_v2_universe_lab,U15,43d5dd5aa6be3b0638b5af83976e61a214bd9c37,False,True,survivorship-biased exploratory evidence; not Formal Candidate,5803.T,Fujikura Ltd.,Nonferrous metals,2026-02-19,100
0f6c05bff4831033,tgs_stable_v2_universe_lab,U15,43d5dd5aa6be3b0638b5af83976e61a214bd9c37,False,True,survivorship-biased exploratory evidence; not Formal Candidate,8053.T,Sumitomo Corp.,Trading companies,2026-02-27,90
0f6c05bff4831033,tgs_stable_v2_universe_lab,U15,43d5dd5aa6be3b0638b5af83976e61a214bd9c37,False,True,survivorship-biased exploratory evidence; not Formal Candidate,5802.T,"Sumitomo Electric Industries, Ltd.",Nonferrous metals,2026-03-04,90
0f6c05bff4831033,tgs_stable_v2_universe_lab,U15,43d5dd5aa6be3b0638b5af83976e61a214bd9c37,False,True,survivorship-biased exploratory evidence; not Formal Candidate,8031.T,"Mitsui & Co., Ltd.",Trading companies,2026-03-04,90
0f6c05bff4831033,tgs_stable_v2_universe_lab,U15,43d5dd5aa6be3b0638b5af83976e61a214bd9c37,False,True,survivorship-biased exploratory evidence; not Formal Candidate,8058.T,Mitsubishi Corp.,Trading companies,2026-03-04,90
0f6c05bff4831033,tgs_stable_v2_universe_lab,U15,43d5dd5aa6be3b0638b5af83976e61a214bd9c37,False,True,survivorship-biased exploratory evidence; not Formal Candidate,8031.T,"Mitsui & Co., Ltd.",Trading companies,2026-03-05,90
0f6c05bff4831033,tgs_stable_v2_universe_lab,U15,43d5dd5aa6be3b0638b5af83976e61a214bd9c37,False,True,survivorship-biased exploratory evidence; not Formal Candidate,8002.T,Marubeni Corp.,Trading companies,2026-03-13,90
0f6c05bff4831033,tgs_stable_v2_universe_lab,U15,43d5dd5aa6be3b0638b5af83976e61a214bd9c37,False,True,survivorship-biased exploratory evidence; not Formal Candidate,8001.T,Itochu Corp.,Trading companies,2026-03-19,90
0f6c05bff4831033,tgs_stable_v2_universe_lab,U15,43d5dd5aa6be3b0638b5af83976e61a214bd9c37,False,True,survivorship-biased exploratory evidence; not Formal Candidate,8015.T,Toyota Tsusho Corp.,Trading companies,2026-03-19,90
0f6c05bff4831033,tgs_stable_v2_universe_lab,U15,43d5dd5aa6be3b0638b5af83976e61a214bd9c37,False,True,survivorship-biased exploratory evidence; not Formal Candidate,8031.T,"Mitsui & Co., Ltd.",Trading companies,2026-03-19,90
0f6c05bff4831033,tgs_stable_v2_universe_lab,U15,43d5dd5aa6be3b0638b5af83976e61a214bd9c37,False,True,survivorship-biased exploratory evidence; not Formal Candidate,8058.T,Mitsubishi Corp.,Trading companies,2026-03-19,90
0f6c05bff4831033,tgs_stable_v2_universe_lab,U15,43d5dd5aa6be3b0638b5af83976e61a214bd9c37,False,True,survivorship-biased exploratory evidence; not Formal Candidate,8031.T,"Mitsui & Co., Ltd.",Trading companies,2026-03-30,90
0f6c05bff4831033,tgs_stable_v2_universe_lab,U15,43d5dd5aa6be3b0638b5af83976e61a214bd9c37,False,True,survivorship-biased exploratory evidence; not Formal Candidate,5801.T,"The Furukawa Electric Co., Ltd.",Nonferrous metals,2026-03-31,90
0f6c05bff4831033,tgs_stable_v2_universe_lab,U15,43d5dd5aa6be3b0638b5af83976e61a214bd9c37,False,True,survivorship-biased exploratory evidence; not Formal Candidate,6273.T,SMC Corporation,Machinery,2026-04-24,100
0f6c05bff4831033,tgs_stable_v2_universe_lab,U15,43d5dd5aa6be3b0638b5af83976e61a214bd9c37,False,True,survivorship-biased exploratory evidence; not Formal Candidate,6273.T,SMC Corporation,Machinery,2026-04-27,100
0f6c05bff4831033,tgs_stable_v2_universe_lab,U15,43d5dd5aa6be3b0638b5af83976e61a214bd9c37,False,True,survivorship-biased exploratory evidence; not Formal Candidate,6273.T,SMC Corporation,Machinery,2026-04-28,100
0f6c05bff4831033,tgs_stable_v2_universe_lab,U15,43d5dd5aa6be3b0638b5af83976e61a214bd9c37,False,True,survivorship-biased exploratory evidence; not Formal Candidate,6273.T,SMC Corporation,Machinery,2026-04-30,100
0f6c05bff4831033,tgs_stable_v2_universe_lab,U15,43d5dd5aa6be3b0638b5af83976e61a214bd9c37,False,True,survivorship-biased exploratory evidence; not Formal Candidate,5802.T,"Sumitomo Electric Industries, Ltd.",Nonferrous metals,2026-05-08,100
0f6c05bff4831033,tgs_stable_v2_universe_lab,U15,43d5dd5aa6be3b0638b5af83976e61a214bd9c37,False,True,survivorship-biased exploratory evidence; not Formal Candidate,8053.T,Sumitomo Corp.,Trading companies,2026-05-08,100
0f6c05bff4831033,tgs_stable_v2_universe_lab,U15,43d5dd5aa6be3b0638b5af83976e61a214bd9c37,False,True,survivorship-biased exploratory evidence; not Formal Candidate,5802.T,"Sumitomo Electric Industries, Ltd.",Nonferrous metals,2026-05-11,100
0f6c05bff4831033,tgs_stable_v2_universe_lab,U15,43d5dd5aa6be3b0638b5af83976e61a214bd9c37,False,True,survivorship-biased exploratory evidence; not Formal Candidate,5802.T,"Sumitomo Electric Industries, Ltd.",Nonferrous metals,2026-05-12,120
0f6c05bff4831033,tgs_stable_v2_universe_lab,U15,43d5dd5aa6be3b0638b5af83976e61a214bd9c37,False,True,survivorship-biased exploratory evidence; not Formal Candidate,5802.T,"Sumitomo Electric Industries, Ltd.",Nonferrous metals,2026-05-13,100
0f6c05bff4831033,tgs_stable_v2_universe_lab,U15,43d5dd5aa6be3b0638b5af83976e61a214bd9c37,False,True,survivorship-biased exploratory evidence; not Formal Candidate,5802.T,"Sumitomo Electric Industries, Ltd.",Nonferrous metals,2026-05-14,100
0f6c05bff4831033,tgs_stable_v2_universe_lab,U15,43d5dd5aa6be3b0638b5af83976e61a214bd9c37,False,True,survivorship-biased exploratory evidence; not Formal Candidate,6273.T,SMC Corporation,Machinery,2026-05-14,90
0f6c05bff4831033,tgs_stable_v2_universe_lab,U15,43d5dd5aa6be3b0638b5af83976e61a214bd9c37,False,True,survivorship-biased exploratory evidence; not Formal Candidate,5803.T,Fujikura Ltd.,Nonferrous metals,2026-05-15,90
0f6c05bff4831033,tgs_stable_v2_universe_lab,U15,43d5dd5aa6be3b0638b5af83976e61a214bd9c37,False,True,survivorship-biased exploratory evidence; not Formal Candidate,6273.T,SMC Corporation,Machinery,2026-05-15,90
0f6c05bff4831033,tgs_stable_v2_universe_lab,U15,43d5dd5aa6be3b0638b5af83976e61a214bd9c37,False,True,survivorship-biased exploratory evidence; not Formal Candidate,5803.T,Fujikura Ltd.,Nonferrous metals,2026-05-18,90
0f6c05bff4831033,tgs_stable_v2_universe_lab,U15,43d5dd5aa6be3b0638b5af83976e61a214bd9c37,False,True,survivorship-biased exploratory evidence; not Formal Candidate,5803.T,Fujikura Ltd.,Nonferrous metals,2026-05-22,90
0f6c05bff4831033,tgs_stable_v2_universe_lab,U15,43d5dd5aa6be3b0638b5af83976e61a214bd9c37,False,True,survivorship-biased exploratory evidence; not Formal Candidate,5801.T,"The Furukawa Electric Co., Ltd.",Nonferrous metals,2026-05-29,90
0f6c05bff4831033,tgs_stable_v2_universe_lab,U15,43d5dd5aa6be3b0638b5af83976e61a214bd9c37,False,True,survivorship-biased exploratory evidence; not Formal Candidate,8053.T,Sumitomo Corp.,Trading companies,2026-05-29,90
0f6c05bff4831033,tgs_stable_v2_universe_lab,U15,43d5dd5aa6be3b0638b5af83976e61a214bd9c37,False,True,survivorship-biased exploratory evidence; not Formal Candidate,5802.T,"Sumitomo Electric Industries, Ltd.",Nonferrous metals,2026-06-19,90
0f6c05bff4831033,tgs_stable_v2_universe_lab,U15,43d5dd5aa6be3b0638b5af83976e61a214bd9c37,False,True,survivorship-biased exploratory evidence; not Formal Candidate,6273.T,SMC Corporation,Machinery,2026-07-10,100
0f6c05bff4831033,tgs_stable_v2_universe_lab,U15,43d5dd5aa6be3b0638b5af83976e61a214bd9c37,False,True,survivorship-biased exploratory evidence; not Formal Candidate,6273.T,SMC Corporation,Machinery,2026-07-13,100
0f6c05bff4831033,tgs_stable_v2_universe_lab,U15,43d5dd5aa6be3b0638b5af83976e61a214bd9c37,False,True,survivorship-biased exploratory evidence; not Formal Candidate,6273.T,SMC Corporation,Machinery,2026-07-14,100
0f6c05bff4831033,tgs_stable_v2_universe_lab,U15,43d5dd5aa6be3b0638b5af83976e61a214bd9c37,False,True,survivorship-biased exploratory evidence; not Formal Candidate,6273.T,SMC Corporation,Machinery,2026-07-15,100
0f6c05bff4831033,tgs_stable_v2_universe_lab,U15,43d5dd5aa6be3b0638b5af83976e61a214bd9c37,False,True,survivorship-biased exploratory evidence; not Formal Candidate,6273.T,SMC Corporation,Machinery,2026-07-16,100
