run_id,model_id,universe_id,base_commit,point_in_time_universe,survivorship_bias,classification,trade_id,ticker,name,sector,signal_date,score,entry_date,entry_raw_open,entry_fill_price,stop_price,take_profit_price,exit_date,exit_raw_price,exit_fill_price,exit_reason,holding_sessions,gross_return_pct,net_return_pct,entry_cost_pct,exit_cost_pct,total_cost_pct,cost_scenario,path_policy,is_closed,data_quality_status
0f6c05bff4831033,tgs_stable_v2_universe_lab,U15,43d5dd5aa6be3b0638b5af83976e61a214bd9c37,False,True,survivorship-biased exploratory evidence; not Formal Candidate,U15-8001T-0001,8001.T,Itochu Corp.,Trading companies,2004-11-05,120,2004-11-08,96.8000030518,96.8968030548,87.2071227493,125.9658439713,2005-02-04,99.8000030518,99.7002030487,max_holding,60,0.0309917346,0.0268760032,0.0010000000,0.0010000000,0.0041157314,basic,conservative,True,complete
0f6c05bff4831033,tgs_stable_v2_universe_lab,U15,43d5dd5aa6be3b0638b5af83976e61a214bd9c37,False,True,survivorship-biased exploratory evidence; not Formal Candidate,U15-5801T-0001,5801.T,"The Furukawa Electric Co., Ltd.",Nonferrous metals,2004-11-08,90,2004-11-09,483.0000000000,483.4830000000,435.1347000000,628.5279000000,2005-02-07,552.0000000000,551.4480000000,max_holding,60,0.1428571429,0.1382948434,0.0010000000,0.0010000000,0.0045622994,basic,conservative,True,complete
0f6c05bff4831033,tgs_stable_v2_universe_lab,U15,43d5dd5aa6be3b0638b5af83976e61a214bd9c37,False,True,survivorship-biased exploratory evidence; not Formal Candidate,U15-5803T-0001,5803.T,Fujikura Ltd.,Nonferrous metals,2004-11-08,90,2004-11-09,82.0000000000,82.0820000000,73.8738000000,106.7066000000,2004-12-09,73.8738000000,73.7999262000,stop_loss,22,-0.0991000000,-0.1026964036,0.0010000000,0.0010000000,0.0035964036,basic,conservative,True,complete
0f6c05bff4831033,tgs_stable_v2_universe_lab,U15,43d5dd5aa6be3b0638b5af83976e61a214bd9c37,False,True,survivorship-biased exploratory evidence; not Formal Candidate,U15-5802T-0001,5802.T,"Sumitomo Electric Industries, Ltd.",Nonferrous metals,2004-11-12,100,2004-11-15,269.0000000000,269.2690000000,242.3421000000,350.0497000000,2005-02-14,274.7500000000,274.4752500000,max_holding,60,0.0213754647,0.0172981216,0.0010000000,0.0010000000,0.0040773431,basic,conservative,True,complete
0f6c05bff4831033,tgs_stable_v2_universe_lab,U15,43d5dd5aa6be3b0638b5af83976e61a214bd9c37,False,True,survivorship-biased exploratory evidence; not Formal Candidate,U15-8031T-0001,8031.T,"Mitsui & Co., Ltd.",Trading companies,2004-11-25,90,2004-11-26,443.5000000000,443.9435000000,399.5491500000,577.1265500000,2005-02-24,530.0000000000,529.4700000000,max_holding,60,0.1950394589,0.1902688470,0.0010000000,0.0010000000,0.0047706118,basic,conservative,True,complete
0f6c05bff4831033,tgs_stable_v2_universe_lab,U15,43d5dd5aa6be3b0638b5af83976e61a214bd9c37,False,True,survivorship-biased exploratory evidence; not Formal Candidate,U15-8053T-0001,8053.T,Sumitomo Corp.,Trading companies,2004-11-30,90,2004-12-01,214.5000000000,214.7145000000,193.2430500000,279.1288500000,2005-03-01,242.2500000000,242.0077500000,max_holding,60,0.1293706294,0.1248621683,0.0010000000,0.0010000000,0.0045084611,basic,conservative,True,complete
0f6c05bff4831033,tgs_stable_v2_universe_lab,U15,43d5dd5aa6be3b0638b5af83976e61a214bd9c37,False,True,survivorship-biased exploratory evidence; not Formal Candidate,U15-8058T-0001,8058.T,Mitsubishi Corp.,Trading companies,2004-12-02,90,2004-12-03,433.3333435059,433.7666768494,390.3900091644,563.8966799042,2005-03-03,472.6666564941,472.1939898376,max_holding,60,0.0907691817,0.0864148180,0.0010000000,0.0010000000,0.0043543636,basic,conservative,True,complete
0f6c05bff4831033,tgs_stable_v2_universe_lab,U15,43d5dd5aa6be3b0638b5af83976e61a214bd9c37,False,True,survivorship-biased exploratory evidence; not Formal Candidate,U15-8801T-0001,8801.T,"Mitsui Fudosan Co., Ltd.",Real estate,2004-12-03,100,2004-12-06,403.3333435059,403.7366768494,363.3630091644,524.8576799042,2005-03-04,431.0000000000,430.5690000000,max_holding,60,0.0685950144,0.0643291703,0.0010000000,0.0010000000,0.0042658441,basic,conservative,True,complete
0f6c05bff4831033,tgs_stable_v2_universe_lab,U15,43d5dd5aa6be3b0638b5af83976e61a214bd9c37,False,True,survivorship-biased exploratory evidence; not Formal Candidate,U15-8015T-0001,8015.T,Toyota Tsusho Corp.,Trading companies,2004-12-10,90,2004-12-13,528.3333129883,528.8616463013,475.9754816711,687.5201401917,2005-01-20,475.9754816711,475.4995061895,stop_loss,25,-0.0991000000,-0.1026964036,0.0010000000,0.0010000000,0.0035964036,basic,conservative,True,complete
0f6c05bff4831033,tgs_stable_v2_universe_lab,U15,43d5dd5aa6be3b0638b5af83976e61a214bd9c37,False,True,survivorship-biased exploratory evidence; not Formal Candidate,U15-6301T-0001,6301.T,Komatsu Ltd.,Machinery,2005-01-07,100,2005-01-11,740.0000000000,740.7400000000,666.6660000000,962.9620000000,2005-04-06,818.0000000000,817.1820000000,max_holding,60,0.1054054054,0.1009926138,0.0010000000,0.0010000000,0.0044127916,basic,conservative,True,complete
0f6c05bff4831033,tgs_stable_v2_universe_lab,U15,43d5dd5aa6be3b0638b5af83976e61a214bd9c37,False,True,survivorship-biased exploratory evidence; not Formal Candidate,U15-8802T-0001,8802.T,"Mitsubishi Estate Co., Ltd.",Real estate,2005-01-07,100,2005-01-11,1206.0000000000,1207.2060000000,1086.4854000000,1569.3678000000,2005-04-06,1252.0000000000,1250.7480000000,max_holding,60,0.0381426202,0.0339983425,0.0010000000,0.0010000000,0.0041442778,basic,conservative,True,complete
0f6c05bff4831033,tgs_stable_v2_universe_lab,U15,43d5dd5aa6be3b0638b5af83976e61a214bd9c37,False,True,survivorship-biased exploratory evidence; not Formal Candidate,U15-6367T-0001,6367.T,"Daikin Industries, Ltd.",Machinery,2005-01-14,90,2005-01-17,2925.0000000000,2927.9250000000,2635.1325000000,3806.3025000000,2005-02-22,2635.1325000000,2632.4973675000,stop_loss,26,-0.0991000000,-0.1026964036,0.0010000000,0.0010000000,0.0035964036,basic,conservative,True,complete
0f6c05bff4831033,tgs_stable_v2_universe_lab,U15,43d5dd5aa6be3b0638b5af83976e61a214bd9c37,False,True,survivorship-biased exploratory evidence; not Formal Candidate,U15-8002T-0001,8002.T,Marubeni Corp.,Trading companies,2005-01-14,100,2005-01-17,300.0000000000,300.3000000000,270.2700000000,390.3900000000,2005-04-12,333.0000000000,332.6670000000,max_holding,60,0.1100000000,0.1055688667,0.0010000000,0.0010000000,0.0044311333,basic,conservative,True,complete
0f6c05bff4831033,tgs_stable_v2_universe_lab,U15,43d5dd5aa6be3b0638b5af83976e61a214bd9c37,False,True,survivorship-biased exploratory evidence; not Formal Candidate,U15-6273T-0001,6273.T,SMC Corporation,Machinery,2005-01-19,90,2005-01-20,12050.0000000000,12062.0500000000,10855.8450000000,15680.6650000000,2005-04-15,11850.0000000000,11838.1500000000,max_holding,60,-0.0165975104,-0.0205232649,0.0010000000,0.0010000000,0.0039257545,basic,conservative,True,complete
0f6c05bff4831033,tgs_stable_v2_universe_lab,U15,43d5dd5aa6be3b0638b5af83976e61a214bd9c37,False,True,survivorship-biased exploratory evidence; not Formal Candidate,U15-5801T-0002,5801.T,"The Furukawa Electric Co., Ltd.",Nonferrous metals,2005-02-09,90,2005-02-10,538.0000000000,538.5380000000,484.6842000000,700.0994000000,2005-03-30,484.6842000000,484.1995158000,stop_loss,33,-0.0991000000,-0.1026964036,0.0010000000,0.0010000000,0.0035964036,basic,conservative,True,complete
0f6c05bff4831033,tgs_stable_v2_universe_lab,U15,43d5dd5aa6be3b0638b5af83976e61a214bd9c37,False,True,survivorship-biased exploratory evidence; not Formal Candidate,U15-5802T-0002,5802.T,"Sumitomo Electric Industries, Ltd.",Nonferrous metals,2005-02-15,90,2005-02-16,271.2500000000,271.5212500000,244.3691250000,352.9776250000,2005-05-17,266.7500000000,266.4832500000,max_holding,60,-0.0165898618,-0.0205156468,0.0010000000,0.0010000000,0.0039257851,basic,conservative,True,complete
0f6c05bff4831033,tgs_stable_v2_universe_lab,U15,43d5dd5aa6be3b0638b5af83976e61a214bd9c37,False,True,survivorship-biased exploratory evidence; not Formal Candidate,U15-8031T-0002,8031.T,"Mitsui & Co., Ltd.",Trading companies,2005-03-03,90,2005-03-04,527.5000000000,528.0275000000,475.2247500000,686.4357500000,2005-04-18,467.5000000000,467.0325000000,stop_gap,31,-0.1137440758,-0.1172820201,0.0010000000,0.0010000000,0.0035379443,basic,conservative,True,complete
0f6c05bff4831033,tgs_stable_v2_universe_lab,U15,43d5dd5aa6be3b0638b5af83976e61a214bd9c37,False,True,survivorship-biased exploratory evidence; not Formal Candidate,U15-8053T-0002,8053.T,Sumitomo Corp.,Trading companies,2005-03-09,90,2005-03-10,232.7500000000,232.9827500000,209.6844750000,302.8775750000,2005-04-18,209.6844750000,209.4747905250,stop_loss,27,-0.0991000000,-0.1026964036,0.0010000000,0.0010000000,0.0035964036,basic,conservative,True,complete
0f6c05bff4831033,tgs_stable_v2_universe_lab,U15,43d5dd5aa6be3b0638b5af83976e61a214bd9c37,False,True,survivorship-biased exploratory evidence; not Formal Candidate,U15-5803T-0002,5803.T,Fujikura Ltd.,Nonferrous metals,2005-03-11,90,2005-03-14,84.1666641235,84.2508307877,75.8257477089,109.5260800240,2005-04-18,75.8257477089,75.7499219612,stop_loss,25,-0.0991000000,-0.1026964036,0.0010000000,0.0010000000,0.0035964036,basic,conservative,True,complete
0f6c05bff4831033,tgs_stable_v2_universe_lab,U15,43d5dd5aa6be3b0638b5af83976e61a214bd9c37,False,True,survivorship-biased exploratory evidence; not Formal Candidate,U15-8001T-0002,8001.T,Itochu Corp.,Trading companies,2005-03-11,90,2005-03-14,110.4000015259,110.5104015274,99.4593613747,143.6635219856,2005-04-18,97.8000030518,97.7022030487,stop_gap,25,-0.1141304194,-0.1176668214,0.0010000000,0.0010000000,0.0035364020,basic,conservative,True,complete
0f6c05bff4831033,tgs_stable_v2_universe_lab,U15,43d5dd5aa6be3b0638b5af83976e61a214bd9c37,False,True,survivorship-biased exploratory evidence; not Formal Candidate,U15-8058T-0002,8058.T,Mitsubishi Corp.,Trading companies,2005-03-11,90,2005-03-14,474.0000000000,474.4740000000,427.0266000000,616.8162000000,2005-06-10,488.6666564941,488.1779898376,max_holding,60,0.0309423133,0.0268267792,0.0010000000,0.0010000000,0.0041155341,basic,conservative,True,complete
0f6c05bff4831033,tgs_stable_v2_universe_lab,U15,43d5dd5aa6be3b0638b5af83976e61a214bd9c37,False,True,survivorship-biased exploratory evidence; not Formal Candidate,U15-8801T-0002,8801.T,"Mitsui Fudosan Co., Ltd.",Real estate,2005-03-11,90,2005-03-14,446.6666564941,447.1133231506,402.4019908356,581.2473200958,2005-04-15,402.4019908356,401.9995888447,stop_loss,24,-0.0991000000,-0.1026964036,0.0010000000,0.0010000000,0.0035964036,basic,conservative,True,complete
0f6c05bff4831033,tgs_stable_v2_universe_lab,U15,43d5dd5aa6be3b0638b5af83976e61a214bd9c37,False,True,survivorship-biased exploratory evidence; not Formal Candidate,U15-8015T-0002,8015.T,Toyota Tsusho Corp.,Trading companies,2005-03-22,100,2005-03-23,565.0000000000,565.5650000000,509.0085000000,735.2345000000,2005-06-20,612.0000000000,611.3880000000,max_holding,60,0.0831858407,0.0788617499,0.0010000000,0.0010000000,0.0043240909,basic,conservative,True,complete
0f6c05bff4831033,tgs_stable_v2_universe_lab,U15,43d5dd5aa6be3b0638b5af83976e61a214bd9c37,False,True,survivorship-biased exploratory evidence; not Formal Candidate,U15-5803T-0003,5803.T,Fujikura Ltd.,Nonferrous metals,2005-05-13,100,2005-05-16,81.5000000000,81.5815000000,73.4233500000,106.0559500000,2005-08-08,101.3333358765,101.2320025406,max_holding,60,0.2433538144,0.2383903311,0.0010000000,0.0010000000,0.0049634833,basic,conservative,True,complete
0f6c05bff4831033,tgs_stable_v2_universe_lab,U15,43d5dd5aa6be3b0638b5af83976e61a214bd9c37,False,True,survivorship-biased exploratory evidence; not Formal Candidate,U15-6301T-0002,6301.T,Komatsu Ltd.,Machinery,2005-06-10,100,2005-06-13,836.0000000000,836.8360000000,753.1524000000,1087.8868000000,2005-08-01,1141.0000000000,1139.8590000000,take_profit_gap,35,0.3648325359,0.3593841080,0.0010000000,0.0010000000,0.0054484278,basic,conservative,True,complete
0f6c05bff4831033,tgs_stable_v2_universe_lab,U15,43d5dd5aa6be3b0638b5af83976e61a214bd9c37,False,True,survivorship-biased exploratory evidence; not Formal Candidate,U15-6367T-0002,6367.T,"Daikin Industries, Ltd.",Machinery,2005-06-17,100,2005-06-20,2745.0000000000,2747.7450000000,2472.9705000000,3572.0685000000,2005-09-12,3000.0000000000,2997.0000000000,max_holding,60,0.0928961749,0.0885333202,0.0010000000,0.0010000000,0.0043628546,basic,conservative,True,complete
0f6c05bff4831033,tgs_stable_v2_universe_lab,U15,43d5dd5aa6be3b0638b5af83976e61a214bd9c37,False,True,survivorship-biased exploratory evidence; not Formal Candidate,U15-8002T-0002,8002.T,Marubeni Corp.,Trading companies,2005-06-17,100,2005-06-20,377.0000000000,377.3770000000,339.6393000000,490.5901000000,2005-09-12,455.0000000000,454.5450000000,max_holding,60,0.2068965517,0.2020786062,0.0010000000,0.0010000000,0.0048179455,basic,conservative,True,complete
0f6c05bff4831033,tgs_stable_v2_universe_lab,U15,43d5dd5aa6be3b0638b5af83976e61a214bd9c37,False,True,survivorship-biased exploratory evidence; not Formal Candidate,U15-8058T-0003,8058.T,Mitsubishi Corp.,Trading companies,2005-06-23,100,2005-06-24,499.3333435059,499.8326768494,449.8494091644,649.7824799042,2005-09-15,649.7824799042,649.1326974243,take_profit,59,0.3013000000,0.2961051948,0.0010000000,0.0010000000,0.0051948052,basic,conservative,True,complete
0f6c05bff4831033,tgs_stable_v2_universe_lab,U15,43d5dd5aa6be3b0638b5af83976e61a214bd9c37,False,True,survivorship-biased exploratory evidence; not Formal Candidate,U15-8001T-0003,8001.T,Itochu Corp.,Trading companies,2005-06-24,100,2005-06-27,110.8000030518,110.9108030548,99.8197227493,144.1840439713,2005-09-20,142.3999938965,142.2575939026,max_holding,60,0.2851984655,0.2800679378,0.0010000000,0.0010000000,0.0051305277,basic,conservative,True,complete
0f6c05bff4831033,tgs_stable_v2_universe_lab,U15,43d5dd5aa6be3b0638b5af83976e61a214bd9c37,False,True,survivorship-biased exploratory evidence; not Formal Candidate,U15-8031T-0003,8031.T,"Mitsui & Co., Ltd.",Trading companies,2005-06-27,100,2005-06-28,519.0000000000,519.5190000000,467.5671000000,675.3747000000,2005-09-21,629.0000000000,628.3710000000,max_holding,60,0.2119460501,0.2071079469,0.0010000000,0.0010000000,0.0048381032,basic,conservative,True,complete
0f6c05bff4831033,tgs_stable_v2_universe_lab,U15,43d5dd5aa6be3b0638b5af83976e61a214bd9c37,False,True,survivorship-biased exploratory evidence; not Formal Candidate,U15-8802T-0002,8802.T,"Mitsubishi Estate Co., Ltd.",Real estate,2005-07-06,100,2005-07-07,1229.0000000000,1230.2290000000,1107.2061000000,1599.2977000000,2005-09-29,1599.2977000000,1597.6984023000,take_profit,58,0.3013000000,0.2961051948,0.0010000000,0.0010000000,0.0051948052,basic,conservative,True,complete
0f6c05bff4831033,tgs_stable_v2_universe_lab,U15,43d5dd5aa6be3b0638b5af83976e61a214bd9c37,False,True,survivorship-biased exploratory evidence; not Formal Candidate,U15-8801T-0003,8801.T,"Mitsui Fudosan Co., Ltd.",Real estate,2005-07-08,100,2005-07-11,424.6666564941,425.0913231506,382.5821908356,552.6187200958,2005-09-21,555.0000000000,554.4450000000,take_profit_gap,51,0.3069074096,0.3016902196,0.0010000000,0.0010000000,0.0052171900,basic,conservative,True,complete
0f6c05bff4831033,tgs_stable_v2_universe_lab,U15,43d5dd5aa6be3b0638b5af83976e61a214bd9c37,False,True,survivorship-biased exploratory evidence; not Formal Candidate,U15-8053T-0003,8053.T,Sumitomo Corp.,Trading companies,2005-07-15,120,2005-07-19,228.5000000000,228.7285000000,205.8556500000,297.3470500000,2005-09-27,297.3470500000,297.0497029500,take_profit,49,0.3013000000,0.2961051948,0.0010000000,0.0010000000,0.0051948052,basic,conservative,True,complete
0f6c05bff4831033,tgs_stable_v2_universe_lab,U15,43d5dd5aa6be3b0638b5af83976e61a214bd9c37,False,True,survivorship-biased exploratory evidence; not Formal Candidate,U15-5802T-0003,5802.T,"Sumitomo Electric Industries, Ltd.",Nonferrous metals,2005-07-22,100,2005-07-25,295.2500000000,295.5452500000,265.9907250000,384.2088250000,2005-09-29,384.2088250000,383.8246161750,take_profit,47,0.3013000000,0.2961051948,0.0010000000,0.0010000000,0.0051948052,basic,conservative,True,complete
0f6c05bff4831033,tgs_stable_v2_universe_lab,U15,43d5dd5aa6be3b0638b5af83976e61a214bd9c37,False,True,survivorship-biased exploratory evidence; not Formal Candidate,U15-5801T-0003,5801.T,"The Furukawa Electric Co., Ltd.",Nonferrous metals,2005-07-29,100,2005-08-01,500.0000000000,500.5000000000,450.4500000000,650.6500000000,2005-10-26,553.0000000000,552.4470000000,max_holding,60,0.1060000000,0.1015848347,0.0010000000,0.0010000000,0.0044151653,basic,conservative,True,complete
0f6c05bff4831033,tgs_stable_v2_universe_lab,U15,43d5dd5aa6be3b0638b5af83976e61a214bd9c37,False,True,survivorship-biased exploratory evidence; not Formal Candidate,U15-8015T-0003,8015.T,Toyota Tsusho Corp.,Trading companies,2005-08-26,100,2005-08-29,664.3333129883,664.9976463013,598.4978816711,864.4969401917,2005-10-31,864.4969401917,863.6324432515,take_profit,43,0.3013000000,0.2961051948,0.0010000000,0.0010000000,0.0051948052,basic,conservative,True,complete
0f6c05bff4831033,tgs_stable_v2_universe_lab,U15,43d5dd5aa6be3b0638b5af83976e61a214bd9c37,False,True,survivorship-biased exploratory evidence; not Formal Candidate,U15-6273T-0002,6273.T,SMC Corporation,Machinery,2005-09-08,90,2005-09-09,13680.0000000000,13693.6800000000,12324.3120000000,17801.7840000000,2005-12-08,16720.0000000000,16703.2800000000,max_holding,60,0.2222222222,0.2173430965,0.0010000000,0.0010000000,0.0048791258,basic,conservative,True,complete
0f6c05bff4831033,tgs_stable_v2_universe_lab,U15,43d5dd5aa6be3b0638b5af83976e61a214bd9c37,False,True,survivorship-biased exploratory evidence; not Formal Candidate,U15-5802T-0004,5802.T,"Sumitomo Electric Industries, Ltd.",Nonferrous metals,2005-10-06,90,2005-10-07,367.7500000000,368.1177500000,331.3059750000,478.5530750000,2006-01-06,460.7500000000,460.2892500000,max_holding,60,0.2528891910,0.2478876424,0.0010000000,0.0010000000,0.0050015487,basic,conservative,True,complete
0f6c05bff4831033,tgs_stable_v2_universe_lab,U15,43d5dd5aa6be3b0638b5af83976e61a214bd9c37,False,True,survivorship-biased exploratory evidence; not Formal Candidate,U15-7011T-0001,7011.T,"Mitsubishi Heavy Industries, Ltd.",Machinery,2005-10-12,90,2005-10-13,401.0000000000,401.4010000000,361.2609000000,521.8213000000,2005-12-01,527.0000000000,526.4730000000,take_profit_gap,35,0.3142144638,0.3089681040,0.0010000000,0.0010000000,0.0052463599,basic,conservative,True,complete
0f6c05bff4831033,tgs_stable_v2_universe_lab,U15,43d5dd5aa6be3b0638b5af83976e61a214bd9c37,False,True,survivorship-biased exploratory evidence; not Formal Candidate,U15-8802T-0003,8802.T,"Mitsubishi Estate Co., Ltd.",Real estate,2005-10-12,90,2005-10-13,1579.0000000000,1580.5790000000,1422.5211000000,2054.7527000000,2005-12-20,2090.0000000000,2087.9100000000,take_profit_gap,48,0.3236225459,0.3183386288,0.0010000000,0.0010000000,0.0052839171,basic,conservative,True,complete
0f6c05bff4831033,tgs_stable_v2_universe_lab,U15,43d5dd5aa6be3b0638b5af83976e61a214bd9c37,False,True,survivorship-biased exploratory evidence; not Formal Candidate,U15-6367T-0003,6367.T,"Daikin Industries, Ltd.",Machinery,2005-10-14,90,2005-10-17,2980.0000000000,2982.9800000000,2684.6820000000,3877.8740000000,2006-01-13,3720.0000000000,3716.2800000000,max_holding,60,0.2483221477,0.2433388307,0.0010000000,0.0010000000,0.0049833170,basic,conservative,True,complete
0f6c05bff4831033,tgs_stable_v2_universe_lab,U15,43d5dd5aa6be3b0638b5af83976e61a214bd9c37,False,True,survivorship-biased exploratory evidence; not Formal Candidate,U15-8001T-0004,8001.T,Itochu Corp.,Trading companies,2005-10-14,90,2005-10-17,148.8000030518,148.9488030548,134.0539227493,193.6334439713,2005-12-06,193.6334439713,193.4398105273,take_profit,36,0.3013000000,0.2961051948,0.0010000000,0.0010000000,0.0051948052,basic,conservative,True,complete
0f6c05bff4831033,tgs_stable_v2_universe_lab,U15,43d5dd5aa6be3b0638b5af83976e61a214bd9c37,False,True,survivorship-biased exploratory evidence; not Formal Candidate,U15-8031T-0004,8031.T,"Mitsui & Co., Ltd.",Trading companies,2005-10-28,90,2005-10-31,716.5000000000,717.2165000000,645.4948500000,932.3814500000,2006-01-24,809.0000000000,808.1910000000,max_holding,60,0.1290997906,0.1245924108,0.0010000000,0.0010000000,0.0045073799,basic,conservative,True,complete
0f6c05bff4831033,tgs_stable_v2_universe_lab,U15,43d5dd5aa6be3b0638b5af83976e61a214bd9c37,False,True,survivorship-biased exploratory evidence; not Formal Candidate,U15-8058T-0004,8058.T,Mitsubishi Corp.,Trading companies,2005-10-28,90,2005-10-31,766.6666870117,767.4333536987,690.6900183289,997.6633598083,2006-01-27,866.6666870117,865.8000203247,max_holding,60,0.1304347791,0.1259220700,0.0010000000,0.0010000000,0.0045127092,basic,conservative,True,complete
0f6c05bff4831033,tgs_stable_v2_universe_lab,U15,43d5dd5aa6be3b0638b5af83976e61a214bd9c37,False,True,survivorship-biased exploratory evidence; not Formal Candidate,U15-6301T-0003,6301.T,Komatsu Ltd.,Machinery,2005-10-31,90,2005-11-01,1550.0000000000,1551.5500000000,1396.3950000000,2017.0150000000,2006-01-04,2017.0150000000,2014.9979850000,take_profit,43,0.3013000000,0.2961051948,0.0010000000,0.0010000000,0.0051948052,basic,conservative,True,complete
0f6c05bff4831033,tgs_stable_v2_universe_lab,U15,43d5dd5aa6be3b0638b5af83976e61a214bd9c37,False,True,survivorship-biased exploratory evidence; not Formal Candidate,U15-5801T-0004,5801.T,"The Furukawa Electric Co., Ltd.",Nonferrous metals,2005-11-10,90,2005-11-11,618.0000000000,618.6180000000,556.7562000000,804.2034000000,2005-12-12,804.2034000000,803.3991966000,take_profit,22,0.3013000000,0.2961051948,0.0010000000,0.0010000000,0.0051948052,basic,conservative,True,complete
0f6c05bff4831033,tgs_stable_v2_universe_lab,U15,43d5dd5aa6be3b0638b5af83976e61a214bd9c37,False,True,survivorship-biased exploratory evidence; not Formal Candidate,U15-8801T-0004,8801.T,"Mitsui Fudosan Co., Ltd.",Real estate,2005-11-10,90,2005-11-11,655.0000000000,655.6550000000,590.0895000000,852.3515000000,2006-02-03,852.3515000000,851.4991485000,take_profit,56,0.3013000000,0.2961051948,0.0010000000,0.0010000000,0.0051948052,basic,conservative,True,complete
0f6c05bff4831033,tgs_stable_v2_universe_lab,U15,43d5dd5aa6be3b0638b5af83976e61a214bd9c37,False,True,survivorship-biased exploratory evidence; not Formal Candidate,U15-8802T-0004,8802.T,"Mitsubishi Estate Co., Ltd.",Real estate,2006-01-11,90,2006-01-12,2335.0000000000,2337.3350000000,2103.6015000000,3038.5355000000,2006-01-18,2103.6015000000,2101.4978985000,stop_loss,5,-0.0991000000,-0.1026964036,0.0010000000,0.0010000000,0.0035964036,basic,conservative,True,complete
0f6c05bff4831033,tgs_stable_v2_universe_lab,U15,43d5dd5aa6be3b0638b5af83976e61a214bd9c37,False,True,survivorship-biased exploratory evidence; not Formal Candidate,U15-5803T-0004,5803.T,Fujikura Ltd.,Nonferrous metals,2006-01-12,90,2006-01-13,172.3333282471,172.5056615753,155.2550954178,224.2573600479,2006-03-30,224.2573600479,224.0331026879,take_profit,54,0.3013000000,0.2961051948,0.0010000000,0.0010000000,0.0051948052,basic,conservative,True,complete
0f6c05bff4831033,tgs_stable_v2_universe_lab,U15,43d5dd5aa6be3b0638b5af83976e61a214bd9c37,False,True,survivorship-biased exploratory evidence; not Formal Candidate,U15-8001T-0005,8001.T,Itochu Corp.,Trading companies,2006-01-16,90,2006-01-17,185.0000000000,185.1850000000,166.6665000000,240.7405000000,2006-04-11,213.8000030518,213.5862030487,max_holding,60,0.1556756922,0.1510622210,0.0010000000,0.0010000000,0.0046134712,basic,conservative,True,complete
0f6c05bff4831033,tgs_stable_v2_universe_lab,U15,43d5dd5aa6be3b0638b5af83976e61a214bd9c37,False,True,survivorship-biased exploratory evidence; not Formal Candidate,U15-5802T-0005,5802.T,"Sumitomo Electric Industries, Ltd.",Nonferrous metals,2006-01-18,90,2006-01-19,430.0000000000,430.4300000000,387.3870000000,559.5590000000,2006-04-13,479.2500000000,478.7707500000,max_holding,60,0.1145348837,0.1100856471,0.0010000000,0.0010000000,0.0044492366,basic,conservative,True,complete
0f6c05bff4831033,tgs_stable_v2_universe_lab,U15,43d5dd5aa6be3b0638b5af83976e61a214bd9c37,False,True,survivorship-biased exploratory evidence; not Formal Candidate,U15-6367T-0004,6367.T,"Daikin Industries, Ltd.",Machinery,2006-01-18,90,2006-01-19,3750.0000000000,3753.7500000000,3378.3750000000,4879.8750000000,2006-04-13,4110.0000000000,4105.8900000000,max_holding,60,0.0960000000,0.0916247549,0.0010000000,0.0010000000,0.0043752451,basic,conservative,True,complete
0f6c05bff4831033,tgs_stable_v2_universe_lab,U15,43d5dd5aa6be3b0638b5af83976e61a214bd9c37,False,True,survivorship-biased exploratory evidence; not Formal Candidate,U15-6273T-0003,6273.T,SMC Corporation,Machinery,2006-01-19,90,2006-01-20,17610.0000000000,17627.6100000000,15864.8490000000,22915.8930000000,2006-02-14,15864.8490000000,15848.9841510000,stop_loss,18,-0.0991000000,-0.1026964036,0.0010000000,0.0010000000,0.0035964036,basic,conservative,True,complete
0f6c05bff4831033,tgs_stable_v2_universe_lab,U15,43d5dd5aa6be3b0638b5af83976e61a214bd9c37,False,True,survivorship-biased exploratory evidence; not Formal Candidate,U15-5801T-0005,5801.T,"The Furukawa Electric Co., Ltd.",Nonferrous metals,2006-01-24,90,2006-01-25,957.0000000000,957.9570000000,862.1613000000,1245.3441000000,2006-02-14,862.1613000000,861.2991387000,stop_loss,15,-0.0991000000,-0.1026964036,0.0010000000,0.0010000000,0.0035964036,basic,conservative,True,complete
0f6c05bff4831033,tgs_stable_v2_universe_lab,U15,43d5dd5aa6be3b0638b5af83976e61a214bd9c37,False,True,survivorship-biased exploratory evidence; not Formal Candidate,U15-8015T-0004,8015.T,Toyota Tsusho Corp.,Trading companies,2006-01-25,90,2006-01-26,893.3333129883,894.2266463013,804.8039816711,1162.4946401917,2006-04-20,1050.0000000000,1048.9500000000,max_holding,60,0.1753731611,0.1706810574,0.0010000000,0.0010000000,0.0046921037,basic,conservative,True,complete
0f6c05bff4831033,tgs_stable_v2_universe_lab,U15,43d5dd5aa6be3b0638b5af83976e61a214bd9c37,False,True,survivorship-biased exploratory evidence; not Formal Candidate,U15-8031T-0005,8031.T,"Mitsui & Co., Ltd.",Trading companies,2006-01-27,90,2006-01-30,818.0000000000,818.8180000000,736.9362000000,1064.4634000000,2006-02-20,736.9362000000,736.1992638000,stop_loss,16,-0.0991000000,-0.1026964036,0.0010000000,0.0010000000,0.0035964036,basic,conservative,True,complete
0f6c05bff4831033,tgs_stable_v2_universe_lab,U15,43d5dd5aa6be3b0638b5af83976e61a214bd9c37,False,True,survivorship-biased exploratory evidence; not Formal Candidate,U15-8053T-0004,8053.T,Sumitomo Corp.,Trading companies,2006-01-30,90,2006-01-31,402.2500000000,402.6522500000,362.3870250000,523.4479250000,2006-02-16,362.3870250000,362.0246379750,stop_loss,13,-0.0991000000,-0.1026964036,0.0010000000,0.0010000000,0.0035964036,basic,conservative,True,complete
0f6c05bff4831033,tgs_stable_v2_universe_lab,U15,43d5dd5aa6be3b0638b5af83976e61a214bd9c37,False,True,survivorship-biased exploratory evidence; not Formal Candidate,U15-7011T-0002,7011.T,"Mitsubishi Heavy Industries, Ltd.",Machinery,2006-02-03,90,2006-02-06,548.0000000000,548.5480000000,493.6932000000,713.1124000000,2006-02-13,493.6932000000,493.1995068000,stop_loss,6,-0.0991000000,-0.1026964036,0.0010000000,0.0010000000,0.0035964036,basic,conservative,True,complete
0f6c05bff4831033,tgs_stable_v2_universe_lab,U15,43d5dd5aa6be3b0638b5af83976e61a214bd9c37,False,True,survivorship-biased exploratory evidence; not Formal Candidate,U15-8801T-0005,8801.T,"Mitsui Fudosan Co., Ltd.",Real estate,2006-02-10,90,2006-02-13,786.6666870117,787.4533536987,708.7080183289,1023.6893598083,2006-05-11,881.6666870117,880.7850203247,max_holding,60,0.1207627087,0.1162886106,0.0010000000,0.0010000000,0.0044740982,basic,conservative,True,complete
0f6c05bff4831033,tgs_stable_v2_universe_lab,U15,43d5dd5aa6be3b0638b5af83976e61a214bd9c37,False,True,survivorship-biased exploratory evidence; not Formal Candidate,U15-8802T-0005,8802.T,"Mitsubishi Estate Co., Ltd.",Real estate,2006-02-10,90,2006-02-13,2575.0000000000,2577.5750000000,2319.8175000000,3350.8475000000,2006-02-17,2319.8175000000,2317.4976825000,stop_loss,5,-0.0991000000,-0.1026964036,0.0010000000,0.0010000000,0.0035964036,basic,conservative,True,complete
0f6c05bff4831033,tgs_stable_v2_universe_lab,U15,43d5dd5aa6be3b0638b5af83976e61a214bd9c37,False,True,survivorship-biased exploratory evidence; not Formal Candidate,U15-6301T-0004,6301.T,Komatsu Ltd.,Machinery,2006-02-13,90,2006-02-14,1906.0000000000,1907.9060000000,1717.1154000000,2480.2778000000,2006-04-19,2480.2778000000,2477.7975222000,take_profit,46,0.3013000000,0.2961051948,0.0010000000,0.0010000000,0.0051948052,basic,conservative,True,complete
0f6c05bff4831033,tgs_stable_v2_universe_lab,U15,43d5dd5aa6be3b0638b5af83976e61a214bd9c37,False,True,survivorship-biased exploratory evidence; not Formal Candidate,U15-8053T-0005,8053.T,Sumitomo Corp.,Trading companies,2006-02-16,90,2006-02-17,375.0000000000,375.3750000000,337.8375000000,487.9875000000,2006-05-17,390.0000000000,389.6100000000,max_holding,60,0.0400000000,0.0358483075,0.0010000000,0.0010000000,0.0041516925,basic,conservative,True,complete
0f6c05bff4831033,tgs_stable_v2_universe_lab,U15,43d5dd5aa6be3b0638b5af83976e61a214bd9c37,False,True,survivorship-biased exploratory evidence; not Formal Candidate,U15-8802T-0006,8802.T,"Mitsubishi Estate Co., Ltd.",Real estate,2006-04-05,100,2006-04-06,2750.0000000000,2752.7500000000,2477.4750000000,3578.5750000000,2006-04-18,2477.4750000000,2474.9975250000,stop_loss,9,-0.0991000000,-0.1026964036,0.0010000000,0.0010000000,0.0035964036,basic,conservative,True,complete
0f6c05bff4831033,tgs_stable_v2_universe_lab,U15,43d5dd5aa6be3b0638b5af83976e61a214bd9c37,False,True,survivorship-biased exploratory evidence; not Formal Candidate,U15-8031T-0006,8031.T,"Mitsui & Co., Ltd.",Trading companies,2006-04-14,100,2006-04-17,857.5000000000,858.3575000000,772.5217500000,1115.8647500000,2006-05-23,772.5217500000,771.7492282500,stop_loss,24,-0.0991000000,-0.1026964036,0.0010000000,0.0010000000,0.0035964036,basic,conservative,True,complete
0f6c05bff4831033,tgs_stable_v2_universe_lab,U15,43d5dd5aa6be3b0638b5af83976e61a214bd9c37,False,True,survivorship-biased exploratory evidence; not Formal Candidate,U15-6273T-0004,6273.T,SMC Corporation,Machinery,2006-04-21,100,2006-04-24,18240.0000000000,18258.2400000000,16432.4160000000,23735.7120000000,2006-05-12,16432.4160000000,16415.9835840000,stop_loss,12,-0.0991000000,-0.1026964036,0.0010000000,0.0010000000,0.0035964036,basic,conservative,True,complete
0f6c05bff4831033,tgs_stable_v2_universe_lab,U15,43d5dd5aa6be3b0638b5af83976e61a214bd9c37,False,True,survivorship-biased exploratory evidence; not Formal Candidate,U15-6301T-0005,6301.T,Komatsu Ltd.,Machinery,2006-04-28,90,2006-05-01,2410.0000000000,2412.4100000000,2171.1690000000,3136.1330000000,2006-05-23,2155.0000000000,2152.8450000000,stop_gap,14,-0.1058091286,-0.1093787493,0.0010000000,0.0010000000,0.0035696207,basic,conservative,True,complete
0f6c05bff4831033,tgs_stable_v2_universe_lab,U15,43d5dd5aa6be3b0638b5af83976e61a214bd9c37,False,True,survivorship-biased exploratory evidence; not Formal Candidate,U15-8002T-0003,8002.T,Marubeni Corp.,Trading companies,2006-05-08,100,2006-05-09,668.0000000000,668.6680000000,601.8012000000,869.2684000000,2006-05-22,601.8012000000,601.1993988000,stop_loss,10,-0.0991000000,-0.1026964036,0.0010000000,0.0010000000,0.0035964036,basic,conservative,True,complete
0f6c05bff4831033,tgs_stable_v2_universe_lab,U15,43d5dd5aa6be3b0638b5af83976e61a214bd9c37,False,True,survivorship-biased exploratory evidence; not Formal Candidate,U15-8031T-0007,8031.T,"Mitsui & Co., Ltd.",Trading companies,2006-08-18,100,2006-08-21,854.0000000000,854.8540000000,769.3686000000,1111.3102000000,2006-09-13,769.3686000000,768.5992314000,stop_loss,18,-0.0991000000,-0.1026964036,0.0010000000,0.0010000000,0.0035964036,basic,conservative,True,complete
0f6c05bff4831033,tgs_stable_v2_universe_lab,U15,43d5dd5aa6be3b0638b5af83976e61a214bd9c37,False,True,survivorship-biased exploratory evidence; not Formal Candidate,U15-8053T-0006,8053.T,Sumitomo Corp.,Trading companies,2006-08-18,100,2006-08-21,408.2500000000,408.6582500000,367.7924250000,531.2557250000,2006-09-12,367.7924250000,367.4246325750,stop_loss,17,-0.0991000000,-0.1026964036,0.0010000000,0.0010000000,0.0035964036,basic,conservative,True,complete
0f6c05bff4831033,tgs_stable_v2_universe_lab,U15,43d5dd5aa6be3b0638b5af83976e61a214bd9c37,False,True,survivorship-biased exploratory evidence; not Formal Candidate,U15-5801T-0006,5801.T,"The Furukawa Electric Co., Ltd.",Nonferrous metals,2006-08-21,100,2006-08-22,799.0000000000,799.7990000000,719.8191000000,1039.7387000000,2006-09-25,719.8191000000,719.0992809000,stop_loss,24,-0.0991000000,-0.1026964036,0.0010000000,0.0010000000,0.0035964036,basic,conservative,True,complete
0f6c05bff4831033,tgs_stable_v2_universe_lab,U15,43d5dd5aa6be3b0638b5af83976e61a214bd9c37,False,True,survivorship-biased exploratory evidence; not Formal Candidate,U15-8015T-0005,8015.T,Toyota Tsusho Corp.,Trading companies,2006-08-21,100,2006-08-22,998.3333129883,999.3316463013,899.3984816711,1299.1311401917,2006-11-16,1000.0000000000,999.0000000000,max_holding,60,0.0016694695,-0.0023292070,0.0010000000,0.0010000000,0.0039986765,basic,conservative,True,complete
0f6c05bff4831033,tgs_stable_v2_universe_lab,U15,43d5dd5aa6be3b0638b5af83976e61a214bd9c37,False,True,survivorship-biased exploratory evidence; not Formal Candidate,U15-8002T-0004,8002.T,Marubeni Corp.,Trading companies,2006-08-25,100,2006-08-28,623.0000000000,623.6230000000,561.2607000000,810.7099000000,2006-09-20,561.2607000000,560.6994393000,stop_loss,17,-0.0991000000,-0.1026964036,0.0010000000,0.0010000000,0.0035964036,basic,conservative,True,complete
0f6c05bff4831033,tgs_stable_v2_universe_lab,U15,43d5dd5aa6be3b0638b5af83976e61a214bd9c37,False,True,survivorship-biased exploratory evidence; not Formal Candidate,U15-8058T-0005,8058.T,Mitsubishi Corp.,Trading companies,2006-08-25,100,2006-08-28,823.3333129883,824.1566463013,741.7409816711,1071.4036401917,2006-09-12,741.7409816711,740.9992406895,stop_loss,12,-0.0991000000,-0.1026964036,0.0010000000,0.0010000000,0.0035964036,basic,conservative,True,complete
0f6c05bff4831033,tgs_stable_v2_universe_lab,U15,43d5dd5aa6be3b0638b5af83976e61a214bd9c37,False,True,survivorship-biased exploratory evidence; not Formal Candidate,U15-8802T-0007,8802.T,"Mitsubishi Estate Co., Ltd.",Real estate,2006-08-25,100,2006-08-28,2475.0000000000,2477.4750000000,2229.7275000000,3220.7175000000,2006-11-22,2690.0000000000,2687.3100000000,max_holding,60,0.0868686869,0.0825298940,0.0010000000,0.0010000000,0.0043387928,basic,conservative,True,complete
0f6c05bff4831033,tgs_stable_v2_universe_lab,U15,43d5dd5aa6be3b0638b5af83976e61a214bd9c37,False,True,survivorship-biased exploratory evidence; not Formal Candidate,U15-8801T-0006,8801.T,"Mitsui Fudosan Co., Ltd.",Real estate,2006-09-01,100,2006-09-04,885.0000000000,885.8850000000,797.2965000000,1151.6505000000,2006-11-30,906.6666870117,905.7600203247,max_holding,60,0.0244821322,0.0203923873,0.0010000000,0.0010000000,0.0040897449,basic,conservative,True,complete
0f6c05bff4831033,tgs_stable_v2_universe_lab,U15,43d5dd5aa6be3b0638b5af83976e61a214bd9c37,False,True,survivorship-biased exploratory evidence; not Formal Candidate,U15-6273T-0005,6273.T,SMC Corporation,Machinery,2006-09-08,100,2006-09-11,15820.0000000000,15835.8200000000,14252.2380000000,20586.5660000000,2006-09-25,14252.2380000000,14237.9857620000,stop_loss,10,-0.0991000000,-0.1026964036,0.0010000000,0.0010000000,0.0035964036,basic,conservative,True,complete
0f6c05bff4831033,tgs_stable_v2_universe_lab,U15,43d5dd5aa6be3b0638b5af83976e61a214bd9c37,False,True,survivorship-biased exploratory evidence; not Formal Candidate,U15-7011T-0003,7011.T,"Mitsubishi Heavy Industries, Ltd.",Machinery,2006-09-08,120,2006-09-11,512.0000000000,512.5120000000,461.2608000000,666.2656000000,2006-12-07,497.0000000000,496.5030000000,max_holding,60,-0.0292968750,-0.0331719335,0.0010000000,0.0010000000,0.0038750585,basic,conservative,True,complete
0f6c05bff4831033,tgs_stable_v2_universe_lab,U15,43d5dd5aa6be3b0638b5af83976e61a214bd9c37,False,True,survivorship-biased exploratory evidence; not Formal Candidate,U15-5801T-0007,5801.T,"The Furukawa Electric Co., Ltd.",Nonferrous metals,2006-09-28,90,2006-09-29,780.0000000000,780.7800000000,702.7020000000,1015.0140000000,2006-12-26,755.0000000000,754.2450000000,max_holding,60,-0.0320512821,-0.0359153449,0.0010000000,0.0010000000,0.0038640629,basic,conservative,True,complete
0f6c05bff4831033,tgs_stable_v2_universe_lab,U15,43d5dd5aa6be3b0638b5af83976e61a214bd9c37,False,True,survivorship-biased exploratory evidence; not Formal Candidate,U15-5802T-0006,5802.T,"Sumitomo Electric Industries, Ltd.",Nonferrous metals,2006-09-29,100,2006-10-02,402.0000000000,402.4020000000,362.1618000000,523.1226000000,2006-12-27,466.2500000000,465.7837500000,max_holding,60,0.1598258706,0.1551958319,0.0010000000,0.0010000000,0.0046300388,basic,conservative,True,complete
0f6c05bff4831033,tgs_stable_v2_universe_lab,U15,43d5dd5aa6be3b0638b5af83976e61a214bd9c37,False,True,survivorship-biased exploratory evidence; not Formal Candidate,U15-6273T-0006,6273.T,SMC Corporation,Machinery,2006-09-29,100,2006-10-02,15660.0000000000,15675.6600000000,14108.0940000000,20378.3580000000,2006-12-27,16790.0000000000,16773.2100000000,max_holding,60,0.0721583653,0.0678782962,0.0010000000,0.0010000000,0.0042800690,basic,conservative,True,complete
0f6c05bff4831033,tgs_stable_v2_universe_lab,U15,43d5dd5aa6be3b0638b5af83976e61a214bd9c37,False,True,survivorship-biased exploratory evidence; not Formal Candidate,U15-8053T-0007,8053.T,Sumitomo Corp.,Trading companies,2006-11-10,100,2006-11-13,382.5000000000,382.8825000000,344.5942500000,497.7472500000,2007-02-09,497.7472500000,497.2495027500,take_profit,60,0.3013000000,0.2961051948,0.0010000000,0.0010000000,0.0051948052,basic,conservative,True,complete
0f6c05bff4831033,tgs_stable_v2_universe_lab,U15,43d5dd5aa6be3b0638b5af83976e61a214bd9c37,False,True,survivorship-biased exploratory evidence; not Formal Candidate,U15-6367T-0005,6367.T,"Daikin Industries, Ltd.",Machinery,2006-11-24,100,2006-11-27,3490.0000000000,3493.4900000000,3144.1410000000,4541.5370000000,2007-02-23,4370.0000000000,4365.6300000000,max_holding,60,0.2521489971,0.2471504033,0.0010000000,0.0010000000,0.0049985938,basic,conservative,True,complete
0f6c05bff4831033,tgs_stable_v2_universe_lab,U15,43d5dd5aa6be3b0638b5af83976e61a214bd9c37,False,True,survivorship-biased exploratory evidence; not Formal Candidate,U15-8001T-0006,8001.T,Itochu Corp.,Trading companies,2006-12-08,100,2006-12-11,192.8000030518,192.9928030548,173.6935227493,250.8906439713,2007-03-09,219.0000000000,218.7810000000,max_holding,60,0.1358920982,0.1313576033,0.0010000000,0.0010000000,0.0045344949,basic,conservative,True,complete
0f6c05bff4831033,tgs_stable_v2_universe_lab,U15,43d5dd5aa6be3b0638b5af83976e61a214bd9c37,False,True,survivorship-biased exploratory evidence; not Formal Candidate,U15-8031T-0008,8031.T,"Mitsui & Co., Ltd.",Trading companies,2006-12-08,100,2006-12-11,835.0000000000,835.8350000000,752.2515000000,1086.5855000000,2007-02-22,1086.5855000000,1085.4989145000,take_profit,49,0.3013000000,0.2961051948,0.0010000000,0.0010000000,0.0051948052,basic,conservative,True,complete
0f6c05bff4831033,tgs_stable_v2_universe_lab,U15,43d5dd5aa6be3b0638b5af83976e61a214bd9c37,False,True,survivorship-biased exploratory evidence; not Formal Candidate,U15-8002T-0005,8002.T,Marubeni Corp.,Trading companies,2006-12-15,100,2006-12-18,605.0000000000,605.6050000000,545.0445000000,787.2865000000,2007-03-16,710.0000000000,709.2900000000,max_holding,60,0.1735537190,0.1688688785,0.0010000000,0.0010000000,0.0046848405,basic,conservative,True,complete
0f6c05bff4831033,tgs_stable_v2_universe_lab,U15,43d5dd5aa6be3b0638b5af83976e61a214bd9c37,False,True,survivorship-biased exploratory evidence; not Formal Candidate,U15-8058T-0006,8058.T,Mitsubishi Corp.,Trading companies,2006-12-15,100,2006-12-18,755.0000000000,755.7550000000,680.1795000000,982.4815000000,2007-03-16,895.0000000000,894.1050000000,max_holding,60,0.1854304636,0.1806982110,0.0010000000,0.0010000000,0.0047322526,basic,conservative,True,complete
0f6c05bff4831033,tgs_stable_v2_universe_lab,U15,43d5dd5aa6be3b0638b5af83976e61a214bd9c37,False,True,survivorship-biased exploratory evidence; not Formal Candidate,U15-6301T-0006,6301.T,Komatsu Ltd.,Machinery,2006-12-18,100,2006-12-19,2270.0000000000,2272.2700000000,2045.0430000000,2953.9510000000,2007-03-19,2445.0000000000,2442.5550000000,max_holding,60,0.0770925110,0.0727927448,0.0010000000,0.0010000000,0.0042997662,basic,conservative,True,complete
0f6c05bff4831033,tgs_stable_v2_universe_lab,U15,43d5dd5aa6be3b0638b5af83976e61a214bd9c37,False,True,survivorship-biased exploratory evidence; not Formal Candidate,U15-8802T-0008,8802.T,"Mitsubishi Estate Co., Ltd.",Real estate,2006-12-20,90,2006-12-21,2975.0000000000,2977.9750000000,2680.1775000000,3871.3675000000,2007-02-23,3871.3675000000,3867.4961325000,take_profit,42,0.3013000000,0.2961051948,0.0010000000,0.0010000000,0.0051948052,basic,conservative,True,complete
0f6c05bff4831033,tgs_stable_v2_universe_lab,U15,43d5dd5aa6be3b0638b5af83976e61a214bd9c37,False,True,survivorship-biased exploratory evidence; not Formal Candidate,U15-7011T-0004,7011.T,"Mitsubishi Heavy Industries, Ltd.",Machinery,2006-12-25,120,2006-12-26,529.0000000000,529.5290000000,476.5761000000,688.3877000000,2007-02-14,688.3877000000,687.6993123000,take_profit,32,0.3013000000,0.2961051948,0.0010000000,0.0010000000,0.0051948052,basic,conservative,True,complete
0f6c05bff4831033,tgs_stable_v2_universe_lab,U15,43d5dd5aa6be3b0638b5af83976e61a214bd9c37,False,True,survivorship-biased exploratory evidence; not Formal Candidate,U15-8801T-0007,8801.T,"Mitsui Fudosan Co., Ltd.",Real estate,2007-01-05,100,2007-01-09,965.0000000000,965.9650000000,869.3685000000,1255.7545000000,2007-04-04,1126.6666259766,1125.5399593506,max_holding,60,0.1675301824,0.1628693879,0.0010000000,0.0010000000,0.0046607945,basic,conservative,True,complete
0f6c05bff4831033,tgs_stable_v2_universe_lab,U15,43d5dd5aa6be3b0638b5af83976e61a214bd9c37,False,True,survivorship-biased exploratory evidence; not Formal Candidate,U15-6273T-0007,6273.T,SMC Corporation,Machinery,2007-01-09,90,2007-01-10,17010.0000000000,17027.0100000000,15324.3090000000,22135.1130000000,2007-02-28,15240.0000000000,15224.7600000000,stop_gap,35,-0.1040564374,-0.1076330548,0.0010000000,0.0010000000,0.0035766174,basic,conservative,True,complete
0f6c05bff4831033,tgs_stable_v2_universe_lab,U15,43d5dd5aa6be3b0638b5af83976e61a214bd9c37,False,True,survivorship-biased exploratory evidence; not Formal Candidate,U15-5802T-0007,5802.T,"Sumitomo Electric Industries, Ltd.",Nonferrous metals,2007-01-10,90,2007-01-11,470.0000000000,470.4700000000,423.4230000000,611.6110000000,2007-03-05,423.4230000000,422.9995770000,stop_loss,37,-0.0991000000,-0.1026964036,0.0010000000,0.0010000000,0.0035964036,basic,conservative,True,complete
0f6c05bff4831033,tgs_stable_v2_universe_lab,U15,43d5dd5aa6be3b0638b5af83976e61a214bd9c37,False,True,survivorship-biased exploratory evidence; not Formal Candidate,U15-5801T-0008,5801.T,"The Furukawa Electric Co., Ltd.",Nonferrous metals,2007-01-31,100,2007-02-01,814.0000000000,814.8140000000,733.3326000000,1059.2582000000,2007-03-05,733.3326000000,732.5992674000,stop_loss,22,-0.0991000000,-0.1026964036,0.0010000000,0.0010000000,0.0035964036,basic,conservative,True,complete
0f6c05bff4831033,tgs_stable_v2_universe_lab,U15,43d5dd5aa6be3b0638b5af83976e61a214bd9c37,False,True,survivorship-biased exploratory evidence; not Formal Candidate,U15-8015T-0006,8015.T,Toyota Tsusho Corp.,Trading companies,2007-02-09,100,2007-02-13,1093.3333740234,1094.4267073975,984.9840366577,1422.7547196167,2007-04-02,984.9840366577,983.9990526211,stop_loss,34,-0.0991000000,-0.1026964036,0.0010000000,0.0010000000,0.0035964036,basic,conservative,True,complete
0f6c05bff4831033,tgs_stable_v2_universe_lab,U15,43d5dd5aa6be3b0638b5af83976e61a214bd9c37,False,True,survivorship-biased exploratory evidence; not Formal Candidate,U15-8802T-0009,8802.T,"Mitsubishi Estate Co., Ltd.",Real estate,2007-02-27,90,2007-02-28,3540.0000000000,3543.5400000000,3189.1860000000,4606.6020000000,2007-05-28,3610.0000000000,3606.3900000000,max_holding,60,0.0197740113,0.0157030612,0.0010000000,0.0010000000,0.0040709501,basic,conservative,True,complete
0f6c05bff4831033,tgs_stable_v2_universe_lab,U15,43d5dd5aa6be3b0638b5af83976e61a214bd9c37,False,True,survivorship-biased exploratory evidence; not Formal Candidate,U15-8031T-0009,8031.T,"Mitsui & Co., Ltd.",Trading companies,2007-02-28,90,2007-03-01,1065.0000000000,1066.0650000000,959.4585000000,1385.8845000000,2007-05-29,1175.0000000000,1173.8250000000,max_holding,60,0.1032863850,0.0988820525,0.0010000000,0.0010000000,0.0044043325,basic,conservative,True,complete
0f6c05bff4831033,tgs_stable_v2_universe_lab,U15,43d5dd5aa6be3b0638b5af83976e61a214bd9c37,False,True,survivorship-biased exploratory evidence; not Formal Candidate,U15-8053T-0008,8053.T,Sumitomo Corp.,Trading companies,2007-02-28,90,2007-03-01,530.0000000000,530.5300000000,477.4770000000,689.6890000000,2007-05-29,543.7500000000,543.2062500000,max_holding,60,0.0259433962,0.0218478179,0.0010000000,0.0010000000,0.0040955783,basic,conservative,True,complete
0f6c05bff4831033,tgs_stable_v2_universe_lab,U15,43d5dd5aa6be3b0638b5af83976e61a214bd9c37,False,True,survivorship-biased exploratory evidence; not Formal Candidate,U15-7011T-0005,7011.T,"Mitsubishi Heavy Industries, Ltd.",Machinery,2007-03-14,90,2007-03-15,676.0000000000,676.6760000000,609.0084000000,879.6788000000,2007-06-12,759.0000000000,758.2410000000,max_holding,60,0.1227810651,0.1182989096,0.0010000000,0.0010000000,0.0044821555,basic,conservative,True,complete
0f6c05bff4831033,tgs_stable_v2_universe_lab,U15,43d5dd5aa6be3b0638b5af83976e61a214bd9c37,False,True,survivorship-biased exploratory evidence; not Formal Candidate,U15-6367T-0006,6367.T,"Daikin Industries, Ltd.",Machinery,2007-04-06,100,2007-04-09,4300.0000000000,4304.3000000000,3873.8700000000,5595.5900000000,2007-07-04,4600.0000000000,4595.4000000000,max_holding,60,0.0697674419,0.0654969174,0.0010000000,0.0010000000,0.0042705244,basic,conservative,True,complete
0f6c05bff4831033,tgs_stable_v2_universe_lab,U15,43d5dd5aa6be3b0638b5af83976e61a214bd9c37,False,True,survivorship-biased exploratory evidence; not Formal Candidate,U15-8001T-0007,8001.T,Itochu Corp.,Trading companies,2007-04-18,90,2007-04-19,244.3999938965,244.6443938904,220.1799545013,318.0377120575,2007-04-25,220.1799545013,219.9597745468,stop_loss,5,-0.0991000000,-0.1026964036,0.0010000000,0.0010000000,0.0035964036,basic,conservative,True,complete
0f6c05bff4831033,tgs_stable_v2_universe_lab,U15,43d5dd5aa6be3b0638b5af83976e61a214bd9c37,False,True,survivorship-biased exploratory evidence; not Formal Candidate,U15-6301T-0007,6301.T,Komatsu Ltd.,Machinery,2007-04-27,100,2007-05-01,2895.0000000000,2897.8950000000,2608.1055000000,3767.2635000000,2007-07-05,3767.2635000000,3763.4962365000,take_profit,46,0.3013000000,0.2961051948,0.0010000000,0.0010000000,0.0051948052,basic,conservative,True,complete
0f6c05bff4831033,tgs_stable_v2_universe_lab,U15,43d5dd5aa6be3b0638b5af83976e61a214bd9c37,False,True,survivorship-biased exploratory evidence; not Formal Candidate,U15-8001T-0008,8001.T,Itochu Corp.,Trading companies,2007-04-27,90,2007-05-01,247.0000000000,247.2470000000,222.5223000000,321.4211000000,2007-07-26,299.0000000000,298.7010000000,max_holding,60,0.2105263158,0.2056938802,0.0010000000,0.0010000000,0.0048324356,basic,conservative,True,complete
0f6c05bff4831033,tgs_stable_v2_universe_lab,U15,43d5dd5aa6be3b0638b5af83976e61a214bd9c37,False,True,survivorship-biased exploratory evidence; not Formal Candidate,U15-8801T-0008,8801.T,"Mitsui Fudosan Co., Ltd.",Real estate,2007-04-27,100,2007-05-01,1170.0000000000,1171.1700000000,1054.0530000000,1522.5210000000,2007-07-26,1053.3333740234,1052.2800406494,stop_gap,60,-0.0997150649,-0.1033090132,0.0010000000,0.0010000000,0.0035939482,basic,conservative,True,complete
0f6c05bff4831033,tgs_stable_v2_universe_lab,U15,43d5dd5aa6be3b0638b5af83976e61a214bd9c37,False,True,survivorship-biased exploratory evidence; not Formal Candidate,U15-8002T-0006,8002.T,Marubeni Corp.,Trading companies,2007-05-02,90,2007-05-07,770.0000000000,770.7700000000,693.6930000000,1002.0010000000,2007-06-15,1002.0010000000,1000.9989990000,take_profit,30,0.3013000000,0.2961051948,0.0010000000,0.0010000000,0.0051948052,basic,conservative,True,complete
0f6c05bff4831033,tgs_stable_v2_universe_lab,U15,43d5dd5aa6be3b0638b5af83976e61a214bd9c37,False,True,survivorship-biased exploratory evidence; not Formal Candidate,U15-5803T-0005,5803.T,Fujikura Ltd.,Nonferrous metals,2007-05-07,100,2007-05-08,135.8333282471,135.9691615753,122.3722454178,176.7599100479,2007-07-31,123.5000000000,123.3765000000,max_holding,60,-0.0907975120,-0.0944270592,0.0010000000,0.0010000000,0.0036295472,basic,conservative,True,complete
0f6c05bff4831033,tgs_stable_v2_universe_lab,U15,43d5dd5aa6be3b0638b5af83976e61a214bd9c37,False,True,survivorship-biased exploratory evidence; not Formal Candidate,U15-8031T-0010,8031.T,"Mitsui & Co., Ltd.",Trading companies,2007-05-31,90,2007-06-01,1240.0000000000,1241.2400000000,1117.1160000000,1613.6120000000,2007-08-10,1117.1160000000,1115.9988840000,stop_loss,50,-0.0991000000,-0.1026964036,0.0010000000,0.0010000000,0.0035964036,basic,conservative,True,complete
0f6c05bff4831033,tgs_stable_v2_universe_lab,U15,43d5dd5aa6be3b0638b5af83976e61a214bd9c37,False,True,survivorship-biased exploratory evidence; not Formal Candidate,U15-8053T-0009,8053.T,Sumitomo Corp.,Trading companies,2007-06-01,120,2007-06-04,576.2500000000,576.8262500000,519.1436250000,749.8741250000,2007-08-08,519.1436250000,518.6244813750,stop_loss,47,-0.0991000000,-0.1026964036,0.0010000000,0.0010000000,0.0035964036,basic,conservative,True,complete
0f6c05bff4831033,tgs_stable_v2_universe_lab,U15,43d5dd5aa6be3b0638b5af83976e61a214bd9c37,False,True,survivorship-biased exploratory evidence; not Formal Candidate,U15-8058T-0007,8058.T,Mitsubishi Corp.,Trading companies,2007-06-01,100,2007-06-04,1056.6666259766,1057.7232926025,951.9509633423,1375.0402803833,2007-08-16,951.9509633423,950.9990123789,stop_loss,53,-0.0991000000,-0.1026964036,0.0010000000,0.0010000000,0.0035964036,basic,conservative,True,complete
0f6c05bff4831033,tgs_stable_v2_universe_lab,U15,43d5dd5aa6be3b0638b5af83976e61a214bd9c37,False,True,survivorship-biased exploratory evidence; not Formal Candidate,U15-5802T-0008,5802.T,"Sumitomo Electric Industries, Ltd.",Nonferrous metals,2007-06-08,120,2007-06-11,464.5000000000,464.9645000000,418.4680500000,604.4538500000,2007-08-16,414.5000000000,414.0855000000,stop_gap,48,-0.1076426265,-0.1112049278,0.0010000000,0.0010000000,0.0035623013,basic,conservative,True,complete
0f6c05bff4831033,tgs_stable_v2_universe_lab,U15,43d5dd5aa6be3b0638b5af83976e61a214bd9c37,False,True,survivorship-biased exploratory evidence; not Formal Candidate,U15-7011T-0006,7011.T,"Mitsubishi Heavy Industries, Ltd.",Machinery,2007-06-22,100,2007-06-25,805.0000000000,805.8050000000,725.2245000000,1047.5465000000,2007-08-16,704.0000000000,703.2960000000,stop_gap,38,-0.1254658385,-0.1289569894,0.0010000000,0.0010000000,0.0034911509,basic,conservative,True,complete
0f6c05bff4831033,tgs_stable_v2_universe_lab,U15,43d5dd5aa6be3b0638b5af83976e61a214bd9c37,False,True,survivorship-biased exploratory evidence; not Formal Candidate,U15-6273T-0008,6273.T,SMC Corporation,Machinery,2007-07-06,90,2007-07-09,15720.0000000000,15735.7200000000,14162.1480000000,20456.4360000000,2007-08-17,14162.1480000000,14147.9858520000,stop_loss,29,-0.0991000000,-0.1026964036,0.0010000000,0.0010000000,0.0035964036,basic,conservative,True,complete
0f6c05bff4831033,tgs_stable_v2_universe_lab,U15,43d5dd5aa6be3b0638b5af83976e61a214bd9c37,False,True,survivorship-biased exploratory evidence; not Formal Candidate,U15-8015T-0007,8015.T,Toyota Tsusho Corp.,Trading companies,2007-07-18,100,2007-07-19,1016.6666870117,1017.6833536987,915.9150183289,1322.9883598083,2007-08-16,915.9150183289,914.9991033105,stop_loss,21,-0.0991000000,-0.1026964036,0.0010000000,0.0010000000,0.0035964036,basic,conservative,True,complete
0f6c05bff4831033,tgs_stable_v2_universe_lab,U15,43d5dd5aa6be3b0638b5af83976e61a214bd9c37,False,True,survivorship-biased exploratory evidence; not Formal Candidate,U15-5801T-0009,5801.T,"The Furukawa Electric Co., Ltd.",Nonferrous metals,2007-07-20,120,2007-07-23,681.0000000000,681.6810000000,613.5129000000,886.1853000000,2007-08-02,613.5129000000,612.8993871000,stop_loss,9,-0.0991000000,-0.1026964036,0.0010000000,0.0010000000,0.0035964036,basic,conservative,True,complete
0f6c05bff4831033,tgs_stable_v2_universe_lab,U15,43d5dd5aa6be3b0638b5af83976e61a214bd9c37,False,True,survivorship-biased exploratory evidence; not Formal Candidate,U15-8001T-0009,8001.T,Itochu Corp.,Trading companies,2007-07-27,90,2007-07-30,289.7999877930,290.0897877808,261.0808090027,377.1167241150,2007-08-08,261.0808090027,260.8197281937,stop_loss,8,-0.0991000000,-0.1026964036,0.0010000000,0.0010000000,0.0035964036,basic,conservative,True,complete
0f6c05bff4831033,tgs_stable_v2_universe_lab,U15,43d5dd5aa6be3b0638b5af83976e61a214bd9c37,False,True,survivorship-biased exploratory evidence; not Formal Candidate,U15-6367T-0007,6367.T,"Daikin Industries, Ltd.",Machinery,2007-07-31,90,2007-08-01,4590.0000000000,4594.5900000000,4135.1310000000,5972.9670000000,2007-10-26,5850.0000000000,5844.1500000000,max_holding,60,0.2745098039,0.2694219455,0.0010000000,0.0010000000,0.0050878584,basic,conservative,True,complete
0f6c05bff4831033,tgs_stable_v2_universe_lab,U15,43d5dd5aa6be3b0638b5af83976e61a214bd9c37,False,True,survivorship-biased exploratory evidence; not Formal Candidate,U15-8015T-0008,8015.T,Toyota Tsusho Corp.,Trading companies,2007-09-21,100,2007-09-25,1026.6666259766,1027.6932926025,924.9239633423,1336.0012803833,2007-12-19,1013.3333129883,1012.3199796753,max_holding,60,-0.0129869937,-0.0169271614,0.0010000000,0.0010000000,0.0039401677,basic,conservative,True,complete
0f6c05bff4831033,tgs_stable_v2_universe_lab,U15,43d5dd5aa6be3b0638b5af83976e61a214bd9c37,False,True,survivorship-biased exploratory evidence; not Formal Candidate,U15-6273T-0009,6273.T,SMC Corporation,Machinery,2007-09-28,100,2007-10-01,15630.0000000000,15645.6300000000,14081.0670000000,20339.3190000000,2007-11-12,13893.0000000000,13879.1070000000,stop_gap,30,-0.1111324376,-0.1146808076,0.0010000000,0.0010000000,0.0035483700,basic,conservative,True,complete
0f6c05bff4831033,tgs_stable_v2_universe_lab,U15,43d5dd5aa6be3b0638b5af83976e61a214bd9c37,False,True,survivorship-biased exploratory evidence; not Formal Candidate,U15-8058T-0008,8058.T,Mitsubishi Corp.,Trading companies,2007-10-01,100,2007-10-02,1216.6666259766,1217.8832926025,1096.0949633423,1583.2482803833,2007-11-09,1095.6666259766,1094.5709593506,stop_gap,28,-0.0994520581,-0.1030470563,0.0010000000,0.0010000000,0.0035949982,basic,conservative,True,complete
0f6c05bff4831033,tgs_stable_v2_universe_lab,U15,43d5dd5aa6be3b0638b5af83976e61a214bd9c37,False,True,survivorship-biased exploratory evidence; not Formal Candidate,U15-8031T-0011,8031.T,"Mitsui & Co., Ltd.",Trading companies,2007-10-05,100,2007-10-09,1400.0000000000,1401.4000000000,1261.2600000000,1821.8200000000,2007-11-16,1261.2600000000,1259.9987400000,stop_loss,29,-0.0991000000,-0.1026964036,0.0010000000,0.0010000000,0.0035964036,basic,conservative,True,complete
0f6c05bff4831033,tgs_stable_v2_universe_lab,U15,43d5dd5aa6be3b0638b5af83976e61a214bd9c37,False,True,survivorship-biased exploratory evidence; not Formal Candidate,U15-8802T-0010,8802.T,"Mitsubishi Estate Co., Ltd.",Real estate,2007-10-10,100,2007-10-11,3480.0000000000,3483.4800000000,3135.1320000000,4528.5240000000,2007-10-19,3109.0000000000,3105.8910000000,stop_gap,7,-0.1066091954,-0.1101756222,0.0010000000,0.0010000000,0.0035664268,basic,conservative,True,complete
0f6c05bff4831033,tgs_stable_v2_universe_lab,U15,43d5dd5aa6be3b0638b5af83976e61a214bd9c37,False,True,survivorship-biased exploratory evidence; not Formal Candidate,U15-5802T-0009,5802.T,"Sumitomo Electric Industries, Ltd.",Nonferrous metals,2007-10-12,100,2007-10-15,460.2500000000,460.7102500000,414.6392250000,598.9233250000,2008-01-15,414.6392250000,414.2245857750,stop_loss,60,-0.0991000000,-0.1026964036,0.0010000000,0.0010000000,0.0035964036,basic,conservative,True,complete
0f6c05bff4831033,tgs_stable_v2_universe_lab,U15,43d5dd5aa6be3b0638b5af83976e61a214bd9c37,False,True,survivorship-biased exploratory evidence; not Formal Candidate,U15-8801T-0009,8801.T,"Mitsui Fudosan Co., Ltd.",Real estate,2007-10-12,100,2007-10-15,1076.6666259766,1077.7432926025,969.9689633423,1401.0662803833,2007-10-22,969.9689633423,968.9989943789,stop_loss,6,-0.0991000000,-0.1026964036,0.0010000000,0.0010000000,0.0035964036,basic,conservative,True,complete
0f6c05bff4831033,tgs_stable_v2_universe_lab,U15,43d5dd5aa6be3b0638b5af83976e61a214bd9c37,False,True,survivorship-biased exploratory evidence; not Formal Candidate,U15-6301T-0008,6301.T,Komatsu Ltd.,Machinery,2007-10-17,120,2007-10-18,3891.0000000000,3894.8910000000,3505.4019000000,5063.3583000000,2007-11-08,3505.4019000000,3501.8964981000,stop_loss,16,-0.0991000000,-0.1026964036,0.0010000000,0.0010000000,0.0035964036,basic,conservative,True,complete
0f6c05bff4831033,tgs_stable_v2_universe_lab,U15,43d5dd5aa6be3b0638b5af83976e61a214bd9c37,False,True,survivorship-biased exploratory evidence; not Formal Candidate,U15-8001T-0010,8001.T,Itochu Corp.,Trading companies,2007-10-19,100,2007-10-22,272.7999877930,273.0727877808,245.7655090027,354.9946241150,2007-11-12,245.7655090027,245.5197434937,stop_loss,16,-0.0991000000,-0.1026964036,0.0010000000,0.0010000000,0.0035964036,basic,conservative,True,complete
0f6c05bff4831033,tgs_stable_v2_universe_lab,U15,43d5dd5aa6be3b0638b5af83976e61a214bd9c37,False,True,survivorship-biased exploratory evidence; not Formal Candidate,U15-8802T-0011,8802.T,"Mitsubishi Estate Co., Ltd.",Real estate,2007-10-30,90,2007-10-31,3420.0000000000,3423.4200000000,3081.0780000000,4450.4460000000,2007-11-08,3081.0780000000,3077.9969220000,stop_loss,7,-0.0991000000,-0.1026964036,0.0010000000,0.0010000000,0.0035964036,basic,conservative,True,complete
0f6c05bff4831033,tgs_stable_v2_universe_lab,U15,43d5dd5aa6be3b0638b5af83976e61a214bd9c37,False,True,survivorship-biased exploratory evidence; not Formal Candidate,U15-6367T-0008,6367.T,"Daikin Industries, Ltd.",Machinery,2007-11-09,90,2007-11-12,5550.0000000000,5555.5500000000,4999.9950000000,7222.2150000000,2008-01-16,4900.0000000000,4895.1000000000,stop_gap,41,-0.1171171171,-0.1206415962,0.0010000000,0.0010000000,0.0035244790,basic,conservative,True,complete
0f6c05bff4831033,tgs_stable_v2_universe_lab,U15,43d5dd5aa6be3b0638b5af83976e61a214bd9c37,False,True,survivorship-biased exploratory evidence; not Formal Candidate,U15-8802T-0012,8802.T,"Mitsubishi Estate Co., Ltd.",Real estate,2008-02-15,100,2008-02-18,2665.0000000000,2667.6650000000,2400.8985000000,3467.9645000000,2008-03-05,2400.8985000000,2398.4976015000,stop_loss,13,-0.0991000000,-0.1026964036,0.0010000000,0.0010000000,0.0035964036,basic,conservative,True,complete
0f6c05bff4831033,tgs_stable_v2_universe_lab,U15,43d5dd5aa6be3b0638b5af83976e61a214bd9c37,False,True,survivorship-biased exploratory evidence; not Formal Candidate,U15-7011T-0007,7011.T,"Mitsubishi Heavy Industries, Ltd.",Machinery,2008-02-22,100,2008-02-25,481.0921936035,481.5732857971,433.4159572174,626.0452715363,2008-03-10,433.4159572174,432.9825412602,stop_loss,11,-0.0991000000,-0.1026964036,0.0010000000,0.0010000000,0.0035964036,basic,conservative,True,complete
0f6c05bff4831033,tgs_stable_v2_universe_lab,U15,43d5dd5aa6be3b0638b5af83976e61a214bd9c37,False,True,survivorship-biased exploratory evidence; not Formal Candidate,U15-8053T-0010,8053.T,Sumitomo Corp.,Trading companies,2008-02-22,100,2008-02-25,389.7500000000,390.1397500000,351.1257750000,507.1816750000,2008-03-11,351.1257750000,350.7746492250,stop_loss,12,-0.0991000000,-0.1026964036,0.0010000000,0.0010000000,0.0035964036,basic,conservative,True,complete
0f6c05bff4831033,tgs_stable_v2_universe_lab,U15,43d5dd5aa6be3b0638b5af83976e61a214bd9c37,False,True,survivorship-biased exploratory evidence; not Formal Candidate,U15-8058T-0009,8058.T,Mitsubishi Corp.,Trading companies,2008-02-22,100,2008-02-25,1093.3333740234,1094.4267073975,984.9840366577,1422.7547196167,2008-03-18,984.9840366577,983.9990526211,stop_loss,17,-0.0991000000,-0.1026964036,0.0010000000,0.0010000000,0.0035964036,basic,conservative,True,complete
0f6c05bff4831033,tgs_stable_v2_universe_lab,U15,43d5dd5aa6be3b0638b5af83976e61a214bd9c37,False,True,survivorship-biased exploratory evidence; not Formal Candidate,U15-8001T-0011,8001.T,Itochu Corp.,Trading companies,2008-02-27,100,2008-02-28,232.6000061035,232.8326061096,209.5493454987,302.6823879425,2008-03-10,208.1999969482,207.9917969513,stop_gap,8,-0.1049011544,-0.1084743997,0.0010000000,0.0010000000,0.0035732453,basic,conservative,True,complete
0f6c05bff4831033,tgs_stable_v2_universe_lab,U15,43d5dd5aa6be3b0638b5af83976e61a214bd9c37,False,True,survivorship-biased exploratory evidence; not Formal Candidate,U15-8002T-0007,8002.T,Marubeni Corp.,Trading companies,2008-02-29,100,2008-03-03,793.0000000000,793.7930000000,714.4137000000,1031.9309000000,2008-03-21,700.0000000000,699.3000000000,stop_gap,14,-0.1172761665,-0.1208000106,0.0010000000,0.0010000000,0.0035238441,basic,conservative,True,complete
0f6c05bff4831033,tgs_stable_v2_universe_lab,U15,43d5dd5aa6be3b0638b5af83976e61a214bd9c37,False,True,survivorship-biased exploratory evidence; not Formal Candidate,U15-8802T-0013,8802.T,"Mitsubishi Estate Co., Ltd.",Real estate,2008-03-05,100,2008-03-06,2460.0000000000,2462.4600000000,2216.2140000000,3201.1980000000,2008-03-10,2215.0000000000,2212.7850000000,stop_gap,3,-0.0995934959,-0.1031879295,0.0010000000,0.0010000000,0.0035944336,basic,conservative,True,complete
0f6c05bff4831033,tgs_stable_v2_universe_lab,U15,43d5dd5aa6be3b0638b5af83976e61a214bd9c37,False,True,survivorship-biased exploratory evidence; not Formal Candidate,U15-8031T-0012,8031.T,"Mitsui & Co., Ltd.",Trading companies,2008-03-14,100,2008-03-17,1047.5000000000,1048.5475000000,943.6927500000,1363.1117500000,2008-05-22,1363.1117500000,1361.7486382500,take_profit,45,0.3013000000,0.2961051948,0.0010000000,0.0010000000,0.0051948052,basic,conservative,True,complete
0f6c05bff4831033,tgs_stable_v2_universe_lab,U15,43d5dd5aa6be3b0638b5af83976e61a214bd9c37,False,True,survivorship-biased exploratory evidence; not Formal Candidate,U15-6301T-0009,6301.T,Komatsu Ltd.,Machinery,2008-03-28,100,2008-03-31,2855.0000000000,2857.8550000000,2572.0695000000,3715.2115000000,2008-06-25,3130.0000000000,3126.8700000000,max_holding,60,0.0963222417,0.0919457102,0.0010000000,0.0010000000,0.0043765315,basic,conservative,True,complete
0f6c05bff4831033,tgs_stable_v2_universe_lab,U15,43d5dd5aa6be3b0638b5af83976e61a214bd9c37,False,True,survivorship-biased exploratory evidence; not Formal Candidate,U15-8001T-0012,8001.T,Itochu Corp.,Trading companies,2008-03-28,100,2008-03-31,203.1125946045,203.3157071991,182.9841364792,264.3104193588,2008-06-25,234.0000000000,233.7660000000,max_holding,60,0.1520703601,0.1474712814,0.0010000000,0.0010000000,0.0045990787,basic,conservative,True,complete
0f6c05bff4831033,tgs_stable_v2_universe_lab,U15,43d5dd5aa6be3b0638b5af83976e61a214bd9c37,False,True,survivorship-biased exploratory evidence; not Formal Candidate,U15-8002T-0008,8002.T,Marubeni Corp.,Trading companies,2008-04-04,90,2008-04-07,751.0000000000,751.7510000000,676.5759000000,977.2763000000,2008-05-20,977.2763000000,976.2990237000,take_profit,29,0.3013000000,0.2961051948,0.0010000000,0.0010000000,0.0051948052,basic,conservative,True,complete
0f6c05bff4831033,tgs_stable_v2_universe_lab,U15,43d5dd5aa6be3b0638b5af83976e61a214bd9c37,False,True,survivorship-biased exploratory evidence; not Formal Candidate,U15-8058T-0010,8058.T,Mitsubishi Corp.,Trading companies,2008-04-04,100,2008-04-07,1083.3333740234,1084.4167073975,975.9750366577,1409.7417196167,2008-07-02,1203.3333740234,1202.1300406494,max_holding,60,0.1107692266,0.1063350225,0.0010000000,0.0010000000,0.0044342041,basic,conservative,True,complete
0f6c05bff4831033,tgs_stable_v2_universe_lab,U15,43d5dd5aa6be3b0638b5af83976e61a214bd9c37,False,True,survivorship-biased exploratory evidence; not Formal Candidate,U15-8801T-0010,8801.T,"Mitsui Fudosan Co., Ltd.",Real estate,2008-04-04,100,2008-04-07,765.0000000000,765.7650000000,689.1885000000,995.4945000000,2008-07-02,750.0000000000,749.2500000000,max_holding,60,-0.0196078431,-0.0235215804,0.0010000000,0.0010000000,0.0039137372,basic,conservative,True,complete
0f6c05bff4831033,tgs_stable_v2_universe_lab,U15,43d5dd5aa6be3b0638b5af83976e61a214bd9c37,False,True,survivorship-biased exploratory evidence; not Formal Candidate,U15-8802T-0014,8802.T,"Mitsubishi Estate Co., Ltd.",Real estate,2008-04-04,100,2008-04-07,2835.0000000000,2837.8350000000,2554.0515000000,3689.1855000000,2008-06-12,2470.0000000000,2467.5300000000,stop_gap,46,-0.1287477954,-0.1322258447,0.0010000000,0.0010000000,0.0034780492,basic,conservative,True,complete
0f6c05bff4831033,tgs_stable_v2_universe_lab,U15,43d5dd5aa6be3b0638b5af83976e61a214bd9c37,False,True,survivorship-biased exploratory evidence; not Formal Candidate,U15-6367T-0009,6367.T,"Daikin Industries, Ltd.",Machinery,2008-04-30,100,2008-05-01,5134.0000000000,5139.1340000000,4625.2206000000,6680.8742000000,2008-07-11,4625.2206000000,4620.5953794000,stop_loss,50,-0.0991000000,-0.1026964036,0.0010000000,0.0010000000,0.0035964036,basic,conservative,True,complete
0f6c05bff4831033,tgs_stable_v2_universe_lab,U15,43d5dd5aa6be3b0638b5af83976e61a214bd9c37,False,True,survivorship-biased exploratory evidence; not Formal Candidate,U15-8053T-0011,8053.T,Sumitomo Corp.,Trading companies,2008-05-23,90,2008-05-26,396.2500000000,396.6462500000,356.9816250000,515.6401250000,2008-06-12,356.9816250000,356.6246433750,stop_loss,14,-0.0991000000,-0.1026964036,0.0010000000,0.0010000000,0.0035964036,basic,conservative,True,complete
0f6c05bff4831033,tgs_stable_v2_universe_lab,U15,43d5dd5aa6be3b0638b5af83976e61a214bd9c37,False,True,survivorship-biased exploratory evidence; not Formal Candidate,U15-8031T-0013,8031.T,"Mitsui & Co., Ltd.",Trading companies,2008-06-13,90,2008-06-16,1200.5000000000,1201.7005000000,1081.5304500000,1562.2106500000,2008-07-09,1081.5304500000,1080.4489195500,stop_loss,18,-0.0991000000,-0.1026964036,0.0010000000,0.0010000000,0.0035964036,basic,conservative,True,complete
0f6c05bff4831033,tgs_stable_v2_universe_lab,U15,43d5dd5aa6be3b0638b5af83976e61a214bd9c37,False,True,survivorship-biased exploratory evidence; not Formal Candidate,U15-8053T-0012,8053.T,Sumitomo Corp.,Trading companies,2008-08-06,90,2008-08-07,328.3883666992,328.7167550659,295.8450795593,427.3317815857,2008-09-16,295.8450795593,295.5492344798,stop_loss,28,-0.0991000000,-0.1026964036,0.0010000000,0.0010000000,0.0035964036,basic,conservative,True,complete
0f6c05bff4831033,tgs_stable_v2_universe_lab,U15,43d5dd5aa6be3b0638b5af83976e61a214bd9c37,False,True,survivorship-biased exploratory evidence; not Formal Candidate,U15-7011T-0008,7011.T,"Mitsubishi Heavy Industries, Ltd.",Machinery,2008-09-04,90,2008-09-05,511.0000000000,511.5110000000,460.3599000000,664.9643000000,2008-09-16,460.3599000000,459.8995401000,stop_loss,7,-0.0991000000,-0.1026964036,0.0010000000,0.0010000000,0.0035964036,basic,conservative,True,complete
0f6c05bff4831033,tgs_stable_v2_universe_lab,U15,43d5dd5aa6be3b0638b5af83976e61a214bd9c37,False,True,survivorship-biased exploratory evidence; not Formal Candidate,U15-5803T-0006,5803.T,Fujikura Ltd.,Nonferrous metals,2009-01-07,90,2009-01-08,53.5000000000,53.5535000000,48.1981500000,69.6195500000,2009-01-13,48.1981500000,48.1499518500,stop_loss,3,-0.0991000000,-0.1026964036,0.0010000000,0.0010000000,0.0035964036,basic,conservative,True,complete
0f6c05bff4831033,tgs_stable_v2_universe_lab,U15,43d5dd5aa6be3b0638b5af83976e61a214bd9c37,False,True,survivorship-biased exploratory evidence; not Formal Candidate,U15-6273T-0010,6273.T,SMC Corporation,Machinery,2009-01-08,90,2009-01-09,9340.0000000000,9349.3400000000,8414.4060000000,12154.1420000000,2009-01-15,8414.4060000000,8405.9915940000,stop_loss,4,-0.0991000000,-0.1026964036,0.0010000000,0.0010000000,0.0035964036,basic,conservative,True,complete
0f6c05bff4831033,tgs_stable_v2_universe_lab,U15,43d5dd5aa6be3b0638b5af83976e61a214bd9c37,False,True,survivorship-biased exploratory evidence; not Formal Candidate,U15-5802T-0010,5802.T,"Sumitomo Electric Industries, Ltd.",Nonferrous metals,2009-01-09,90,2009-01-13,204.2500000000,204.4542500000,184.0088250000,265.7905250000,2009-01-13,184.0088250000,183.8248161750,stop_loss,1,-0.0991000000,-0.1026964036,0.0010000000,0.0010000000,0.0035964036,basic,conservative,True,complete
0f6c05bff4831033,tgs_stable_v2_universe_lab,U15,43d5dd5aa6be3b0638b5af83976e61a214bd9c37,False,True,survivorship-biased exploratory evidence; not Formal Candidate,U15-5802T-0011,5802.T,"Sumitomo Electric Industries, Ltd.",Nonferrous metals,2009-01-13,90,2009-01-14,183.0000000000,183.1830000000,164.8647000000,238.1379000000,2009-04-09,233.7500000000,233.5162500000,max_holding,60,0.2773224044,0.2722233180,0.0010000000,0.0010000000,0.0050990863,basic,conservative,True,complete
0f6c05bff4831033,tgs_stable_v2_universe_lab,U15,43d5dd5aa6be3b0638b5af83976e61a214bd9c37,False,True,survivorship-biased exploratory evidence; not Formal Candidate,U15-8058T-0011,8058.T,Mitsubishi Corp.,Trading companies,2009-01-13,90,2009-01-14,412.6666564941,413.0793231506,371.7713908356,537.0031200958,2009-03-12,371.7713908356,371.3996194447,stop_loss,41,-0.0991000000,-0.1026964036,0.0010000000,0.0010000000,0.0035964036,basic,conservative,True,complete
0f6c05bff4831033,tgs_stable_v2_universe_lab,U15,43d5dd5aa6be3b0638b5af83976e61a214bd9c37,False,True,survivorship-biased exploratory evidence; not Formal Candidate,U15-8802T-0015,8802.T,"Mitsubishi Estate Co., Ltd.",Real estate,2009-01-13,90,2009-01-14,1291.0000000000,1292.2910000000,1163.0619000000,1679.9783000000,2009-01-26,1163.0619000000,1161.8988381000,stop_loss,9,-0.0991000000,-0.1026964036,0.0010000000,0.0010000000,0.0035964036,basic,conservative,True,complete
0f6c05bff4831033,tgs_stable_v2_universe_lab,U15,43d5dd5aa6be3b0638b5af83976e61a214bd9c37,False,True,survivorship-biased exploratory evidence; not Formal Candidate,U15-8802T-0016,8802.T,"Mitsubishi Estate Co., Ltd.",Real estate,2010-03-19,90,2010-03-23,1444.0000000000,1445.4440000000,1300.8996000000,1879.0772000000,2010-06-09,1300.8996000000,1299.5987004000,stop_loss,53,-0.0991000000,-0.1026964036,0.0010000000,0.0010000000,0.0035964036,basic,conservative,True,complete
0f6c05bff4831033,tgs_stable_v2_universe_lab,U15,43d5dd5aa6be3b0638b5af83976e61a214bd9c37,False,True,survivorship-biased exploratory evidence; not Formal Candidate,U15-8801T-0011,8801.T,"Mitsui Fudosan Co., Ltd.",Real estate,2010-03-23,90,2010-03-24,517.3333129883,517.8506463013,466.0655816711,673.2058401917,2010-05-25,466.0655816711,465.5995160895,stop_loss,41,-0.0991000000,-0.1026964036,0.0010000000,0.0010000000,0.0035964036,basic,conservative,True,complete
0f6c05bff4831033,tgs_stable_v2_universe_lab,U15,43d5dd5aa6be3b0638b5af83976e61a214bd9c37,False,True,survivorship-biased exploratory evidence; not Formal Candidate,U15-6367T-0010,6367.T,"Daikin Industries, Ltd.",Machinery,2010-03-25,90,2010-03-26,3785.0000000000,3788.7850000000,3409.9065000000,4925.4205000000,2010-05-07,3290.0000000000,3286.7100000000,stop_gap,27,-0.1307793923,-0.1342493314,0.0010000000,0.0010000000,0.0034699391,basic,conservative,True,complete
0f6c05bff4831033,tgs_stable_v2_universe_lab,U15,43d5dd5aa6be3b0638b5af83976e61a214bd9c37,False,True,survivorship-biased exploratory evidence; not Formal Candidate,U15-8058T-0012,8058.T,Mitsubishi Corp.,Trading companies,2010-04-08,100,2010-04-09,814.3333129883,815.1476463013,733.6328816711,1059.6919401917,2010-05-06,713.0000000000,712.2870000000,stop_gap,16,-0.1244371455,-0.1279324030,0.0010000000,0.0010000000,0.0034952574,basic,conservative,True,complete
0f6c05bff4831033,tgs_stable_v2_universe_lab,U15,43d5dd5aa6be3b0638b5af83976e61a214bd9c37,False,True,survivorship-biased exploratory evidence; not Formal Candidate,U15-6273T-0011,6273.T,SMC Corporation,Machinery,2010-05-06,90,2010-05-07,12500.0000000000,12512.5000000000,11261.2500000000,16266.2500000000,2010-05-26,11261.2500000000,11249.9887500000,stop_loss,14,-0.0991000000,-0.1026964036,0.0010000000,0.0010000000,0.0035964036,basic,conservative,True,complete
0f6c05bff4831033,tgs_stable_v2_universe_lab,U15,43d5dd5aa6be3b0638b5af83976e61a214bd9c37,False,True,survivorship-biased exploratory evidence; not Formal Candidate,U15-8801T-0012,8801.T,"Mitsui Fudosan Co., Ltd.",Real estate,2010-08-20,90,2010-08-23,470.6666564941,471.1373231506,424.0235908356,612.4785200958,2010-11-19,513.0000000000,512.4870000000,max_holding,60,0.0899433663,0.0855922994,0.0010000000,0.0010000000,0.0043510670,basic,conservative,True,complete
0f6c05bff4831033,tgs_stable_v2_universe_lab,U15,43d5dd5aa6be3b0638b5af83976e61a214bd9c37,False,True,survivorship-biased exploratory evidence; not Formal Candidate,U15-5802T-0012,5802.T,"Sumitomo Electric Industries, Ltd.",Nonferrous metals,2010-10-05,90,2010-10-06,252.5000000000,252.7525000000,227.4772500000,328.5782500000,2011-01-05,289.2500000000,288.9607500000,max_holding,60,0.1455445545,0.1409715269,0.0010000000,0.0010000000,0.0045730276,basic,conservative,True,complete
0f6c05bff4831033,tgs_stable_v2_universe_lab,U15,43d5dd5aa6be3b0638b5af83976e61a214bd9c37,False,True,survivorship-biased exploratory evidence; not Formal Candidate,U15-6273T-0012,6273.T,SMC Corporation,Machinery,2010-10-18,100,2010-10-19,12050.0000000000,12062.0500000000,10855.8450000000,15680.6650000000,2011-01-18,14390.0000000000,14375.6100000000,max_holding,60,0.1941908714,0.1894236471,0.0010000000,0.0010000000,0.0047672243,basic,conservative,True,complete
0f6c05bff4831033,tgs_stable_v2_universe_lab,U15,43d5dd5aa6be3b0638b5af83976e61a214bd9c37,False,True,survivorship-biased exploratory evidence; not Formal Candidate,U15-6301T-0010,6301.T,Komatsu Ltd.,Machinery,2011-01-21,90,2011-01-24,2368.0000000000,2370.3680000000,2133.3312000000,3081.4784000000,2011-04-19,2678.0000000000,2675.3220000000,max_holding,60,0.1309121622,0.1263975473,0.0010000000,0.0010000000,0.0045146149,basic,conservative,True,complete
0f6c05bff4831033,tgs_stable_v2_universe_lab,U15,43d5dd5aa6be3b0638b5af83976e61a214bd9c37,False,True,survivorship-biased exploratory evidence; not Formal Candidate,U15-8001T-0013,8001.T,Itochu Corp.,Trading companies,2011-01-21,90,2011-01-24,176.0000000000,176.1760000000,158.5584000000,229.0288000000,2011-03-14,143.6000061035,143.4564060974,stop_gap,35,-0.1840908744,-0.1873479934,0.0010000000,0.0010000000,0.0032571190,basic,conservative,True,complete
0f6c05bff4831033,tgs_stable_v2_universe_lab,U15,43d5dd5aa6be3b0638b5af83976e61a214bd9c37,False,True,survivorship-biased exploratory evidence; not Formal Candidate,U15-8002T-0009,8002.T,Marubeni Corp.,Trading companies,2011-01-21,90,2011-01-24,610.0000000000,610.6100000000,549.5490000000,793.7930000000,2011-03-14,520.0000000000,519.4800000000,stop_gap,35,-0.1475409836,-0.1509440102,0.0010000000,0.0010000000,0.0034030266,basic,conservative,True,complete
0f6c05bff4831033,tgs_stable_v2_universe_lab,U15,43d5dd5aa6be3b0638b5af83976e61a214bd9c37,False,True,survivorship-biased exploratory evidence; not Formal Candidate,U15-6273T-0013,6273.T,SMC Corporation,Machinery,2011-01-25,90,2011-01-26,13700.0000000000,13713.7000000000,12342.3300000000,17827.8100000000,2011-03-14,12000.0000000000,11988.0000000000,stop_gap,33,-0.1240875912,-0.1275842441,0.0010000000,0.0010000000,0.0034966528,basic,conservative,True,complete
0f6c05bff4831033,tgs_stable_v2_universe_lab,U15,43d5dd5aa6be3b0638b5af83976e61a214bd9c37,False,True,survivorship-biased exploratory evidence; not Formal Candidate,U15-5802T-0013,5802.T,"Sumitomo Electric Industries, Ltd.",Nonferrous metals,2011-03-04,90,2011-03-07,312.2500000000,312.5622500000,281.3060250000,406.3309250000,2011-03-14,278.5000000000,278.2215000000,stop_gap,6,-0.1080864692,-0.1116469987,0.0010000000,0.0010000000,0.0035605295,basic,conservative,True,complete
0f6c05bff4831033,tgs_stable_v2_universe_lab,U15,43d5dd5aa6be3b0638b5af83976e61a214bd9c37,False,True,survivorship-biased exploratory evidence; not Formal Candidate,U15-8053T-0013,8053.T,Sumitomo Corp.,Trading companies,2011-03-04,90,2011-03-07,307.2500000000,307.5572500000,276.8015250000,399.8244250000,2011-03-14,255.7500000000,255.4942500000,stop_gap,6,-0.1676159479,-0.1709388350,0.0010000000,0.0010000000,0.0033228871,basic,conservative,True,complete
0f6c05bff4831033,tgs_stable_v2_universe_lab,U15,43d5dd5aa6be3b0638b5af83976e61a214bd9c37,False,True,survivorship-biased exploratory evidence; not Formal Candidate,U15-6301T-0011,6301.T,Komatsu Ltd.,Machinery,2011-05-12,90,2011-05-13,2723.0000000000,2725.7230000000,2453.1507000000,3543.4399000000,2011-05-23,2380.0000000000,2377.6200000000,stop_gap,7,-0.1259640103,-0.1294531724,0.0010000000,0.0010000000,0.0034891621,basic,conservative,True,complete
0f6c05bff4831033,tgs_stable_v2_universe_lab,U15,43d5dd5aa6be3b0638b5af83976e61a214bd9c37,False,True,survivorship-biased exploratory evidence; not Formal Candidate,U15-5802T-0014,5802.T,"Sumitomo Electric Industries, Ltd.",Nonferrous metals,2011-07-01,100,2011-07-04,301.7500000000,302.0517500000,271.8465750000,392.6672750000,2011-08-05,266.5000000000,266.2335000000,stop_gap,24,-0.1168185584,-0.1203442293,0.0010000000,0.0010000000,0.0035256709,basic,conservative,True,complete
0f6c05bff4831033,tgs_stable_v2_universe_lab,U15,43d5dd5aa6be3b0638b5af83976e61a214bd9c37,False,True,survivorship-biased exploratory evidence; not Formal Candidate,U15-6273T-0014,6273.T,SMC Corporation,Machinery,2011-07-11,100,2011-07-12,14570.0000000000,14584.5700000000,13126.1130000000,18959.9410000000,2011-08-04,13126.1130000000,13112.9868870000,stop_loss,17,-0.0991000000,-0.1026964036,0.0010000000,0.0010000000,0.0035964036,basic,conservative,True,complete
0f6c05bff4831033,tgs_stable_v2_universe_lab,U15,43d5dd5aa6be3b0638b5af83976e61a214bd9c37,False,True,survivorship-biased exploratory evidence; not Formal Candidate,U15-8001T-0014,8001.T,Itochu Corp.,Trading companies,2011-07-15,100,2011-07-19,176.6000061035,176.7766061096,159.0989454987,229.8095879425,2011-08-09,159.0989454987,158.9398465532,stop_loss,16,-0.0991000000,-0.1026964036,0.0010000000,0.0010000000,0.0035964036,basic,conservative,True,complete
0f6c05bff4831033,tgs_stable_v2_universe_lab,U15,43d5dd5aa6be3b0638b5af83976e61a214bd9c37,False,True,survivorship-biased exploratory evidence; not Formal Candidate,U15-8002T-0010,8002.T,Marubeni Corp.,Trading companies,2011-07-25,100,2011-07-26,576.0000000000,576.5760000000,518.9184000000,749.5488000000,2011-08-08,518.9184000000,518.3994816000,stop_loss,10,-0.0991000000,-0.1026964036,0.0010000000,0.0010000000,0.0035964036,basic,conservative,True,complete
0f6c05bff4831033,tgs_stable_v2_universe_lab,U15,43d5dd5aa6be3b0638b5af83976e61a214bd9c37,False,True,survivorship-biased exploratory evidence; not Formal Candidate,U15-8053T-0014,8053.T,Sumitomo Corp.,Trading companies,2011-07-27,90,2011-07-28,270.2500000000,270.5202500000,243.4682250000,351.6763250000,2011-08-09,243.4682250000,243.2247567750,stop_loss,9,-0.0991000000,-0.1026964036,0.0010000000,0.0010000000,0.0035964036,basic,conservative,True,complete
0f6c05bff4831033,tgs_stable_v2_universe_lab,U15,43d5dd5aa6be3b0638b5af83976e61a214bd9c37,False,True,survivorship-biased exploratory evidence; not Formal Candidate,U15-6273T-0015,6273.T,SMC Corporation,Machinery,2011-10-28,100,2011-10-31,12680.0000000000,12692.6800000000,11423.4120000000,16500.4840000000,2011-11-10,11370.0000000000,11358.6300000000,stop_gap,8,-0.1033123028,-0.1068918909,0.0010000000,0.0010000000,0.0035795880,basic,conservative,True,complete
0f6c05bff4831033,tgs_stable_v2_universe_lab,U15,43d5dd5aa6be3b0638b5af83976e61a214bd9c37,False,True,survivorship-biased exploratory evidence; not Formal Candidate,U15-8053T-0015,8053.T,Sumitomo Corp.,Trading companies,2011-11-04,90,2011-11-07,257.7500000000,258.0077500000,232.2069750000,335.4100750000,2012-02-03,284.2500000000,283.9657500000,max_holding,60,0.1028128031,0.0984103612,0.0010000000,0.0010000000,0.0044024419,basic,conservative,True,complete
0f6c05bff4831033,tgs_stable_v2_universe_lab,U15,43d5dd5aa6be3b0638b5af83976e61a214bd9c37,False,True,survivorship-biased exploratory evidence; not Formal Candidate,U15-6273T-0016,6273.T,SMC Corporation,Machinery,2011-11-10,90,2011-11-11,12010.0000000000,12022.0100000000,10819.8090000000,15628.6130000000,2012-02-09,13400.0000000000,13386.6000000000,max_holding,60,0.1157368859,0.1112828509,0.0010000000,0.0010000000,0.0044540350,basic,conservative,True,complete
0f6c05bff4831033,tgs_stable_v2_universe_lab,U15,43d5dd5aa6be3b0638b5af83976e61a214bd9c37,False,True,survivorship-biased exploratory evidence; not Formal Candidate,U15-8001T-0015,8001.T,Itochu Corp.,Trading companies,2011-12-09,100,2011-12-12,159.8000030518,159.9598030548,143.9638227493,207.9477439713,2012-03-08,183.0000000000,182.8170000000,max_holding,60,0.1451814550,0.1406098769,0.0010000000,0.0010000000,0.0045715781,basic,conservative,True,complete
0f6c05bff4831033,tgs_stable_v2_universe_lab,U15,43d5dd5aa6be3b0638b5af83976e61a214bd9c37,False,True,survivorship-biased exploratory evidence; not Formal Candidate,U15-8015T-0009,8015.T,Toyota Tsusho Corp.,Trading companies,2011-12-09,90,2011-12-12,452.0000000000,452.4520000000,407.2068000000,588.1876000000,2012-03-08,541.3333129883,540.7919796753,max_holding,60,0.1976400730,0.1928590795,0.0010000000,0.0010000000,0.0047809935,basic,conservative,True,complete
0f6c05bff4831033,tgs_stable_v2_universe_lab,U15,43d5dd5aa6be3b0638b5af83976e61a214bd9c37,False,True,survivorship-biased exploratory evidence; not Formal Candidate,U15-6301T-0012,6301.T,Komatsu Ltd.,Machinery,2012-01-13,90,2012-01-16,1957.0000000000,1958.9570000000,1763.0613000000,2546.6441000000,2012-04-09,2296.0000000000,2293.7040000000,max_holding,60,0.1732243229,0.1685407974,0.0010000000,0.0010000000,0.0046835256,basic,conservative,True,complete
0f6c05bff4831033,tgs_stable_v2_universe_lab,U15,43d5dd5aa6be3b0638b5af83976e61a214bd9c37,False,True,survivorship-biased exploratory evidence; not Formal Candidate,U15-8802T-0017,8802.T,"Mitsubishi Estate Co., Ltd.",Real estate,2012-01-31,90,2012-02-01,1218.0000000000,1219.2180000000,1097.2962000000,1584.9834000000,2012-04-25,1403.0000000000,1401.5970000000,max_holding,60,0.1518883415,0.1472899895,0.0010000000,0.0010000000,0.0045983521,basic,conservative,True,complete
0f6c05bff4831033,tgs_stable_v2_universe_lab,U15,43d5dd5aa6be3b0638b5af83976e61a214bd9c37,False,True,survivorship-biased exploratory evidence; not Formal Candidate,U15-6273T-0017,6273.T,SMC Corporation,Machinery,2012-03-01,90,2012-03-02,13800.0000000000,13813.8000000000,12432.4200000000,17957.9400000000,2012-05-30,12940.0000000000,12927.0600000000,max_holding,60,-0.0623188406,-0.0660620750,0.0010000000,0.0010000000,0.0037432344,basic,conservative,True,complete
0f6c05bff4831033,tgs_stable_v2_universe_lab,U15,43d5dd5aa6be3b0638b5af83976e61a214bd9c37,False,True,survivorship-biased exploratory evidence; not Formal Candidate,U15-8002T-0011,8002.T,Marubeni Corp.,Trading companies,2012-03-06,90,2012-03-07,557.0000000000,557.5570000000,501.8013000000,724.8241000000,2012-05-28,501.8013000000,501.2994987000,stop_loss,55,-0.0991000000,-0.1026964036,0.0010000000,0.0010000000,0.0035964036,basic,conservative,True,complete
0f6c05bff4831033,tgs_stable_v2_universe_lab,U15,43d5dd5aa6be3b0638b5af83976e61a214bd9c37,False,True,survivorship-biased exploratory evidence; not Formal Candidate,U15-8001T-0016,8001.T,Itochu Corp.,Trading companies,2012-03-09,90,2012-03-12,184.8000030518,184.9848030548,166.4863227493,240.4802439713,2012-05-21,166.3999938965,166.2335939026,stop_gap,47,-0.0995671475,-0.1031616862,0.0010000000,0.0010000000,0.0035945387,basic,conservative,True,complete
0f6c05bff4831033,tgs_stable_v2_universe_lab,U15,43d5dd5aa6be3b0638b5af83976e61a214bd9c37,False,True,survivorship-biased exploratory evidence; not Formal Candidate,U15-8031T-0014,8031.T,"Mitsui & Co., Ltd.",Trading companies,2012-03-09,90,2012-03-12,708.0000000000,708.7080000000,637.8372000000,921.3204000000,2012-04-09,637.5000000000,636.8625000000,stop_gap,20,-0.0995762712,-0.1031707735,0.0010000000,0.0010000000,0.0035945023,basic,conservative,True,complete
0f6c05bff4831033,tgs_stable_v2_universe_lab,U15,43d5dd5aa6be3b0638b5af83976e61a214bd9c37,False,True,survivorship-biased exploratory evidence; not Formal Candidate,U15-8015T-0010,8015.T,Toyota Tsusho Corp.,Trading companies,2012-04-13,90,2012-04-16,525.6666870117,526.1923536987,473.5731183289,684.0500598083,2012-06-04,470.0000000000,469.5300000000,stop_gap,33,-0.1058973079,-0.1094665766,0.0010000000,0.0010000000,0.0035692687,basic,conservative,True,complete
0f6c05bff4831033,tgs_stable_v2_universe_lab,U15,43d5dd5aa6be3b0638b5af83976e61a214bd9c37,False,True,survivorship-biased exploratory evidence; not Formal Candidate,U15-8031T-0015,8031.T,"Mitsui & Co., Ltd.",Trading companies,2012-04-13,90,2012-04-16,648.5000000000,649.1485000000,584.2336500000,843.8930500000,2012-05-09,584.2336500000,583.6494163500,stop_loss,15,-0.0991000000,-0.1026964036,0.0010000000,0.0010000000,0.0035964036,basic,conservative,True,complete
0f6c05bff4831033,tgs_stable_v2_universe_lab,U15,43d5dd5aa6be3b0638b5af83976e61a214bd9c37,False,True,survivorship-biased exploratory evidence; not Formal Candidate,U15-8053T-0016,8053.T,Sumitomo Corp.,Trading companies,2012-04-13,90,2012-04-16,290.0000000000,290.2900000000,261.2610000000,377.3770000000,2012-05-18,261.2610000000,260.9997390000,stop_loss,22,-0.0991000000,-0.1026964036,0.0010000000,0.0010000000,0.0035964036,basic,conservative,True,complete
0f6c05bff4831033,tgs_stable_v2_universe_lab,U15,43d5dd5aa6be3b0638b5af83976e61a214bd9c37,False,True,survivorship-biased exploratory evidence; not Formal Candidate,U15-5802T-0015,5802.T,"Sumitomo Electric Industries, Ltd.",Nonferrous metals,2012-04-25,90,2012-04-26,280.0000000000,280.2800000000,252.2520000000,364.3640000000,2012-05-14,247.2500000000,247.0027500000,stop_gap,10,-0.1169642857,-0.1204893749,0.0010000000,0.0010000000,0.0035250892,basic,conservative,True,complete
0f6c05bff4831033,tgs_stable_v2_universe_lab,U15,43d5dd5aa6be3b0638b5af83976e61a214bd9c37,False,True,survivorship-biased exploratory evidence; not Formal Candidate,U15-6273T-0018,6273.T,SMC Corporation,Machinery,2012-06-29,100,2012-07-02,13800.0000000000,13813.8000000000,12432.4200000000,17957.9400000000,2012-07-25,12432.4200000000,12419.9875800000,stop_loss,17,-0.0991000000,-0.1026964036,0.0010000000,0.0010000000,0.0035964036,basic,conservative,True,complete
0f6c05bff4831033,tgs_stable_v2_universe_lab,U15,43d5dd5aa6be3b0638b5af83976e61a214bd9c37,False,True,survivorship-biased exploratory evidence; not Formal Candidate,U15-8801T-0013,8801.T,"Mitsui Fudosan Co., Ltd.",Real estate,2012-07-06,100,2012-07-09,495.0000000000,495.4950000000,445.9455000000,644.1435000000,2012-10-02,505.0000000000,504.4950000000,max_holding,60,0.0202020202,0.0161293615,0.0010000000,0.0010000000,0.0040726587,basic,conservative,True,complete
0f6c05bff4831033,tgs_stable_v2_universe_lab,U15,43d5dd5aa6be3b0638b5af83976e61a214bd9c37,False,True,survivorship-biased exploratory evidence; not Formal Candidate,U15-5803T-0007,5803.T,Fujikura Ltd.,Nonferrous metals,2012-08-03,90,2012-08-06,40.5000000000,40.5405000000,36.4864500000,52.7026500000,2012-10-30,37.6666641235,37.6289974594,max_holding,60,-0.0699589105,-0.0736716457,0.0010000000,0.0010000000,0.0037127352,basic,conservative,True,complete
0f6c05bff4831033,tgs_stable_v2_universe_lab,U15,43d5dd5aa6be3b0638b5af83976e61a214bd9c37,False,True,survivorship-biased exploratory evidence; not Formal Candidate,U15-8002T-0012,8002.T,Marubeni Corp.,Trading companies,2012-08-17,100,2012-08-20,544.0000000000,544.5440000000,490.0896000000,707.9072000000,2012-09-05,490.0896000000,489.5995104000,stop_loss,13,-0.0991000000,-0.1026964036,0.0010000000,0.0010000000,0.0035964036,basic,conservative,True,complete
0f6c05bff4831033,tgs_stable_v2_universe_lab,U15,43d5dd5aa6be3b0638b5af83976e61a214bd9c37,False,True,survivorship-biased exploratory evidence; not Formal Candidate,U15-7011T-0009,7011.T,"Mitsubishi Heavy Industries, Ltd.",Machinery,2012-08-23,100,2012-08-24,336.0000000000,336.3360000000,302.7024000000,437.2368000000,2012-11-19,343.0000000000,342.6570000000,max_holding,60,0.0208333333,0.0167581544,0.0010000000,0.0010000000,0.0040751789,basic,conservative,True,complete
0f6c05bff4831033,tgs_stable_v2_universe_lab,U15,43d5dd5aa6be3b0638b5af83976e61a214bd9c37,False,True,survivorship-biased exploratory evidence; not Formal Candidate,U15-8802T-0018,8802.T,"Mitsubishi Estate Co., Ltd.",Real estate,2012-09-07,90,2012-09-10,1399.0000000000,1400.3990000000,1260.3591000000,1820.5187000000,2012-12-05,1605.0000000000,1603.3950000000,max_holding,60,0.1472480343,0.1426682064,0.0010000000,0.0010000000,0.0045798279,basic,conservative,True,complete
0f6c05bff4831033,tgs_stable_v2_universe_lab,U15,43d5dd5aa6be3b0638b5af83976e61a214bd9c37,False,True,survivorship-biased exploratory evidence; not Formal Candidate,U15-8031T-0016,8031.T,"Mitsui & Co., Ltd.",Trading companies,2012-09-14,90,2012-09-18,593.5000000000,594.0935000000,534.6841500000,772.3215500000,2012-10-04,534.6841500000,534.1494658500,stop_loss,13,-0.0991000000,-0.1026964036,0.0010000000,0.0010000000,0.0035964036,basic,conservative,True,complete
0f6c05bff4831033,tgs_stable_v2_universe_lab,U15,43d5dd5aa6be3b0638b5af83976e61a214bd9c37,False,True,survivorship-biased exploratory evidence; not Formal Candidate,U15-8002T-0013,8002.T,Marubeni Corp.,Trading companies,2012-09-21,100,2012-09-24,526.0000000000,526.5260000000,473.8734000000,684.4838000000,2012-12-18,578.0000000000,577.4220000000,max_holding,60,0.0988593156,0.0944726560,0.0010000000,0.0010000000,0.0043866596,basic,conservative,True,complete
0f6c05bff4831033,tgs_stable_v2_universe_lab,U15,43d5dd5aa6be3b0638b5af83976e61a214bd9c37,False,True,survivorship-biased exploratory evidence; not Formal Candidate,U15-8053T-0017,8053.T,Sumitomo Corp.,Trading companies,2012-09-21,100,2012-09-24,277.0000000000,277.2770000000,249.5493000000,360.4601000000,2012-11-14,249.5493000000,249.2997507000,stop_loss,37,-0.0991000000,-0.1026964036,0.0010000000,0.0010000000,0.0035964036,basic,conservative,True,complete
0f6c05bff4831033,tgs_stable_v2_universe_lab,U15,43d5dd5aa6be3b0638b5af83976e61a214bd9c37,False,True,survivorship-biased exploratory evidence; not Formal Candidate,U15-8015T-0011,8015.T,Toyota Tsusho Corp.,Trading companies,2012-10-12,90,2012-10-15,544.3333129883,544.8776463013,490.3898816711,708.3409401917,2012-12-28,708.3409401917,707.6325992515,take_profit,53,0.3013000000,0.2961051948,0.0010000000,0.0010000000,0.0051948052,basic,conservative,True,complete
0f6c05bff4831033,tgs_stable_v2_universe_lab,U15,43d5dd5aa6be3b0638b5af83976e61a214bd9c37,False,True,survivorship-biased exploratory evidence; not Formal Candidate,U15-6273T-0019,6273.T,SMC Corporation,Machinery,2012-11-16,120,2012-11-19,13450.0000000000,13463.4500000000,12117.1050000000,17502.4850000000,2013-02-20,15870.0000000000,15854.1300000000,max_holding,60,0.1799256506,0.1752153732,0.0010000000,0.0010000000,0.0047102773,basic,conservative,True,complete
0f6c05bff4831033,tgs_stable_v2_universe_lab,U15,43d5dd5aa6be3b0638b5af83976e61a214bd9c37,False,True,survivorship-biased exploratory evidence; not Formal Candidate,U15-8001T-0017,8001.T,Itochu Corp.,Trading companies,2012-11-26,100,2012-11-27,162.3999938965,162.5623938904,146.3061545013,211.3311120575,2013-02-04,211.3311120575,211.1197809454,take_profit,44,0.3013000000,0.2961051948,0.0010000000,0.0010000000,0.0051948052,basic,conservative,True,complete
0f6c05bff4831033,tgs_stable_v2_universe_lab,U15,43d5dd5aa6be3b0638b5af83976e61a214bd9c37,False,True,survivorship-biased exploratory evidence; not Formal Candidate,U15-8801T-0014,8801.T,"Mitsui Fudosan Co., Ltd.",Real estate,2013-01-17,90,2013-01-18,665.0000000000,665.6650000000,599.0985000000,865.3645000000,2013-03-11,866.6666870117,865.8000203247,take_profit_gap,36,0.3032581760,0.2980555537,0.0010000000,0.0010000000,0.0052026223,basic,conservative,True,complete
0f6c05bff4831033,tgs_stable_v2_universe_lab,U15,43d5dd5aa6be3b0638b5af83976e61a214bd9c37,False,True,survivorship-biased exploratory evidence; not Formal Candidate,U15-8015T-0012,8015.T,Toyota Tsusho Corp.,Trading companies,2013-01-22,90,2013-01-23,706.0000000000,706.7060000000,636.0354000000,918.7178000000,2013-04-18,802.3333129883,801.5309796753,max_holding,60,0.1364494518,0.1319127320,0.0010000000,0.0010000000,0.0045367198,basic,conservative,True,complete
0f6c05bff4831033,tgs_stable_v2_universe_lab,U15,43d5dd5aa6be3b0638b5af83976e61a214bd9c37,False,True,survivorship-biased exploratory evidence; not Formal Candidate,U15-8031T-0017,8031.T,"Mitsui & Co., Ltd.",Trading companies,2013-01-28,90,2013-01-29,663.5000000000,664.1635000000,597.7471500000,863.4125500000,2013-04-24,668.0000000000,667.3320000000,max_holding,60,0.0067822155,0.0027631289,0.0010000000,0.0010000000,0.0040190867,basic,conservative,True,complete
0f6c05bff4831033,tgs_stable_v2_universe_lab,U15,43d5dd5aa6be3b0638b5af83976e61a214bd9c37,False,True,survivorship-biased exploratory evidence; not Formal Candidate,U15-8053T-0018,8053.T,Sumitomo Corp.,Trading companies,2013-02-05,90,2013-02-06,287.0000000000,287.2870000000,258.5583000000,373.4731000000,2013-05-07,311.0000000000,310.6890000000,max_holding,60,0.0836236934,0.0792978546,0.0010000000,0.0010000000,0.0043258388,basic,conservative,True,complete
0f6c05bff4831033,tgs_stable_v2_universe_lab,U15,43d5dd5aa6be3b0638b5af83976e61a214bd9c37,False,True,survivorship-biased exploratory evidence; not Formal Candidate,U15-5802T-0016,5802.T,"Sumitomo Electric Industries, Ltd.",Nonferrous metals,2013-02-06,90,2013-02-07,263.0000000000,263.2630000000,236.9367000000,342.2419000000,2013-05-08,342.2419000000,341.8996581000,take_profit,60,0.3013000000,0.2961051948,0.0010000000,0.0010000000,0.0051948052,basic,conservative,True,complete
0f6c05bff4831033,tgs_stable_v2_universe_lab,U15,43d5dd5aa6be3b0638b5af83976e61a214bd9c37,False,True,survivorship-biased exploratory evidence; not Formal Candidate,U15-6367T-0011,6367.T,"Daikin Industries, Ltd.",Machinery,2013-02-13,90,2013-02-14,3460.0000000000,3463.4600000000,3117.1140000000,4502.4980000000,2013-05-14,4330.0000000000,4325.6700000000,max_holding,60,0.2514450867,0.2464493029,0.0010000000,0.0010000000,0.0049957838,basic,conservative,True,complete
0f6c05bff4831033,tgs_stable_v2_universe_lab,U15,43d5dd5aa6be3b0638b5af83976e61a214bd9c37,False,True,survivorship-biased exploratory evidence; not Formal Candidate,U15-6301T-0013,6301.T,Komatsu Ltd.,Machinery,2013-02-21,90,2013-02-22,2250.0000000000,2252.2500000000,2027.0250000000,2927.9250000000,2013-04-04,2027.0250000000,2024.9979750000,stop_loss,29,-0.0991000000,-0.1026964036,0.0010000000,0.0010000000,0.0035964036,basic,conservative,True,complete
0f6c05bff4831033,tgs_stable_v2_universe_lab,U15,43d5dd5aa6be3b0638b5af83976e61a214bd9c37,False,True,survivorship-biased exploratory evidence; not Formal Candidate,U15-8802T-0019,8802.T,"Mitsubishi Estate Co., Ltd.",Real estate,2013-02-26,90,2013-02-27,2265.0000000000,2267.2650000000,2040.5385000000,2947.4445000000,2013-04-05,3330.0000000000,3326.6700000000,take_profit_gap,27,0.4701986755,0.4643296248,0.0010000000,0.0010000000,0.0058690507,basic,conservative,True,complete
0f6c05bff4831033,tgs_stable_v2_universe_lab,U15,43d5dd5aa6be3b0638b5af83976e61a214bd9c37,False,True,survivorship-biased exploratory evidence; not Formal Candidate,U15-7011T-0010,7011.T,"Mitsubishi Heavy Industries, Ltd.",Machinery,2013-03-07,90,2013-03-08,538.0000000000,538.5380000000,484.6842000000,700.0994000000,2013-04-12,700.0994000000,699.3993006000,take_profit,25,0.3013000000,0.2961051948,0.0010000000,0.0010000000,0.0051948052,basic,conservative,True,complete
0f6c05bff4831033,tgs_stable_v2_universe_lab,U15,43d5dd5aa6be3b0638b5af83976e61a214bd9c37,False,True,survivorship-biased exploratory evidence; not Formal Candidate,U15-8002T-0014,8002.T,Marubeni Corp.,Trading companies,2013-03-08,90,2013-03-11,712.0000000000,712.7120000000,641.4408000000,926.5256000000,2013-04-02,641.4408000000,640.7993592000,stop_loss,16,-0.0991000000,-0.1026964036,0.0010000000,0.0010000000,0.0035964036,basic,conservative,True,complete
0f6c05bff4831033,tgs_stable_v2_universe_lab,U15,43d5dd5aa6be3b0638b5af83976e61a214bd9c37,False,True,survivorship-biased exploratory evidence; not Formal Candidate,U15-6273T-0020,6273.T,SMC Corporation,Machinery,2013-04-05,90,2013-04-08,18520.0000000000,18538.5200000000,16684.6680000000,24100.0760000000,2013-07-03,20980.0000000000,20959.0200000000,max_holding,60,0.1328293737,0.1283071052,0.0010000000,0.0010000000,0.0045222684,basic,conservative,True,complete
0f6c05bff4831033,tgs_stable_v2_universe_lab,U15,43d5dd5aa6be3b0638b5af83976e61a214bd9c37,False,True,survivorship-biased exploratory evidence; not Formal Candidate,U15-8001T-0018,8001.T,Itochu Corp.,Trading companies,2013-04-05,90,2013-04-08,226.6000061035,226.8266061096,204.1439454987,294.8745879425,2013-05-22,296.0000000000,295.7040000000,take_profit_gap,30,0.3062665138,0.3010518822,0.0010000000,0.0010000000,0.0052146316,basic,conservative,True,complete
0f6c05bff4831033,tgs_stable_v2_universe_lab,U15,43d5dd5aa6be3b0638b5af83976e61a214bd9c37,False,True,survivorship-biased exploratory evidence; not Formal Candidate,U15-6301T-0014,6301.T,Komatsu Ltd.,Machinery,2013-04-19,100,2013-04-22,2530.0000000000,2532.5300000000,2279.2770000000,3292.2890000000,2013-06-17,2277.0000000000,2274.7230000000,stop_gap,38,-0.1000000000,-0.1035928108,0.0010000000,0.0010000000,0.0035928108,basic,conservative,True,complete
0f6c05bff4831033,tgs_stable_v2_universe_lab,U15,43d5dd5aa6be3b0638b5af83976e61a214bd9c37,False,True,survivorship-biased exploratory evidence; not Formal Candidate,U15-8015T-0013,8015.T,Toyota Tsusho Corp.,Trading companies,2013-05-02,100,2013-05-07,906.6666870117,907.5733536987,816.8160183289,1179.8453598083,2013-06-07,816.8160183289,815.9992023105,stop_loss,24,-0.0991000000,-0.1026964036,0.0010000000,0.0010000000,0.0035964036,basic,conservative,True,complete
0f6c05bff4831033,tgs_stable_v2_universe_lab,U15,43d5dd5aa6be3b0638b5af83976e61a214bd9c37,False,True,survivorship-biased exploratory evidence; not Formal Candidate,U15-8053T-0019,8053.T,Sumitomo Corp.,Trading companies,2013-05-07,90,2013-05-08,315.0000000000,315.3150000000,283.7835000000,409.9095000000,2013-07-31,328.0000000000,327.6720000000,max_holding,60,0.0412698413,0.0371130796,0.0010000000,0.0010000000,0.0041567617,basic,conservative,True,complete
0f6c05bff4831033,tgs_stable_v2_universe_lab,U15,43d5dd5aa6be3b0638b5af83976e61a214bd9c37,False,True,survivorship-biased exploratory evidence; not Formal Candidate,U15-8802T-0020,8802.T,"Mitsubishi Estate Co., Ltd.",Real estate,2013-05-09,90,2013-05-10,2963.0000000000,2965.9630000000,2669.3667000000,3855.7519000000,2013-05-23,2669.3667000000,2666.6973333000,stop_loss,10,-0.0991000000,-0.1026964036,0.0010000000,0.0010000000,0.0035964036,basic,conservative,True,complete
0f6c05bff4831033,tgs_stable_v2_universe_lab,U15,43d5dd5aa6be3b0638b5af83976e61a214bd9c37,False,True,survivorship-biased exploratory evidence; not Formal Candidate,U15-5802T-0017,5802.T,"Sumitomo Electric Industries, Ltd.",Nonferrous metals,2013-05-23,90,2013-05-24,338.7500000000,339.0887500000,305.1798750000,440.8153750000,2013-06-03,305.1798750000,304.8746951250,stop_loss,7,-0.0991000000,-0.1026964036,0.0010000000,0.0010000000,0.0035964036,basic,conservative,True,complete
0f6c05bff4831033,tgs_stable_v2_universe_lab,U15,43d5dd5aa6be3b0638b5af83976e61a214bd9c37,False,True,survivorship-biased exploratory evidence; not Formal Candidate,U15-5803T-0008,5803.T,Fujikura Ltd.,Nonferrous metals,2013-05-23,90,2013-05-24,66.5000000000,66.5665000000,59.9098500000,86.5364500000,2013-05-30,59.9098500000,59.8499401500,stop_loss,5,-0.0991000000,-0.1026964036,0.0010000000,0.0010000000,0.0035964036,basic,conservative,True,complete
0f6c05bff4831033,tgs_stable_v2_universe_lab,U15,43d5dd5aa6be3b0638b5af83976e61a214bd9c37,False,True,survivorship-biased exploratory evidence; not Formal Candidate,U15-6367T-0012,6367.T,"Daikin Industries, Ltd.",Machinery,2013-05-23,90,2013-05-24,4800.0000000000,4804.8000000000,4324.3200000000,6246.2400000000,2013-05-30,4324.3200000000,4319.9956800000,stop_loss,5,-0.0991000000,-0.1026964036,0.0010000000,0.0010000000,0.0035964036,basic,conservative,True,complete
0f6c05bff4831033,tgs_stable_v2_universe_lab,U15,43d5dd5aa6be3b0638b5af83976e61a214bd9c37,False,True,survivorship-biased exploratory evidence; not Formal Candidate,U15-7011T-0011,7011.T,"Mitsubishi Heavy Industries, Ltd.",Machinery,2013-05-23,90,2013-05-24,710.0000000000,710.7100000000,639.6390000000,923.9230000000,2013-05-30,639.6390000000,638.9993610000,stop_loss,5,-0.0991000000,-0.1026964036,0.0010000000,0.0010000000,0.0035964036,basic,conservative,True,complete
0f6c05bff4831033,tgs_stable_v2_universe_lab,U15,43d5dd5aa6be3b0638b5af83976e61a214bd9c37,False,True,survivorship-biased exploratory evidence; not Formal Candidate,U15-8001T-0019,8001.T,Itochu Corp.,Trading companies,2013-05-23,90,2013-05-24,276.0000000000,276.2760000000,248.6484000000,359.1588000000,2013-06-04,248.6484000000,248.3997516000,stop_loss,8,-0.0991000000,-0.1026964036,0.0010000000,0.0010000000,0.0035964036,basic,conservative,True,complete
0f6c05bff4831033,tgs_stable_v2_universe_lab,U15,43d5dd5aa6be3b0638b5af83976e61a214bd9c37,False,True,survivorship-biased exploratory evidence; not Formal Candidate,U15-8002T-0015,8002.T,Marubeni Corp.,Trading companies,2013-05-24,120,2013-05-27,746.0000000000,746.7460000000,672.0714000000,970.7698000000,2013-06-07,667.0000000000,666.3330000000,stop_gap,10,-0.1058981233,-0.1094673887,0.0010000000,0.0010000000,0.0035692654,basic,conservative,True,complete
0f6c05bff4831033,tgs_stable_v2_universe_lab,U15,43d5dd5aa6be3b0638b5af83976e61a214bd9c37,False,True,survivorship-biased exploratory evidence; not Formal Candidate,U15-8031T-0018,8031.T,"Mitsui & Co., Ltd.",Trading companies,2013-05-24,120,2013-05-27,695.0000000000,695.6950000000,626.1255000000,904.4035000000,2013-06-04,626.1255000000,625.4993745000,stop_loss,7,-0.0991000000,-0.1026964036,0.0010000000,0.0010000000,0.0035964036,basic,conservative,True,complete
0f6c05bff4831033,tgs_stable_v2_universe_lab,U15,43d5dd5aa6be3b0638b5af83976e61a214bd9c37,False,True,survivorship-biased exploratory evidence; not Formal Candidate,U15-8058T-0013,8058.T,Mitsubishi Corp.,Trading companies,2013-05-24,120,2013-05-27,622.3333129883,622.9556463013,560.6600816711,809.8423401917,2013-06-07,560.6600816711,560.0994215895,stop_loss,10,-0.0991000000,-0.1026964036,0.0010000000,0.0010000000,0.0035964036,basic,conservative,True,complete
0f6c05bff4831033,tgs_stable_v2_universe_lab,U15,43d5dd5aa6be3b0638b5af83976e61a214bd9c37,False,True,survivorship-biased exploratory evidence; not Formal Candidate,U15-8801T-0015,8801.T,"Mitsui Fudosan Co., Ltd.",Real estate,2013-05-24,90,2013-05-27,966.6666870117,967.6333536987,870.8700183289,1257.9233598083,2013-06-13,870.8700183289,869.9991483105,stop_loss,14,-0.0991000000,-0.1026964036,0.0010000000,0.0010000000,0.0035964036,basic,conservative,True,complete
0f6c05bff4831033,tgs_stable_v2_universe_lab,U15,43d5dd5aa6be3b0638b5af83976e61a214bd9c37,False,True,survivorship-biased exploratory evidence; not Formal Candidate,U15-6367T-0013,6367.T,"Daikin Industries, Ltd.",Machinery,2013-06-14,90,2013-06-17,4205.0000000000,4209.2050000000,3788.2845000000,5471.9665000000,2013-06-25,3788.2845000000,3784.4962155000,stop_loss,7,-0.0991000000,-0.1026964036,0.0010000000,0.0010000000,0.0035964036,basic,conservative,True,complete
0f6c05bff4831033,tgs_stable_v2_universe_lab,U15,43d5dd5aa6be3b0638b5af83976e61a214bd9c37,False,True,survivorship-biased exploratory evidence; not Formal Candidate,U15-8053T-0020,8053.T,Sumitomo Corp.,Trading companies,2013-07-31,90,2013-08-01,326.7500000000,327.0767500000,294.3690750000,425.1997750000,2013-10-28,326.5000000000,326.1735000000,max_holding,60,-0.0007651109,-0.0047540686,0.0010000000,0.0010000000,0.0039889577,basic,conservative,True,complete
0f6c05bff4831033,tgs_stable_v2_universe_lab,U15,43d5dd5aa6be3b0638b5af83976e61a214bd9c37,False,True,survivorship-biased exploratory evidence; not Formal Candidate,U15-5802T-0018,5802.T,"Sumitomo Electric Industries, Ltd.",Nonferrous metals,2013-08-02,100,2013-08-05,344.0000000000,344.3440000000,309.9096000000,447.6472000000,2013-10-30,374.0000000000,373.6260000000,max_holding,60,0.0872093023,0.0828691498,0.0010000000,0.0010000000,0.0043401526,basic,conservative,True,complete
0f6c05bff4831033,tgs_stable_v2_universe_lab,U15,43d5dd5aa6be3b0638b5af83976e61a214bd9c37,False,True,survivorship-biased exploratory evidence; not Formal Candidate,U15-8031T-0019,8031.T,"Mitsui & Co., Ltd.",Trading companies,2013-08-02,100,2013-08-05,693.5000000000,694.1935000000,624.7741500000,902.4515500000,2013-10-30,709.5000000000,708.7905000000,max_holding,60,0.0230713771,0.0189872639,0.0010000000,0.0010000000,0.0040841132,basic,conservative,True,complete
0f6c05bff4831033,tgs_stable_v2_universe_lab,U15,43d5dd5aa6be3b0638b5af83976e61a214bd9c37,False,True,survivorship-biased exploratory evidence; not Formal Candidate,U15-8002T-0016,8002.T,Marubeni Corp.,Trading companies,2013-08-23,100,2013-08-26,743.0000000000,743.7430000000,669.3687000000,966.8659000000,2013-11-21,743.0000000000,742.2570000000,max_holding,60,0.0000000000,-0.0039920120,0.0010000000,0.0010000000,0.0039920120,basic,conservative,True,complete
0f6c05bff4831033,tgs_stable_v2_universe_lab,U15,43d5dd5aa6be3b0638b5af83976e61a214bd9c37,False,True,survivorship-biased exploratory evidence; not Formal Candidate,U15-6367T-0014,6367.T,"Daikin Industries, Ltd.",Machinery,2013-09-13,100,2013-09-17,5320.0000000000,5325.3200000000,4792.7880000000,6922.9160000000,2013-12-12,6360.0000000000,6353.6400000000,max_holding,60,0.1954887218,0.1907163165,0.0010000000,0.0010000000,0.0047724053,basic,conservative,True,complete
0f6c05bff4831033,tgs_stable_v2_universe_lab,U15,43d5dd5aa6be3b0638b5af83976e61a214bd9c37,False,True,survivorship-biased exploratory evidence; not Formal Candidate,U15-8801T-0016,8801.T,"Mitsui Fudosan Co., Ltd.",Real estate,2013-09-20,100,2013-09-24,1155.0000000000,1156.1550000000,1040.5395000000,1503.0015000000,2013-10-04,1040.5395000000,1039.4989605000,stop_loss,9,-0.0991000000,-0.1026964036,0.0010000000,0.0010000000,0.0035964036,basic,conservative,True,complete
0f6c05bff4831033,tgs_stable_v2_universe_lab,U15,43d5dd5aa6be3b0638b5af83976e61a214bd9c37,False,True,survivorship-biased exploratory evidence; not Formal Candidate,U15-8802T-0021,8802.T,"Mitsubishi Estate Co., Ltd.",Real estate,2013-09-20,100,2013-09-24,2971.0000000000,2973.9710000000,2676.5739000000,3866.1623000000,2013-10-07,2676.5739000000,2673.8973261000,stop_loss,10,-0.0991000000,-0.1026964036,0.0010000000,0.0010000000,0.0035964036,basic,conservative,True,complete
0f6c05bff4831033,tgs_stable_v2_universe_lab,U15,43d5dd5aa6be3b0638b5af83976e61a214bd9c37,False,True,survivorship-biased exploratory evidence; not Formal Candidate,U15-6301T-0015,6301.T,Komatsu Ltd.,Machinery,2013-09-25,100,2013-09-26,2433.0000000000,2435.4330000000,2191.8897000000,3166.0629000000,2013-10-29,2159.0000000000,2156.8410000000,stop_gap,23,-0.1126181669,-0.1161606058,0.0010000000,0.0010000000,0.0035424389,basic,conservative,True,complete
0f6c05bff4831033,tgs_stable_v2_universe_lab,U15,43d5dd5aa6be3b0638b5af83976e61a214bd9c37,False,True,survivorship-biased exploratory evidence; not Formal Candidate,U15-6273T-0021,6273.T,SMC Corporation,Machinery,2013-09-26,100,2013-09-27,24410.0000000000,24434.4100000000,21990.9690000000,31764.7330000000,2013-10-07,21990.9690000000,21968.9780310000,stop_loss,7,-0.0991000000,-0.1026964036,0.0010000000,0.0010000000,0.0035964036,basic,conservative,True,complete
0f6c05bff4831033,tgs_stable_v2_universe_lab,U15,43d5dd5aa6be3b0638b5af83976e61a214bd9c37,False,True,survivorship-biased exploratory evidence; not Formal Candidate,U15-5803T-0009,5803.T,Fujikura Ltd.,Nonferrous metals,2013-10-04,100,2013-10-07,66.8333358765,66.9001692123,60.2101522911,86.9702199760,2014-01-07,79.8333358765,79.7535025406,max_holding,60,0.1945137083,0.1897451953,0.0010000000,0.0010000000,0.0047685130,basic,conservative,True,complete
0f6c05bff4831033,tgs_stable_v2_universe_lab,U15,43d5dd5aa6be3b0638b5af83976e61a214bd9c37,False,True,survivorship-biased exploratory evidence; not Formal Candidate,U15-6273T-0022,6273.T,SMC Corporation,Machinery,2013-10-07,90,2013-10-08,21260.0000000000,21281.2600000000,19153.1340000000,27665.6380000000,2014-01-08,27480.0000000000,27452.5200000000,max_holding,60,0.2925682032,0.2874082554,0.0010000000,0.0010000000,0.0051599478,basic,conservative,True,complete
0f6c05bff4831033,tgs_stable_v2_universe_lab,U15,43d5dd5aa6be3b0638b5af83976e61a214bd9c37,False,True,survivorship-biased exploratory evidence; not Formal Candidate,U15-7011T-0012,7011.T,"Mitsubishi Heavy Industries, Ltd.",Machinery,2013-10-25,120,2013-10-28,628.0000000000,628.6280000000,565.7652000000,817.2164000000,2014-01-28,676.0000000000,675.3240000000,max_holding,60,0.0764331210,0.0721359871,0.0010000000,0.0010000000,0.0042971339,basic,conservative,True,complete
0f6c05bff4831033,tgs_stable_v2_universe_lab,U15,43d5dd5aa6be3b0638b5af83976e61a214bd9c37,False,True,survivorship-biased exploratory evidence; not Formal Candidate,U15-5802T-0019,5802.T,"Sumitomo Electric Industries, Ltd.",Nonferrous metals,2013-10-30,90,2013-10-31,374.2500000000,374.6242500000,337.1618250000,487.0115250000,2014-01-31,406.7500000000,406.3432500000,max_holding,60,0.0868403474,0.0825016677,0.0010000000,0.0010000000,0.0043386797,basic,conservative,True,complete
0f6c05bff4831033,tgs_stable_v2_universe_lab,U15,43d5dd5aa6be3b0638b5af83976e61a214bd9c37,False,True,survivorship-biased exploratory evidence; not Formal Candidate,U15-8031T-0020,8031.T,"Mitsui & Co., Ltd.",Trading companies,2013-10-30,90,2013-10-31,711.5000000000,712.2115000000,640.9903500000,925.8749500000,2014-01-31,692.5000000000,691.8075000000,max_holding,60,-0.0267041462,-0.0305895549,0.0010000000,0.0010000000,0.0038854087,basic,conservative,True,complete
0f6c05bff4831033,tgs_stable_v2_universe_lab,U15,43d5dd5aa6be3b0638b5af83976e61a214bd9c37,False,True,survivorship-biased exploratory evidence; not Formal Candidate,U15-5801T-0010,5801.T,"The Furukawa Electric Co., Ltd.",Nonferrous metals,2013-11-11,90,2013-11-12,227.0000000000,227.2270000000,204.5043000000,295.3951000000,2014-02-12,259.0000000000,258.7410000000,max_holding,60,0.1409691630,0.1364144004,0.0010000000,0.0010000000,0.0045547626,basic,conservative,True,complete
0f6c05bff4831033,tgs_stable_v2_universe_lab,U15,43d5dd5aa6be3b0638b5af83976e61a214bd9c37,False,True,survivorship-biased exploratory evidence; not Formal Candidate,U15-8058T-0014,8058.T,Mitsubishi Corp.,Trading companies,2013-11-15,90,2013-11-18,673.0000000000,673.6730000000,606.3057000000,875.7749000000,2014-02-04,606.3057000000,605.6993943000,stop_loss,51,-0.0991000000,-0.1026964036,0.0010000000,0.0010000000,0.0035964036,basic,conservative,True,complete
0f6c05bff4831033,tgs_stable_v2_universe_lab,U15,43d5dd5aa6be3b0638b5af83976e61a214bd9c37,False,True,survivorship-biased exploratory evidence; not Formal Candidate,U15-8001T-0020,8001.T,Itochu Corp.,Trading companies,2013-11-27,100,2013-11-28,258.0000000000,258.2580000000,232.4322000000,335.7354000000,2014-02-28,252.8000030518,252.5472030487,max_holding,60,-0.0201550269,-0.0240665798,0.0010000000,0.0010000000,0.0039115529,basic,conservative,True,complete
0f6c05bff4831033,tgs_stable_v2_universe_lab,U15,43d5dd5aa6be3b0638b5af83976e61a214bd9c37,False,True,survivorship-biased exploratory evidence; not Formal Candidate,U15-6367T-0015,6367.T,"Daikin Industries, Ltd.",Machinery,2013-12-13,90,2013-12-16,6410.0000000000,6416.4100000000,5774.7690000000,8341.3330000000,2014-02-04,5545.0000000000,5539.4550000000,stop_gap,31,-0.1349453978,-0.1383987062,0.0010000000,0.0010000000,0.0034533083,basic,conservative,True,complete
0f6c05bff4831033,tgs_stable_v2_universe_lab,U15,43d5dd5aa6be3b0638b5af83976e61a214bd9c37,False,True,survivorship-biased exploratory evidence; not Formal Candidate,U15-5803T-0010,5803.T,Fujikura Ltd.,Nonferrous metals,2014-01-07,90,2014-01-08,81.6666641235,81.7483307877,73.5734977089,106.2728300240,2014-02-05,73.5734977089,73.4999242112,stop_loss,20,-0.0991000000,-0.1026964036,0.0010000000,0.0010000000,0.0035964036,basic,conservative,True,complete
0f6c05bff4831033,tgs_stable_v2_universe_lab,U15,43d5dd5aa6be3b0638b5af83976e61a214bd9c37,False,True,survivorship-biased exploratory evidence; not Formal Candidate,U15-8053T-0021,8053.T,Sumitomo Corp.,Trading companies,2014-01-10,100,2014-01-14,325.2500000000,325.5752500000,293.0177250000,423.2478250000,2014-04-09,318.0000000000,317.6820000000,max_holding,60,-0.0222905457,-0.0261935736,0.0010000000,0.0010000000,0.0039030279,basic,conservative,True,complete
0f6c05bff4831033,tgs_stable_v2_universe_lab,U15,43d5dd5aa6be3b0638b5af83976e61a214bd9c37,False,True,survivorship-biased exploratory evidence; not Formal Candidate,U15-6301T-0016,6301.T,Komatsu Ltd.,Machinery,2014-01-31,120,2014-02-03,2125.0000000000,2127.1250000000,1914.4125000000,2765.2625000000,2014-04-30,2252.0000000000,2249.7480000000,max_holding,60,0.0597647059,0.0555341125,0.0010000000,0.0010000000,0.0042305934,basic,conservative,True,complete
0f6c05bff4831033,tgs_stable_v2_universe_lab,U15,43d5dd5aa6be3b0638b5af83976e61a214bd9c37,False,True,survivorship-biased exploratory evidence; not Formal Candidate,U15-7011T-0013,7011.T,"Mitsubishi Heavy Industries, Ltd.",Machinery,2014-02-06,90,2014-02-07,640.0000000000,640.6400000000,576.5760000000,832.8320000000,2014-03-17,576.5760000000,575.9994240000,stop_loss,26,-0.0991000000,-0.1026964036,0.0010000000,0.0010000000,0.0035964036,basic,conservative,True,complete
0f6c05bff4831033,tgs_stable_v2_universe_lab,U15,43d5dd5aa6be3b0638b5af83976e61a214bd9c37,False,True,survivorship-biased exploratory evidence; not Formal Candidate,U15-8031T-0021,8031.T,"Mitsui & Co., Ltd.",Trading companies,2014-02-07,120,2014-02-10,745.0000000000,745.7450000000,671.1705000000,969.4685000000,2014-05-09,771.0000000000,770.2290000000,max_holding,60,0.0348993289,0.0307679983,0.0010000000,0.0010000000,0.0041313305,basic,conservative,True,complete
0f6c05bff4831033,tgs_stable_v2_universe_lab,U15,43d5dd5aa6be3b0638b5af83976e61a214bd9c37,False,True,survivorship-biased exploratory evidence; not Formal Candidate,U15-5801T-0011,5801.T,"The Furukawa Electric Co., Ltd.",Nonferrous metals,2014-03-12,90,2014-03-13,269.0000000000,269.2690000000,242.3421000000,350.0497000000,2014-03-20,242.3421000000,242.0997579000,stop_loss,6,-0.0991000000,-0.1026964036,0.0010000000,0.0010000000,0.0035964036,basic,conservative,True,complete
0f6c05bff4831033,tgs_stable_v2_universe_lab,U15,43d5dd5aa6be3b0638b5af83976e61a214bd9c37,False,True,survivorship-biased exploratory evidence; not Formal Candidate,U15-8015T-0014,8015.T,Toyota Tsusho Corp.,Trading companies,2014-03-28,100,2014-03-31,856.6666870117,857.5233536987,771.7710183289,1114.7803598083,2014-06-25,948.6666870117,947.7180203247,max_holding,60,0.1073929936,0.1029722675,0.0010000000,0.0010000000,0.0044207261,basic,conservative,True,complete
0f6c05bff4831033,tgs_stable_v2_universe_lab,U15,43d5dd5aa6be3b0638b5af83976e61a214bd9c37,False,True,survivorship-biased exploratory evidence; not Formal Candidate,U15-8053T-0022,8053.T,Sumitomo Corp.,Trading companies,2014-04-25,100,2014-04-28,337.5000000000,337.8375000000,304.0537500000,439.1887500000,2014-07-24,340.7500000000,340.4092500000,max_holding,60,0.0096296296,0.0055991760,0.0010000000,0.0010000000,0.0040304536,basic,conservative,True,complete
0f6c05bff4831033,tgs_stable_v2_universe_lab,U15,43d5dd5aa6be3b0638b5af83976e61a214bd9c37,False,True,survivorship-biased exploratory evidence; not Formal Candidate,U15-8058T-0015,8058.T,Mitsubishi Corp.,Trading companies,2014-05-16,100,2014-05-19,658.3333129883,658.9916463013,593.0924816711,856.6891401917,2014-08-11,696.1666870117,695.4705203247,max_holding,60,0.0574684180,0.0532469914,0.0010000000,0.0010000000,0.0042214266,basic,conservative,True,complete
0f6c05bff4831033,tgs_stable_v2_universe_lab,U15,43d5dd5aa6be3b0638b5af83976e61a214bd9c37,False,True,survivorship-biased exploratory evidence; not Formal Candidate,U15-8031T-0022,8031.T,"Mitsui & Co., Ltd.",Trading companies,2014-05-19,100,2014-05-20,770.0000000000,770.7700000000,693.6930000000,1002.0010000000,2014-08-12,848.5000000000,847.6515000000,max_holding,60,0.1019480519,0.0975490621,0.0010000000,0.0010000000,0.0043989898,basic,conservative,True,complete
0f6c05bff4831033,tgs_stable_v2_universe_lab,U15,43d5dd5aa6be3b0638b5af83976e61a214bd9c37,False,True,survivorship-biased exploratory evidence; not Formal Candidate,U15-8801T-0017,8801.T,"Mitsui Fudosan Co., Ltd.",Real estate,2014-05-23,100,2014-05-26,1112.0000000000,1113.1120000000,1001.8008000000,1447.0456000000,2014-08-18,1090.0000000000,1088.9100000000,max_holding,60,-0.0197841727,-0.0236972060,0.0010000000,0.0010000000,0.0039130333,basic,conservative,True,complete
0f6c05bff4831033,tgs_stable_v2_universe_lab,U15,43d5dd5aa6be3b0638b5af83976e61a214bd9c37,False,True,survivorship-biased exploratory evidence; not Formal Candidate,U15-8802T-0022,8802.T,"Mitsubishi Estate Co., Ltd.",Real estate,2014-05-23,100,2014-05-26,2497.0000000000,2499.4970000000,2249.5473000000,3249.3461000000,2014-08-18,2401.0000000000,2398.5990000000,max_holding,60,-0.0384461354,-0.0422846699,0.0010000000,0.0010000000,0.0038385346,basic,conservative,True,complete
0f6c05bff4831033,tgs_stable_v2_universe_lab,U15,43d5dd5aa6be3b0638b5af83976e61a214bd9c37,False,True,survivorship-biased exploratory evidence; not Formal Candidate,U15-8002T-0017,8002.T,Marubeni Corp.,Trading companies,2014-06-06,100,2014-06-09,716.0000000000,716.7160000000,645.0444000000,931.7308000000,2014-09-01,759.5999755859,758.8403756104,max_holding,60,0.0608938207,0.0566587198,0.0010000000,0.0010000000,0.0042351008,basic,conservative,True,complete
0f6c05bff4831033,tgs_stable_v2_universe_lab,U15,43d5dd5aa6be3b0638b5af83976e61a214bd9c37,False,True,survivorship-biased exploratory evidence; not Formal Candidate,U15-6273T-0023,6273.T,SMC Corporation,Machinery,2014-06-09,120,2014-06-10,27185.0000000000,27212.1850000000,24490.9665000000,35375.8405000000,2014-09-02,27855.0000000000,27827.1450000000,max_holding,60,0.0246459445,0.0205555456,0.0010000000,0.0010000000,0.0040903989,basic,conservative,True,complete
0f6c05bff4831033,tgs_stable_v2_universe_lab,U15,43d5dd5aa6be3b0638b5af83976e61a214bd9c37,False,True,survivorship-biased exploratory evidence; not Formal Candidate,U15-6367T-0016,6367.T,"Daikin Industries, Ltd.",Machinery,2014-06-11,100,2014-06-12,6300.0000000000,6306.3000000000,5675.6700000000,8198.1900000000,2014-09-04,7090.0000000000,7082.9100000000,max_holding,60,0.1253968254,0.1209042278,0.0010000000,0.0010000000,0.0044925976,basic,conservative,True,complete
0f6c05bff4831033,tgs_stable_v2_universe_lab,U15,43d5dd5aa6be3b0638b5af83976e61a214bd9c37,False,True,survivorship-biased exploratory evidence; not Formal Candidate,U15-7011T-0014,7011.T,"Mitsubishi Heavy Industries, Ltd.",Machinery,2014-06-12,100,2014-06-13,645.0000000000,645.6450000000,581.0805000000,839.3385000000,2014-09-05,655.9000244141,655.2441243896,max_holding,60,0.0168992627,0.0128397886,0.0010000000,0.0010000000,0.0040594740,basic,conservative,True,complete
0f6c05bff4831033,tgs_stable_v2_universe_lab,U15,43d5dd5aa6be3b0638b5af83976e61a214bd9c37,False,True,survivorship-biased exploratory evidence; not Formal Candidate,U15-6301T-0017,6301.T,Komatsu Ltd.,Machinery,2014-06-13,90,2014-06-16,2294.0000000000,2296.2940000000,2066.6646000000,2985.1822000000,2014-09-08,2440.0000000000,2437.5600000000,max_holding,60,0.0636442895,0.0593982087,0.0010000000,0.0010000000,0.0042460808,basic,conservative,True,complete
0f6c05bff4831033,tgs_stable_v2_universe_lab,U15,43d5dd5aa6be3b0638b5af83976e61a214bd9c37,False,True,survivorship-biased exploratory evidence; not Formal Candidate,U15-8001T-0021,8001.T,Itochu Corp.,Trading companies,2014-06-17,100,2014-06-18,257.7999877930,258.0577877808,232.2520090027,335.4751241150,2014-09-10,272.2999877930,272.0276878052,max_holding,60,0.0562451539,0.0520286106,0.0010000000,0.0010000000,0.0042165433,basic,conservative,True,complete
0f6c05bff4831033,tgs_stable_v2_universe_lab,U15,43d5dd5aa6be3b0638b5af83976e61a214bd9c37,False,True,survivorship-biased exploratory evidence; not Formal Candidate,U15-8015T-0015,8015.T,Toyota Tsusho Corp.,Trading companies,2014-06-27,90,2014-06-30,968.0000000000,968.9680000000,872.0712000000,1259.6584000000,2014-09-12,872.0712000000,871.1991288000,stop_loss,54,-0.0991000000,-0.1026964036,0.0010000000,0.0010000000,0.0035964036,basic,conservative,True,complete
0f6c05bff4831033,tgs_stable_v2_universe_lab,U15,43d5dd5aa6be3b0638b5af83976e61a214bd9c37,False,True,survivorship-biased exploratory evidence; not Formal Candidate,U15-5802T-0020,5802.T,"Sumitomo Electric Industries, Ltd.",Nonferrous metals,2014-07-04,100,2014-07-07,370.0000000000,370.3700000000,333.3330000000,481.4810000000,2014-10-01,398.0000000000,397.6020000000,max_holding,60,0.0756756757,0.0713815655,0.0010000000,0.0010000000,0.0042941102,basic,conservative,True,complete
0f6c05bff4831033,tgs_stable_v2_universe_lab,U15,43d5dd5aa6be3b0638b5af83976e61a214bd9c37,False,True,survivorship-biased exploratory evidence; not Formal Candidate,U15-5803T-0011,5803.T,Fujikura Ltd.,Nonferrous metals,2014-07-29,90,2014-07-30,86.1666641235,86.2528307877,77.6275477089,112.1286800240,2014-10-14,77.1666641235,77.0894974594,stop_gap,52,-0.1044487458,-0.1080237972,0.0010000000,0.0010000000,0.0035750513,basic,conservative,True,complete
0f6c05bff4831033,tgs_stable_v2_universe_lab,U15,43d5dd5aa6be3b0638b5af83976e61a214bd9c37,False,True,survivorship-biased exploratory evidence; not Formal Candidate,U15-8053T-0023,8053.T,Sumitomo Corp.,Trading companies,2014-08-01,90,2014-08-04,336.0000000000,336.3360000000,302.7024000000,437.2368000000,2014-09-30,299.2500000000,298.9507500000,stop_gap,40,-0.1093750000,-0.1129303857,0.0010000000,0.0010000000,0.0035553857,basic,conservative,True,complete
0f6c05bff4831033,tgs_stable_v2_universe_lab,U15,43d5dd5aa6be3b0638b5af83976e61a214bd9c37,False,True,survivorship-biased exploratory evidence; not Formal Candidate,U15-5801T-0012,5801.T,"The Furukawa Electric Co., Ltd.",Nonferrous metals,2014-08-27,90,2014-08-28,225.0000000000,225.2250000000,202.7025000000,292.7925000000,2014-10-03,202.7025000000,202.4997975000,stop_loss,25,-0.0991000000,-0.1026964036,0.0010000000,0.0010000000,0.0035964036,basic,conservative,True,complete
0f6c05bff4831033,tgs_stable_v2_universe_lab,U15,43d5dd5aa6be3b0638b5af83976e61a214bd9c37,False,True,survivorship-biased exploratory evidence; not Formal Candidate,U15-8031T-0023,8031.T,"Mitsui & Co., Ltd.",Trading companies,2014-08-29,90,2014-09-01,852.5000000000,853.3525000000,768.0172500000,1109.3582500000,2014-10-16,764.0000000000,763.2360000000,stop_gap,31,-0.1038123167,-0.1073899087,0.0010000000,0.0010000000,0.0035775920,basic,conservative,True,complete
0f6c05bff4831033,tgs_stable_v2_universe_lab,U15,43d5dd5aa6be3b0638b5af83976e61a214bd9c37,False,True,survivorship-biased exploratory evidence; not Formal Candidate,U15-8801T-0018,8801.T,"Mitsui Fudosan Co., Ltd.",Real estate,2014-09-05,100,2014-09-08,1142.3333740234,1143.4757073975,1029.1281366577,1486.5184196167,2014-10-06,1029.1281366577,1028.0990085211,stop_loss,19,-0.0991000000,-0.1026964036,0.0010000000,0.0010000000,0.0035964036,basic,conservative,True,complete
0f6c05bff4831033,tgs_stable_v2_universe_lab,U15,43d5dd5aa6be3b0638b5af83976e61a214bd9c37,False,True,survivorship-biased exploratory evidence; not Formal Candidate,U15-6273T-0024,6273.T,SMC Corporation,Machinery,2014-09-12,100,2014-09-16,28345.0000000000,28373.3450000000,25536.0105000000,36885.3485000000,2014-12-12,31645.0000000000,31613.3550000000,max_holding,60,0.1164226495,0.1119658769,0.0010000000,0.0010000000,0.0044567726,basic,conservative,True,complete
0f6c05bff4831033,tgs_stable_v2_universe_lab,U15,43d5dd5aa6be3b0638b5af83976e61a214bd9c37,False,True,survivorship-biased exploratory evidence; not Formal Candidate,U15-6367T-0017,6367.T,"Daikin Industries, Ltd.",Machinery,2014-09-12,90,2014-09-16,7082.0000000000,7089.0820000000,6380.1738000000,9215.8066000000,2014-10-08,6380.0000000000,6373.6200000000,stop_gap,16,-0.0991245411,-0.1027208467,0.0010000000,0.0010000000,0.0035963056,basic,conservative,True,complete
0f6c05bff4831033,tgs_stable_v2_universe_lab,U15,43d5dd5aa6be3b0638b5af83976e61a214bd9c37,False,True,survivorship-biased exploratory evidence; not Formal Candidate,U15-8802T-0023,8802.T,"Mitsubishi Estate Co., Ltd.",Real estate,2014-09-12,90,2014-09-16,2410.0000000000,2412.4100000000,2171.1690000000,3136.1330000000,2014-10-16,2171.1690000000,2168.9978310000,stop_loss,21,-0.0991000000,-0.1026964036,0.0010000000,0.0010000000,0.0035964036,basic,conservative,True,complete
0f6c05bff4831033,tgs_stable_v2_universe_lab,U15,43d5dd5aa6be3b0638b5af83976e61a214bd9c37,False,True,survivorship-biased exploratory evidence; not Formal Candidate,U15-6301T-0018,6301.T,Komatsu Ltd.,Machinery,2014-09-17,90,2014-09-18,2496.0000000000,2498.4960000000,2248.6464000000,3248.0448000000,2014-12-16,2639.5000000000,2636.8605000000,max_holding,60,0.0574919872,0.0532704665,0.0010000000,0.0010000000,0.0042215207,basic,conservative,True,complete
0f6c05bff4831033,tgs_stable_v2_universe_lab,U15,43d5dd5aa6be3b0638b5af83976e61a214bd9c37,False,True,survivorship-biased exploratory evidence; not Formal Candidate,U15-7011T-0015,7011.T,"Mitsubishi Heavy Industries, Ltd.",Machinery,2014-09-18,90,2014-09-19,682.2000122070,682.8822122192,614.5939909973,887.7468758850,2014-10-14,614.5939909973,613.9793970063,stop_loss,16,-0.0991000000,-0.1026964036,0.0010000000,0.0010000000,0.0035964036,basic,conservative,True,complete
0f6c05bff4831033,tgs_stable_v2_universe_lab,U15,43d5dd5aa6be3b0638b5af83976e61a214bd9c37,False,True,survivorship-biased exploratory evidence; not Formal Candidate,U15-8058T-0016,8058.T,Mitsubishi Corp.,Trading companies,2014-09-26,90,2014-09-29,770.0000000000,770.7700000000,693.6930000000,1002.0010000000,2014-10-10,680.5000000000,679.8195000000,stop_gap,10,-0.1162337662,-0.1197617716,0.0010000000,0.0010000000,0.0035280054,basic,conservative,True,complete
0f6c05bff4831033,tgs_stable_v2_universe_lab,U15,43d5dd5aa6be3b0638b5af83976e61a214bd9c37,False,True,survivorship-biased exploratory evidence; not Formal Candidate,U15-8001T-0022,8001.T,Itochu Corp.,Trading companies,2014-09-30,90,2014-10-01,260.0000000000,260.2600000000,234.2340000000,338.3380000000,2014-12-29,258.8999938965,258.6410939026,max_holding,60,-0.0042307927,-0.0082059153,0.0010000000,0.0010000000,0.0039751226,basic,conservative,True,complete
0f6c05bff4831033,tgs_stable_v2_universe_lab,U15,43d5dd5aa6be3b0638b5af83976e61a214bd9c37,False,True,survivorship-biased exploratory evidence; not Formal Candidate,U15-8802T-0024,8802.T,"Mitsubishi Estate Co., Ltd.",Real estate,2014-10-31,100,2014-11-04,2888.0000000000,2890.8880000000,2601.7992000000,3758.1544000000,2014-11-07,2601.7992000000,2599.1974008000,stop_loss,4,-0.0991000000,-0.1026964036,0.0010000000,0.0010000000,0.0035964036,basic,conservative,True,complete
0f6c05bff4831033,tgs_stable_v2_universe_lab,U15,43d5dd5aa6be3b0638b5af83976e61a214bd9c37,False,True,survivorship-biased exploratory evidence; not Formal Candidate,U15-7011T-0016,7011.T,"Mitsubishi Heavy Industries, Ltd.",Machinery,2014-11-07,100,2014-11-10,681.7000122070,682.3817122192,614.1435409973,887.0962258850,2015-02-05,614.1435409973,613.5293974563,stop_loss,58,-0.0991000000,-0.1026964036,0.0010000000,0.0010000000,0.0035964036,basic,conservative,True,complete
0f6c05bff4831033,tgs_stable_v2_universe_lab,U15,43d5dd5aa6be3b0638b5af83976e61a214bd9c37,False,True,survivorship-biased exploratory evidence; not Formal Candidate,U15-8015T-0016,8015.T,Toyota Tsusho Corp.,Trading companies,2014-11-17,100,2014-11-18,917.6666870117,918.5843536987,826.7259183289,1194.1596598083,2015-02-18,1045.0000000000,1043.9550000000,max_holding,60,0.1387576936,0.1342117592,0.0010000000,0.0010000000,0.0045459344,basic,conservative,True,complete
0f6c05bff4831033,tgs_stable_v2_universe_lab,U15,43d5dd5aa6be3b0638b5af83976e61a214bd9c37,False,True,survivorship-biased exploratory evidence; not Formal Candidate,U15-8058T-0017,8058.T,Mitsubishi Corp.,Trading companies,2014-11-17,100,2014-11-18,769.0000000000,769.7690000000,692.7921000000,1000.6997000000,2014-12-16,692.7921000000,692.0993079000,stop_loss,20,-0.0991000000,-0.1026964036,0.0010000000,0.0010000000,0.0035964036,basic,conservative,True,complete
0f6c05bff4831033,tgs_stable_v2_universe_lab,U15,43d5dd5aa6be3b0638b5af83976e61a214bd9c37,False,True,survivorship-biased exploratory evidence; not Formal Candidate,U15-8801T-0019,8801.T,"Mitsui Fudosan Co., Ltd.",Real estate,2014-11-17,100,2014-11-18,1200.0000000000,1201.2000000000,1081.0800000000,1561.5600000000,2014-12-11,1076.0000000000,1074.9240000000,stop_gap,17,-0.1033333333,-0.1069128374,0.0010000000,0.0010000000,0.0035795041,basic,conservative,True,complete
0f6c05bff4831033,tgs_stable_v2_universe_lab,U15,43d5dd5aa6be3b0638b5af83976e61a214bd9c37,False,True,survivorship-biased exploratory evidence; not Formal Candidate,U15-6367T-0018,6367.T,"Daikin Industries, Ltd.",Machinery,2014-11-21,100,2014-11-25,7295.0000000000,7302.2950000000,6572.0655000000,9492.9835000000,2015-02-24,7907.0000000000,7899.0930000000,max_holding,60,0.0838930775,0.0795661633,0.0010000000,0.0010000000,0.0043269142,basic,conservative,True,complete
0f6c05bff4831033,tgs_stable_v2_universe_lab,U15,43d5dd5aa6be3b0638b5af83976e61a214bd9c37,False,True,survivorship-biased exploratory evidence; not Formal Candidate,U15-5802T-0021,5802.T,"Sumitomo Electric Industries, Ltd.",Nonferrous metals,2014-11-28,100,2014-12-01,384.5000000000,384.8845000000,346.3960500000,500.3498500000,2015-03-02,388.1250000000,387.7368750000,max_holding,60,0.0094278283,0.0053981804,0.0010000000,0.0010000000,0.0040296480,basic,conservative,True,complete
0f6c05bff4831033,tgs_stable_v2_universe_lab,U15,43d5dd5aa6be3b0638b5af83976e61a214bd9c37,False,True,survivorship-biased exploratory evidence; not Formal Candidate,U15-8002T-0018,8002.T,Marubeni Corp.,Trading companies,2014-12-05,100,2014-12-08,747.0000000000,747.7470000000,672.9723000000,972.0711000000,2014-12-16,672.9723000000,672.2993277000,stop_loss,7,-0.0991000000,-0.1026964036,0.0010000000,0.0010000000,0.0035964036,basic,conservative,True,complete
0f6c05bff4831033,tgs_stable_v2_universe_lab,U15,43d5dd5aa6be3b0638b5af83976e61a214bd9c37,False,True,survivorship-biased exploratory evidence; not Formal Candidate,U15-8053T-0024,8053.T,Sumitomo Corp.,Trading companies,2014-12-05,100,2014-12-08,316.2500000000,316.5662500000,284.9096250000,411.5361250000,2015-01-14,284.9096250000,284.6247153750,stop_loss,23,-0.0991000000,-0.1026964036,0.0010000000,0.0010000000,0.0035964036,basic,conservative,True,complete
0f6c05bff4831033,tgs_stable_v2_universe_lab,U15,43d5dd5aa6be3b0638b5af83976e61a214bd9c37,False,True,survivorship-biased exploratory evidence; not Formal Candidate,U15-8802T-0025,8802.T,"Mitsubishi Estate Co., Ltd.",Real estate,2014-12-19,90,2014-12-22,2566.5000000000,2569.0665000000,2312.1598500000,3339.7864500000,2015-03-23,2897.5000000000,2894.6025000000,max_holding,60,0.1289694136,0.1244625542,0.0010000000,0.0010000000,0.0045068594,basic,conservative,True,complete
0f6c05bff4831033,tgs_stable_v2_universe_lab,U15,43d5dd5aa6be3b0638b5af83976e61a214bd9c37,False,True,survivorship-biased exploratory evidence; not Formal Candidate,U15-6273T-0025,6273.T,SMC Corporation,Machinery,2014-12-29,90,2014-12-30,32755.0000000000,32787.7550000000,29508.9795000000,42624.0815000000,2015-03-30,36055.0000000000,36018.9450000000,max_holding,60,0.1007479774,0.0963537783,0.0010000000,0.0010000000,0.0043941991,basic,conservative,True,complete
0f6c05bff4831033,tgs_stable_v2_universe_lab,U15,43d5dd5aa6be3b0638b5af83976e61a214bd9c37,False,True,survivorship-biased exploratory evidence; not Formal Candidate,U15-5803T-0012,5803.T,Fujikura Ltd.,Nonferrous metals,2015-01-21,90,2015-01-22,78.5000000000,78.5785000000,70.7206500000,102.1520500000,2015-04-16,93.0000000000,92.9070000000,max_holding,60,0.1847133758,0.1799839858,0.0010000000,0.0010000000,0.0047293900,basic,conservative,True,complete
0f6c05bff4831033,tgs_stable_v2_universe_lab,U15,43d5dd5aa6be3b0638b5af83976e61a214bd9c37,False,True,survivorship-biased exploratory evidence; not Formal Candidate,U15-8053T-0025,8053.T,Sumitomo Corp.,Trading companies,2015-02-06,100,2015-02-09,307.0000000000,307.3070000000,276.5763000000,399.4991000000,2015-05-08,350.8750000000,350.5241250000,max_holding,60,0.1429153094,0.1383527778,0.0010000000,0.0010000000,0.0045625316,basic,conservative,True,complete
0f6c05bff4831033,tgs_stable_v2_universe_lab,U15,43d5dd5aa6be3b0638b5af83976e61a214bd9c37,False,True,survivorship-biased exploratory evidence; not Formal Candidate,U15-8801T-0020,8801.T,"Mitsui Fudosan Co., Ltd.",Real estate,2015-02-24,100,2015-02-25,1119.6666259766,1120.7862926025,1008.7076633423,1457.0221803833,2015-05-25,1246.8333740234,1245.5865406494,max_holding,60,0.1135755457,0.1091301388,0.0010000000,0.0010000000,0.0044454069,basic,conservative,True,complete
0f6c05bff4831033,tgs_stable_v2_universe_lab,U15,43d5dd5aa6be3b0638b5af83976e61a214bd9c37,False,True,survivorship-biased exploratory evidence; not Formal Candidate,U15-5802T-0022,5802.T,"Sumitomo Electric Industries, Ltd.",Nonferrous metals,2015-03-02,100,2015-03-03,391.0000000000,391.3910000000,352.2519000000,508.8083000000,2015-05-29,496.7500000000,496.2532500000,max_holding,60,0.2704603581,0.2653886651,0.0010000000,0.0010000000,0.0050716930,basic,conservative,True,complete
0f6c05bff4831033,tgs_stable_v2_universe_lab,U15,43d5dd5aa6be3b0638b5af83976e61a214bd9c37,False,True,survivorship-biased exploratory evidence; not Formal Candidate,U15-8002T-0019,8002.T,Marubeni Corp.,Trading companies,2015-03-04,100,2015-03-05,733.0000000000,733.7330000000,660.3597000000,953.8529000000,2015-06-02,713.2000122070,712.4868121948,max_holding,60,-0.0270122617,-0.0308964404,0.0010000000,0.0010000000,0.0038841787,basic,conservative,True,complete
0f6c05bff4831033,tgs_stable_v2_universe_lab,U15,43d5dd5aa6be3b0638b5af83976e61a214bd9c37,False,True,survivorship-biased exploratory evidence; not Formal Candidate,U15-8001T-0023,8001.T,Itochu Corp.,Trading companies,2015-03-05,100,2015-03-06,266.0000000000,266.2660000000,239.6394000000,346.1458000000,2015-05-26,346.1458000000,345.7996542000,take_profit,54,0.3013000000,0.2961051948,0.0010000000,0.0010000000,0.0051948052,basic,conservative,True,complete
0f6c05bff4831033,tgs_stable_v2_universe_lab,U15,43d5dd5aa6be3b0638b5af83976e61a214bd9c37,False,True,survivorship-biased exploratory evidence; not Formal Candidate,U15-8015T-0017,8015.T,Toyota Tsusho Corp.,Trading companies,2015-03-13,90,2015-03-16,1071.6666259766,1072.7382926025,965.4644633423,1394.5597803833,2015-06-11,1131.6666259766,1130.5349593506,max_holding,60,0.0559875604,0.0517720454,0.0010000000,0.0010000000,0.0042155150,basic,conservative,True,complete
0f6c05bff4831033,tgs_stable_v2_universe_lab,U15,43d5dd5aa6be3b0638b5af83976e61a214bd9c37,False,True,survivorship-biased exploratory evidence; not Formal Candidate,U15-7011T-0017,7011.T,"Mitsubishi Heavy Industries, Ltd.",Machinery,2015-03-20,100,2015-03-23,693.7000122070,694.3937122192,624.9543409973,902.7118258850,2015-06-18,742.7000122070,741.9573121948,max_holding,60,0.0706357203,0.0663617296,0.0010000000,0.0010000000,0.0042739906,basic,conservative,True,complete
0f6c05bff4831033,tgs_stable_v2_universe_lab,U15,43d5dd5aa6be3b0638b5af83976e61a214bd9c37,False,True,survivorship-biased exploratory evidence; not Formal Candidate,U15-8031T-0024,8031.T,"Mitsui & Co., Ltd.",Trading companies,2015-03-27,90,2015-03-30,814.7500000000,815.5647500000,734.0082750000,1060.2341750000,2015-06-25,846.2500000000,845.4037500000,max_holding,60,0.0386621663,0.0345158145,0.0010000000,0.0010000000,0.0041463518,basic,conservative,True,complete
0f6c05bff4831033,tgs_stable_v2_universe_lab,U15,43d5dd5aa6be3b0638b5af83976e61a214bd9c37,False,True,survivorship-biased exploratory evidence; not Formal Candidate,U15-8802T-0026,8802.T,"Mitsubishi Estate Co., Ltd.",Real estate,2015-03-31,90,2015-04-01,2800.0000000000,2802.8000000000,2522.5200000000,3643.6400000000,2015-06-29,2633.0000000000,2630.3670000000,max_holding,60,-0.0596428571,-0.0633967741,0.0010000000,0.0010000000,0.0037539170,basic,conservative,True,complete
0f6c05bff4831033,tgs_stable_v2_universe_lab,U15,43d5dd5aa6be3b0638b5af83976e61a214bd9c37,False,True,survivorship-biased exploratory evidence; not Formal Candidate,U15-5801T-0013,5801.T,"The Furukawa Electric Co., Ltd.",Nonferrous metals,2015-04-17,90,2015-04-20,220.0000000000,220.2200000000,198.1980000000,286.2860000000,2015-07-16,204.0000000000,203.7960000000,max_holding,60,-0.0727272727,-0.0764289566,0.0010000000,0.0010000000,0.0037016838,basic,conservative,True,complete
0f6c05bff4831033,tgs_stable_v2_universe_lab,U15,43d5dd5aa6be3b0638b5af83976e61a214bd9c37,False,True,survivorship-biased exploratory evidence; not Formal Candidate,U15-6273T-0026,6273.T,SMC Corporation,Machinery,2015-05-07,90,2015-05-08,36400.0000000000,36436.4000000000,32792.7600000000,47367.3200000000,2015-07-27,31950.0000000000,31918.0500000000,stop_gap,56,-0.1222527473,-0.1257567248,0.0010000000,0.0010000000,0.0035039776,basic,conservative,True,complete
0f6c05bff4831033,tgs_stable_v2_universe_lab,U15,43d5dd5aa6be3b0638b5af83976e61a214bd9c37,False,True,survivorship-biased exploratory evidence; not Formal Candidate,U15-8058T-0018,8058.T,Mitsubishi Corp.,Trading companies,2015-05-08,90,2015-05-11,851.6666870117,852.5183536987,767.2665183289,1108.2738598083,2015-08-03,882.8333129883,881.9504796753,max_holding,60,0.0365948633,0.0324567642,0.0010000000,0.0010000000,0.0041380991,basic,conservative,True,complete
0f6c05bff4831033,tgs_stable_v2_universe_lab,U15,43d5dd5aa6be3b0638b5af83976e61a214bd9c37,False,True,survivorship-biased exploratory evidence; not Formal Candidate,U15-6301T-0019,6301.T,Komatsu Ltd.,Machinery,2015-05-22,100,2015-05-25,2580.0000000000,2582.5800000000,2324.3220000000,3357.3540000000,2015-07-08,2324.3220000000,2321.9976780000,stop_loss,33,-0.0991000000,-0.1026964036,0.0010000000,0.0010000000,0.0035964036,basic,conservative,True,complete
0f6c05bff4831033,tgs_stable_v2_universe_lab,U15,43d5dd5aa6be3b0638b5af83976e61a214bd9c37,False,True,survivorship-biased exploratory evidence; not Formal Candidate,U15-6367T-0019,6367.T,"Daikin Industries, Ltd.",Machinery,2015-05-22,100,2015-05-25,9322.0000000000,9331.3220000000,8398.1898000000,12130.7186000000,2015-07-09,8300.0000000000,8291.7000000000,stop_gap,34,-0.1096331259,-0.1131874812,0.0010000000,0.0010000000,0.0035543552,basic,conservative,True,complete
0f6c05bff4831033,tgs_stable_v2_universe_lab,U15,43d5dd5aa6be3b0638b5af83976e61a214bd9c37,False,True,survivorship-biased exploratory evidence; not Formal Candidate,U15-8801T-0021,8801.T,"Mitsui Fudosan Co., Ltd.",Real estate,2015-06-10,90,2015-06-11,1196.3333740234,1197.5297073975,1077.7767366577,1556.7886196167,2015-07-09,1076.1666259766,1075.0904593506,stop_gap,21,-0.1004458712,-0.1040369021,0.0010000000,0.0010000000,0.0035910309,basic,conservative,True,complete
0f6c05bff4831033,tgs_stable_v2_universe_lab,U15,43d5dd5aa6be3b0638b5af83976e61a214bd9c37,False,True,survivorship-biased exploratory evidence; not Formal Candidate,U15-8015T-0018,8015.T,Toyota Tsusho Corp.,Trading companies,2015-06-12,90,2015-06-15,1125.0000000000,1126.1250000000,1013.5125000000,1463.9625000000,2015-07-09,1013.5125000000,1012.4989875000,stop_loss,19,-0.0991000000,-0.1026964036,0.0010000000,0.0010000000,0.0035964036,basic,conservative,True,complete
0f6c05bff4831033,tgs_stable_v2_universe_lab,U15,43d5dd5aa6be3b0638b5af83976e61a214bd9c37,False,True,survivorship-biased exploratory evidence; not Formal Candidate,U15-8001T-0024,8001.T,Itochu Corp.,Trading companies,2015-06-24,90,2015-06-25,338.2999877930,338.6382877808,304.7744590027,440.2297741150,2015-07-08,301.7000122070,301.3983121948,stop_gap,10,-0.1081879306,-0.1117480550,0.0010000000,0.0010000000,0.0035601245,basic,conservative,True,complete
0f6c05bff4831033,tgs_stable_v2_universe_lab,U15,43d5dd5aa6be3b0638b5af83976e61a214bd9c37,False,True,survivorship-biased exploratory evidence; not Formal Candidate,U15-5802T-0023,5802.T,"Sumitomo Electric Industries, Ltd.",Nonferrous metals,2015-06-30,90,2015-07-01,472.1250000000,472.5971250000,425.3374125000,614.3762625000,2015-08-24,425.3374125000,424.9120750875,stop_loss,38,-0.0991000000,-0.1026964036,0.0010000000,0.0010000000,0.0035964036,basic,conservative,True,complete
0f6c05bff4831033,tgs_stable_v2_universe_lab,U15,43d5dd5aa6be3b0638b5af83976e61a214bd9c37,False,True,survivorship-biased exploratory evidence; not Formal Candidate,U15-8802T-0027,8802.T,"Mitsubishi Estate Co., Ltd.",Real estate,2015-08-07,100,2015-08-10,2864.0000000000,2866.8640000000,2580.1776000000,3726.9232000000,2015-08-24,2580.1776000000,2577.5974224000,stop_loss,11,-0.0991000000,-0.1026964036,0.0010000000,0.0010000000,0.0035964036,basic,conservative,True,complete
0f6c05bff4831033,tgs_stable_v2_universe_lab,U15,43d5dd5aa6be3b0638b5af83976e61a214bd9c37,False,True,survivorship-biased exploratory evidence; not Formal Candidate,U15-8002T-0020,8002.T,Marubeni Corp.,Trading companies,2015-08-14,100,2015-08-17,729.0999755859,729.8290755615,656.8461680054,948.7777982300,2015-08-25,630.0000000000,629.3700000000,stop_gap,7,-0.1359209696,-0.1393703834,0.0010000000,0.0010000000,0.0034494138,basic,conservative,True,complete
0f6c05bff4831033,tgs_stable_v2_universe_lab,U15,43d5dd5aa6be3b0638b5af83976e61a214bd9c37,False,True,survivorship-biased exploratory evidence; not Formal Candidate,U15-8801T-0022,8801.T,"Mitsui Fudosan Co., Ltd.",Real estate,2015-08-14,100,2015-08-17,1276.6666259766,1277.9432926025,1150.1489633423,1661.3262803833,2015-08-24,1150.1489633423,1148.9988143789,stop_loss,6,-0.0991000000,-0.1026964036,0.0010000000,0.0010000000,0.0035964036,basic,conservative,True,complete
0f6c05bff4831033,tgs_stable_v2_universe_lab,U15,43d5dd5aa6be3b0638b5af83976e61a214bd9c37,False,True,survivorship-biased exploratory evidence; not Formal Candidate,U15-5801T-0014,5801.T,"The Furukawa Electric Co., Ltd.",Nonferrous metals,2015-10-16,100,2015-10-19,214.0000000000,214.2140000000,192.7926000000,278.4782000000,2015-12-03,278.4782000000,278.1997218000,take_profit,32,0.3013000000,0.2961051948,0.0010000000,0.0010000000,0.0051948052,basic,conservative,True,complete
0f6c05bff4831033,tgs_stable_v2_universe_lab,U15,43d5dd5aa6be3b0638b5af83976e61a214bd9c37,False,True,survivorship-biased exploratory evidence; not Formal Candidate,U15-8002T-0021,8002.T,Marubeni Corp.,Trading companies,2015-10-23,100,2015-10-26,700.0000000000,700.7000000000,630.6300000000,910.9100000000,2015-12-18,630.6300000000,629.9993700000,stop_loss,38,-0.0991000000,-0.1026964036,0.0010000000,0.0010000000,0.0035964036,basic,conservative,True,complete
0f6c05bff4831033,tgs_stable_v2_universe_lab,U15,43d5dd5aa6be3b0638b5af83976e61a214bd9c37,False,True,survivorship-biased exploratory evidence; not Formal Candidate,U15-6273T-0027,6273.T,SMC Corporation,Machinery,2015-10-30,100,2015-11-02,30700.0000000000,30730.7000000000,27657.6300000000,39949.9100000000,2016-01-12,27657.6300000000,27629.9723700000,stop_loss,45,-0.0991000000,-0.1026964036,0.0010000000,0.0010000000,0.0035964036,basic,conservative,True,complete
0f6c05bff4831033,tgs_stable_v2_universe_lab,U15,43d5dd5aa6be3b0638b5af83976e61a214bd9c37,False,True,survivorship-biased exploratory evidence; not Formal Candidate,U15-6367T-0020,6367.T,"Daikin Industries, Ltd.",Machinery,2015-10-30,100,2015-11-02,7697.0000000000,7704.6970000000,6934.2273000000,10016.1061000000,2016-02-02,8078.0000000000,8069.9220000000,max_holding,60,0.0494998051,0.0453101893,0.0010000000,0.0010000000,0.0041896158,basic,conservative,True,complete
0f6c05bff4831033,tgs_stable_v2_universe_lab,U15,43d5dd5aa6be3b0638b5af83976e61a214bd9c37,False,True,survivorship-biased exploratory evidence; not Formal Candidate,U15-7011T-0018,7011.T,"Mitsubishi Heavy Industries, Ltd.",Machinery,2015-10-30,120,2015-11-02,605.4000244141,606.0054244385,545.4048819946,787.8070517700,2015-12-21,545.4048819946,544.8594771126,stop_loss,34,-0.0991000000,-0.1026964036,0.0010000000,0.0010000000,0.0035964036,basic,conservative,True,complete
0f6c05bff4831033,tgs_stable_v2_universe_lab,U15,43d5dd5aa6be3b0638b5af83976e61a214bd9c37,False,True,survivorship-biased exploratory evidence; not Formal Candidate,U15-8001T-0025,8001.T,Itochu Corp.,Trading companies,2015-10-30,100,2015-11-02,297.6000061035,297.8976061096,268.1078454987,387.2668879425,2016-01-08,267.5000000000,267.2325000000,stop_gap,44,-0.1011424916,-0.1047307415,0.0010000000,0.0010000000,0.0035882499,basic,conservative,True,complete
0f6c05bff4831033,tgs_stable_v2_universe_lab,U15,43d5dd5aa6be3b0638b5af83976e61a214bd9c37,False,True,survivorship-biased exploratory evidence; not Formal Candidate,U15-8053T-0026,8053.T,Sumitomo Corp.,Trading companies,2015-11-06,100,2015-11-09,334.8750000000,335.2098750000,301.6888875000,435.7728375000,2016-01-07,301.6888875000,301.3871986125,stop_loss,39,-0.0991000000,-0.1026964036,0.0010000000,0.0010000000,0.0035964036,basic,conservative,True,complete
0f6c05bff4831033,tgs_stable_v2_universe_lab,U15,43d5dd5aa6be3b0638b5af83976e61a214bd9c37,False,True,survivorship-biased exploratory evidence; not Formal Candidate,U15-8015T-0019,8015.T,Toyota Tsusho Corp.,Trading companies,2015-11-13,100,2015-11-16,953.3333129883,954.2866463013,858.8579816711,1240.5726401917,2016-01-14,850.3333129883,849.4829796753,stop_gap,38,-0.1080419603,-0.1116026675,0.0010000000,0.0010000000,0.0035607072,basic,conservative,True,complete
0f6c05bff4831033,tgs_stable_v2_universe_lab,U15,43d5dd5aa6be3b0638b5af83976e61a214bd9c37,False,True,survivorship-biased exploratory evidence; not Formal Candidate,U15-8031T-0025,8031.T,"Mitsui & Co., Ltd.",Trading companies,2015-11-13,100,2015-11-16,757.5000000000,758.2575000000,682.4317500000,985.7347500000,2016-01-12,682.4317500000,681.7493182500,stop_loss,36,-0.0991000000,-0.1026964036,0.0010000000,0.0010000000,0.0035964036,basic,conservative,True,complete
0f6c05bff4831033,tgs_stable_v2_universe_lab,U15,43d5dd5aa6be3b0638b5af83976e61a214bd9c37,False,True,survivorship-biased exploratory evidence; not Formal Candidate,U15-8802T-0028,8802.T,"Mitsubishi Estate Co., Ltd.",Real estate,2015-11-20,100,2015-11-24,2635.0000000000,2637.6350000000,2373.8715000000,3428.9255000000,2016-01-08,2350.0000000000,2347.6500000000,stop_gap,30,-0.1081593928,-0.1117196312,0.0010000000,0.0010000000,0.0035602384,basic,conservative,True,complete
0f6c05bff4831033,tgs_stable_v2_universe_lab,U15,43d5dd5aa6be3b0638b5af83976e61a214bd9c37,False,True,survivorship-biased exploratory evidence; not Formal Candidate,U15-5802T-0024,5802.T,"Sumitomo Electric Industries, Ltd.",Nonferrous metals,2015-11-27,100,2015-11-30,438.1250000000,438.5631250000,394.7068125000,570.1320625000,2016-01-07,394.7068125000,394.3121056875,stop_loss,25,-0.0991000000,-0.1026964036,0.0010000000,0.0010000000,0.0035964036,basic,conservative,True,complete
0f6c05bff4831033,tgs_stable_v2_universe_lab,U15,43d5dd5aa6be3b0638b5af83976e61a214bd9c37,False,True,survivorship-biased exploratory evidence; not Formal Candidate,U15-5801T-0015,5801.T,"The Furukawa Electric Co., Ltd.",Nonferrous metals,2016-01-05,90,2016-01-06,266.0000000000,266.2660000000,239.6394000000,346.1458000000,2016-01-21,239.6394000000,239.3997606000,stop_loss,11,-0.0991000000,-0.1026964036,0.0010000000,0.0010000000,0.0035964036,basic,conservative,True,complete
0f6c05bff4831033,tgs_stable_v2_universe_lab,U15,43d5dd5aa6be3b0638b5af83976e61a214bd9c37,False,True,survivorship-biased exploratory evidence; not Formal Candidate,U15-8001T-0026,8001.T,Itochu Corp.,Trading companies,2016-03-04,100,2016-03-07,295.2000122070,295.4952122192,265.9456909973,384.1437758850,2016-04-04,265.9456909973,265.6797453063,stop_loss,20,-0.0991000000,-0.1026964036,0.0010000000,0.0010000000,0.0035964036,basic,conservative,True,complete
0f6c05bff4831033,tgs_stable_v2_universe_lab,U15,43d5dd5aa6be3b0638b5af83976e61a214bd9c37,False,True,survivorship-biased exploratory evidence; not Formal Candidate,U15-8031T-0026,8031.T,"Mitsui & Co., Ltd.",Trading companies,2016-03-04,100,2016-03-07,720.0000000000,720.7200000000,648.6480000000,936.9360000000,2016-03-24,648.6480000000,647.9993520000,stop_loss,13,-0.0991000000,-0.1026964036,0.0010000000,0.0010000000,0.0035964036,basic,conservative,True,complete
0f6c05bff4831033,tgs_stable_v2_universe_lab,U15,43d5dd5aa6be3b0638b5af83976e61a214bd9c37,False,True,survivorship-biased exploratory evidence; not Formal Candidate,U15-8058T-0019,8058.T,Mitsubishi Corp.,Trading companies,2016-03-04,100,2016-03-07,687.8333129883,688.5211463013,619.6690316711,895.0774901917,2016-04-01,619.6690316711,619.0493626395,stop_loss,19,-0.0991000000,-0.1026964036,0.0010000000,0.0010000000,0.0035964036,basic,conservative,True,complete
0f6c05bff4831033,tgs_stable_v2_universe_lab,U15,43d5dd5aa6be3b0638b5af83976e61a214bd9c37,False,True,survivorship-biased exploratory evidence; not Formal Candidate,U15-6301T-0020,6301.T,Komatsu Ltd.,Machinery,2016-03-08,90,2016-03-09,1910.0000000000,1911.9100000000,1720.7190000000,2485.4830000000,2016-04-07,1720.7190000000,1718.9982810000,stop_loss,21,-0.0991000000,-0.1026964036,0.0010000000,0.0010000000,0.0035964036,basic,conservative,True,complete
0f6c05bff4831033,tgs_stable_v2_universe_lab,U15,43d5dd5aa6be3b0638b5af83976e61a214bd9c37,False,True,survivorship-biased exploratory evidence; not Formal Candidate,U15-6367T-0021,6367.T,"Daikin Industries, Ltd.",Machinery,2016-03-18,100,2016-03-22,8302.0000000000,8310.3020000000,7479.2718000000,10803.3926000000,2016-06-17,8368.0000000000,8359.6320000000,max_holding,60,0.0079498916,0.0039261435,0.0010000000,0.0010000000,0.0040237480,basic,conservative,True,complete
0f6c05bff4831033,tgs_stable_v2_universe_lab,U15,43d5dd5aa6be3b0638b5af83976e61a214bd9c37,False,True,survivorship-biased exploratory evidence; not Formal Candidate,U15-8015T-0020,8015.T,Toyota Tsusho Corp.,Trading companies,2016-03-18,100,2016-03-22,876.3333129883,877.2096463013,789.4886816711,1140.3725401917,2016-04-05,789.4886816711,788.6991929895,stop_loss,11,-0.0991000000,-0.1026964036,0.0010000000,0.0010000000,0.0035964036,basic,conservative,True,complete
0f6c05bff4831033,tgs_stable_v2_universe_lab,U15,43d5dd5aa6be3b0638b5af83976e61a214bd9c37,False,True,survivorship-biased exploratory evidence; not Formal Candidate,U15-7011T-0019,7011.T,"Mitsubishi Heavy Industries, Ltd.",Machinery,2016-04-20,90,2016-04-21,406.6000061035,407.0066061096,366.3059454987,529.1085879425,2016-07-21,480.2000122070,479.7198121948,max_holding,60,0.1810132932,0.1762986739,0.0010000000,0.0010000000,0.0047146192,basic,conservative,True,complete
0f6c05bff4831033,tgs_stable_v2_universe_lab,U15,43d5dd5aa6be3b0638b5af83976e61a214bd9c37,False,True,survivorship-biased exploratory evidence; not Formal Candidate,U15-8001T-0027,8001.T,Itochu Corp.,Trading companies,2016-04-21,90,2016-04-22,289.7999877930,290.0897877808,261.0808090027,377.1167241150,2016-06-06,260.2000122070,259.9398121948,stop_gap,28,-0.1021393265,-0.1057235971,0.0010000000,0.0010000000,0.0035842706,basic,conservative,True,complete
0f6c05bff4831033,tgs_stable_v2_universe_lab,U15,43d5dd5aa6be3b0638b5af83976e61a214bd9c37,False,True,survivorship-biased exploratory evidence; not Formal Candidate,U15-8015T-0021,8015.T,Toyota Tsusho Corp.,Trading companies,2016-04-21,90,2016-04-22,901.6666870117,902.5683536987,812.3115183289,1173.3388598083,2016-05-02,800.0000000000,799.2000000000,stop_gap,6,-0.1127541790,-0.1162960749,0.0010000000,0.0010000000,0.0035418960,basic,conservative,True,complete
0f6c05bff4831033,tgs_stable_v2_universe_lab,U15,43d5dd5aa6be3b0638b5af83976e61a214bd9c37,False,True,survivorship-biased exploratory evidence; not Formal Candidate,U15-5803T-0013,5803.T,Fujikura Ltd.,Nonferrous metals,2016-04-22,120,2016-04-25,94.8333358765,94.9281692123,85.4353522911,123.4066199760,2016-05-06,85.4353522911,85.3499169388,stop_loss,6,-0.0991000000,-0.1026964036,0.0010000000,0.0010000000,0.0035964036,basic,conservative,True,complete
0f6c05bff4831033,tgs_stable_v2_universe_lab,U15,43d5dd5aa6be3b0638b5af83976e61a214bd9c37,False,True,survivorship-biased exploratory evidence; not Formal Candidate,U15-6273T-0028,6273.T,SMC Corporation,Machinery,2016-04-22,100,2016-04-25,28750.0000000000,28778.7500000000,25900.8750000000,37412.3750000000,2016-05-02,25900.8750000000,25874.9741250000,stop_loss,5,-0.0991000000,-0.1026964036,0.0010000000,0.0010000000,0.0035964036,basic,conservative,True,complete
0f6c05bff4831033,tgs_stable_v2_universe_lab,U15,43d5dd5aa6be3b0638b5af83976e61a214bd9c37,False,True,survivorship-biased exploratory evidence; not Formal Candidate,U15-5801T-0016,5801.T,"The Furukawa Electric Co., Ltd.",Nonferrous metals,2016-05-02,100,2016-05-06,261.0000000000,261.2610000000,235.1349000000,339.6393000000,2016-06-24,235.1349000000,234.8997651000,stop_loss,36,-0.0991000000,-0.1026964036,0.0010000000,0.0010000000,0.0035964036,basic,conservative,True,complete
0f6c05bff4831033,tgs_stable_v2_universe_lab,U15,43d5dd5aa6be3b0638b5af83976e61a214bd9c37,False,True,survivorship-biased exploratory evidence; not Formal Candidate,U15-5803T-0014,5803.T,Fujikura Ltd.,Nonferrous metals,2016-05-20,100,2016-05-23,91.5000000000,91.5915000000,82.4323500000,119.0689500000,2016-06-16,82.4323500000,82.3499176500,stop_loss,19,-0.0991000000,-0.1026964036,0.0010000000,0.0010000000,0.0035964036,basic,conservative,True,complete
0f6c05bff4831033,tgs_stable_v2_universe_lab,U15,43d5dd5aa6be3b0638b5af83976e61a214bd9c37,False,True,survivorship-biased exploratory evidence; not Formal Candidate,U15-5802T-0025,5802.T,"Sumitomo Electric Industries, Ltd.",Nonferrous metals,2016-05-23,100,2016-05-24,368.7500000000,369.1187500000,332.2068750000,479.8543750000,2016-06-24,332.2068750000,331.8746681250,stop_loss,24,-0.0991000000,-0.1026964036,0.0010000000,0.0010000000,0.0035964036,basic,conservative,True,complete
0f6c05bff4831033,tgs_stable_v2_universe_lab,U15,43d5dd5aa6be3b0638b5af83976e61a214bd9c37,False,True,survivorship-biased exploratory evidence; not Formal Candidate,U15-6273T-0029,6273.T,SMC Corporation,Machinery,2016-05-31,90,2016-06-01,27930.0000000000,27957.9300000000,25162.1370000000,36345.3090000000,2016-06-24,25162.1370000000,25136.9748630000,stop_loss,18,-0.0991000000,-0.1026964036,0.0010000000,0.0010000000,0.0035964036,basic,conservative,True,complete
0f6c05bff4831033,tgs_stable_v2_universe_lab,U15,43d5dd5aa6be3b0638b5af83976e61a214bd9c37,False,True,survivorship-biased exploratory evidence; not Formal Candidate,U15-6367T-0022,6367.T,"Daikin Industries, Ltd.",Machinery,2016-06-20,90,2016-06-21,8696.0000000000,8704.6960000000,7834.2264000000,11316.1048000000,2016-09-15,9193.0000000000,9183.8070000000,max_holding,60,0.0571527139,0.0529325476,0.0010000000,0.0010000000,0.0042201663,basic,conservative,True,complete
0f6c05bff4831033,tgs_stable_v2_universe_lab,U15,43d5dd5aa6be3b0638b5af83976e61a214bd9c37,False,True,survivorship-biased exploratory evidence; not Formal Candidate,U15-6273T-0030,6273.T,SMC Corporation,Machinery,2016-07-25,90,2016-07-26,26535.0000000000,26561.5350000000,23905.3815000000,34529.9955000000,2016-10-21,30320.0000000000,30289.6800000000,max_holding,60,0.1426417939,0.1380803541,0.0010000000,0.0010000000,0.0045614397,basic,conservative,True,complete
0f6c05bff4831033,tgs_stable_v2_universe_lab,U15,43d5dd5aa6be3b0638b5af83976e61a214bd9c37,False,True,survivorship-biased exploratory evidence; not Formal Candidate,U15-8015T-0022,8015.T,Toyota Tsusho Corp.,Trading companies,2016-07-27,90,2016-07-28,801.0000000000,801.8010000000,721.6209000000,1042.3413000000,2016-08-03,721.6209000000,720.8992791000,stop_loss,5,-0.0991000000,-0.1026964036,0.0010000000,0.0010000000,0.0035964036,basic,conservative,True,complete
0f6c05bff4831033,tgs_stable_v2_universe_lab,U15,43d5dd5aa6be3b0638b5af83976e61a214bd9c37,False,True,survivorship-biased exploratory evidence; not Formal Candidate,U15-5801T-0017,5801.T,"The Furukawa Electric Co., Ltd.",Nonferrous metals,2016-07-29,100,2016-08-01,267.0000000000,267.2670000000,240.5403000000,347.4471000000,2016-10-27,302.0000000000,301.6980000000,max_holding,60,0.1310861423,0.1265708329,0.0010000000,0.0010000000,0.0045153094,basic,conservative,True,complete
0f6c05bff4831033,tgs_stable_v2_universe_lab,U15,43d5dd5aa6be3b0638b5af83976e61a214bd9c37,False,True,survivorship-biased exploratory evidence; not Formal Candidate,U15-5803T-0015,5803.T,Fujikura Ltd.,Nonferrous metals,2016-07-29,100,2016-08-01,95.3333358765,95.4286692123,85.8858022911,124.0572699760,2016-10-27,105.0000000000,104.8950000000,max_holding,60,0.1013985720,0.0970017757,0.0010000000,0.0010000000,0.0043967963,basic,conservative,True,complete
0f6c05bff4831033,tgs_stable_v2_universe_lab,U15,43d5dd5aa6be3b0638b5af83976e61a214bd9c37,False,True,survivorship-biased exploratory evidence; not Formal Candidate,U15-8802T-0029,8802.T,"Mitsubishi Estate Co., Ltd.",Real estate,2016-07-29,90,2016-08-01,1928.0000000000,1929.9280000000,1736.9352000000,2508.9064000000,2016-10-27,2092.5000000000,2090.4075000000,max_holding,60,0.0853215768,0.0809889600,0.0010000000,0.0010000000,0.0043326167,basic,conservative,True,complete
0f6c05bff4831033,tgs_stable_v2_universe_lab,U15,43d5dd5aa6be3b0638b5af83976e61a214bd9c37,False,True,survivorship-biased exploratory evidence; not Formal Candidate,U15-8801T-0023,8801.T,"Mitsui Fudosan Co., Ltd.",Real estate,2016-09-15,90,2016-09-16,686.8333129883,687.5201463013,618.7681316711,893.7761901917,2016-11-15,893.7761901917,892.8824140015,take_profit,39,0.3013000000,0.2961051948,0.0010000000,0.0010000000,0.0051948052,basic,conservative,True,complete
0f6c05bff4831033,tgs_stable_v2_universe_lab,U15,43d5dd5aa6be3b0638b5af83976e61a214bd9c37,False,True,survivorship-biased exploratory evidence; not Formal Candidate,U15-5802T-0026,5802.T,"Sumitomo Electric Industries, Ltd.",Nonferrous metals,2016-10-11,90,2016-10-12,374.5000000000,374.8745000000,337.3870500000,487.3368500000,2016-11-09,337.3870500000,337.0496629500,stop_loss,20,-0.0991000000,-0.1026964036,0.0010000000,0.0010000000,0.0035964036,basic,conservative,True,complete
0f6c05bff4831033,tgs_stable_v2_universe_lab,U15,43d5dd5aa6be3b0638b5af83976e61a214bd9c37,False,True,survivorship-biased exploratory evidence; not Formal Candidate,U15-6301T-0021,6301.T,Komatsu Ltd.,Machinery,2016-10-26,90,2016-10-27,2292.5000000000,2294.7925000000,2065.3132500000,2983.2302500000,2017-01-26,2838.0000000000,2835.1620000000,max_holding,60,0.2379498364,0.2330079258,0.0010000000,0.0010000000,0.0049419106,basic,conservative,True,complete
0f6c05bff4831033,tgs_stable_v2_universe_lab,U15,43d5dd5aa6be3b0638b5af83976e61a214bd9c37,False,True,survivorship-biased exploratory evidence; not Formal Candidate,U15-8058T-0020,8058.T,Mitsubishi Corp.,Trading companies,2016-10-28,90,2016-10-31,775.8333129883,776.6091463013,698.9482316711,1009.5918901917,2017-01-30,867.1666870117,866.2995203247,max_holding,60,0.1177229342,0.1132609708,0.0010000000,0.0010000000,0.0044619633,basic,conservative,True,complete
0f6c05bff4831033,tgs_stable_v2_universe_lab,U15,43d5dd5aa6be3b0638b5af83976e61a214bd9c37,False,True,survivorship-biased exploratory evidence; not Formal Candidate,U15-5803T-0016,5803.T,Fujikura Ltd.,Nonferrous metals,2016-10-31,90,2016-11-01,103.0000000000,103.1030000000,92.7927000000,134.0339000000,2017-01-31,119.3333358765,119.2140025406,max_holding,60,0.1585760765,0.1539510269,0.0010000000,0.0010000000,0.0046250496,basic,conservative,True,complete
0f6c05bff4831033,tgs_stable_v2_universe_lab,U15,43d5dd5aa6be3b0638b5af83976e61a214bd9c37,False,True,survivorship-biased exploratory evidence; not Formal Candidate,U15-5801T-0018,5801.T,"The Furukawa Electric Co., Ltd.",Nonferrous metals,2016-11-09,90,2016-11-10,317.0000000000,317.3170000000,285.5853000000,412.5121000000,2017-02-08,399.5000000000,399.1005000000,max_holding,60,0.2602523659,0.2552214234,0.0010000000,0.0010000000,0.0050309425,basic,conservative,True,complete
0f6c05bff4831033,tgs_stable_v2_universe_lab,U15,43d5dd5aa6be3b0638b5af83976e61a214bd9c37,False,True,survivorship-biased exploratory evidence; not Formal Candidate,U15-6273T-0031,6273.T,SMC Corporation,Machinery,2016-11-09,90,2016-11-10,31890.0000000000,31921.8900000000,28729.7010000000,41498.4570000000,2016-12-13,26550.0000000000,26523.4500000000,stop_gap,23,-0.1674506115,-0.1707741586,0.0010000000,0.0010000000,0.0033235471,basic,conservative,True,complete
0f6c05bff4831033,tgs_stable_v2_universe_lab,U15,43d5dd5aa6be3b0638b5af83976e61a214bd9c37,False,True,survivorship-biased exploratory evidence; not Formal Candidate,U15-6367T-0023,6367.T,"Daikin Industries, Ltd.",Machinery,2016-11-09,90,2016-11-10,10555.0000000000,10565.5550000000,9508.9995000000,13735.2215000000,2017-02-08,11240.0000000000,11228.7600000000,max_holding,60,0.0648981525,0.0606470663,0.0010000000,0.0010000000,0.0042510862,basic,conservative,True,complete
0f6c05bff4831033,tgs_stable_v2_universe_lab,U15,43d5dd5aa6be3b0638b5af83976e61a214bd9c37,False,True,survivorship-biased exploratory evidence; not Formal Candidate,U15-8001T-0028,8001.T,Itochu Corp.,Trading companies,2016-11-09,90,2016-11-10,278.0000000000,278.2780000000,250.4502000000,361.7614000000,2017-02-08,316.1000061035,315.7839060974,max_holding,60,0.1370503817,0.1325112629,0.0010000000,0.0010000000,0.0045391188,basic,conservative,True,complete
0f6c05bff4831033,tgs_stable_v2_universe_lab,U15,43d5dd5aa6be3b0638b5af83976e61a214bd9c37,False,True,survivorship-biased exploratory evidence; not Formal Candidate,U15-8031T-0027,8031.T,"Mitsui & Co., Ltd.",Trading companies,2016-11-11,90,2016-11-14,750.0000000000,750.7500000000,675.6750000000,975.9750000000,2017-02-10,843.0000000000,842.1570000000,max_holding,60,0.1240000000,0.1195129785,0.0010000000,0.0010000000,0.0044870215,basic,conservative,True,complete
0f6c05bff4831033,tgs_stable_v2_universe_lab,U15,43d5dd5aa6be3b0638b5af83976e61a214bd9c37,False,True,survivorship-biased exploratory evidence; not Formal Candidate,U15-8058T-0021,8058.T,Mitsubishi Corp.,Trading companies,2017-02-02,90,2017-02-03,868.3333129883,869.2016463013,782.2814816711,1129.9621401917,2017-04-13,782.2814816711,781.4992001895,stop_loss,49,-0.0991000000,-0.1026964036,0.0010000000,0.0010000000,0.0035964036,basic,conservative,True,complete
0f6c05bff4831033,tgs_stable_v2_universe_lab,U15,43d5dd5aa6be3b0638b5af83976e61a214bd9c37,False,True,survivorship-biased exploratory evidence; not Formal Candidate,U15-8002T-0022,8002.T,Marubeni Corp.,Trading companies,2017-02-06,90,2017-02-07,696.0000000000,696.6960000000,627.0264000000,905.7048000000,2017-05-02,693.0000000000,692.3070000000,max_holding,60,-0.0043103448,-0.0082851499,0.0010000000,0.0010000000,0.0039748050,basic,conservative,True,complete
0f6c05bff4831033,tgs_stable_v2_universe_lab,U15,43d5dd5aa6be3b0638b5af83976e61a214bd9c37,False,True,survivorship-biased exploratory evidence; not Formal Candidate,U15-6273T-0032,6273.T,SMC Corporation,Machinery,2017-02-10,100,2017-02-13,31900.0000000000,31931.9000000000,28738.7100000000,41511.4700000000,2017-05-11,31720.0000000000,31688.2800000000,max_holding,60,-0.0056426332,-0.0096121198,0.0010000000,0.0010000000,0.0039694865,basic,conservative,True,complete
0f6c05bff4831033,tgs_stable_v2_universe_lab,U15,43d5dd5aa6be3b0638b5af83976e61a214bd9c37,False,True,survivorship-biased exploratory evidence; not Formal Candidate,U15-8031T-0028,8031.T,"Mitsui & Co., Ltd.",Trading companies,2017-02-13,90,2017-02-14,853.5000000000,854.3535000000,768.9181500000,1110.6595500000,2017-04-13,768.9181500000,768.1492318500,stop_loss,42,-0.0991000000,-0.1026964036,0.0010000000,0.0010000000,0.0035964036,basic,conservative,True,complete
0f6c05bff4831033,tgs_stable_v2_universe_lab,U15,43d5dd5aa6be3b0638b5af83976e61a214bd9c37,False,True,survivorship-biased exploratory evidence; not Formal Candidate,U15-8015T-0023,8015.T,Toyota Tsusho Corp.,Trading companies,2017-03-01,90,2017-03-02,1136.6666259766,1137.8032926025,1024.0229633423,1479.1442803833,2017-05-30,1133.3333740234,1132.2000406494,max_holding,60,-0.0029324798,-0.0069127853,0.0010000000,0.0010000000,0.0039803055,basic,conservative,True,complete
0f6c05bff4831033,tgs_stable_v2_universe_lab,U15,43d5dd5aa6be3b0638b5af83976e61a214bd9c37,False,True,survivorship-biased exploratory evidence; not Formal Candidate,U15-6301T-0022,6301.T,Komatsu Ltd.,Machinery,2017-03-22,100,2017-03-23,2934.0000000000,2936.9340000000,2643.2406000000,3818.0142000000,2017-05-18,2641.0000000000,2638.3590000000,stop_gap,38,-0.0998636673,-0.1034570224,0.0010000000,0.0010000000,0.0035933550,basic,conservative,True,complete
0f6c05bff4831033,tgs_stable_v2_universe_lab,U15,43d5dd5aa6be3b0638b5af83976e61a214bd9c37,False,True,survivorship-biased exploratory evidence; not Formal Candidate,U15-8001T-0029,8001.T,Itochu Corp.,Trading companies,2017-03-22,90,2017-03-23,323.8999938965,324.2238938904,291.8015045013,421.4910620575,2017-06-19,320.2000122070,319.8798121948,max_holding,60,-0.0114232225,-0.0153696328,0.0010000000,0.0010000000,0.0039464103,basic,conservative,True,complete
0f6c05bff4831033,tgs_stable_v2_universe_lab,U15,43d5dd5aa6be3b0638b5af83976e61a214bd9c37,False,True,survivorship-biased exploratory evidence; not Formal Candidate,U15-8053T-0027,8053.T,Sumitomo Corp.,Trading companies,2017-03-30,90,2017-03-31,383.0000000000,383.3830000000,345.0447000000,498.3979000000,2017-06-27,363.2500000000,362.8867500000,max_holding,60,-0.0515665796,-0.0553527372,0.0010000000,0.0010000000,0.0037861576,basic,conservative,True,complete
0f6c05bff4831033,tgs_stable_v2_universe_lab,U15,43d5dd5aa6be3b0638b5af83976e61a214bd9c37,False,True,survivorship-biased exploratory evidence; not Formal Candidate,U15-5802T-0027,5802.T,"Sumitomo Electric Industries, Ltd.",Nonferrous metals,2017-03-31,90,2017-04-03,461.6250000000,462.0866250000,415.8779625000,600.7126125000,2017-06-28,429.7500000000,429.3202500000,max_holding,60,-0.0690495532,-0.0727659185,0.0010000000,0.0010000000,0.0037163653,basic,conservative,True,complete
0f6c05bff4831033,tgs_stable_v2_universe_lab,U15,43d5dd5aa6be3b0638b5af83976e61a214bd9c37,False,True,survivorship-biased exploratory evidence; not Formal Candidate,U15-5803T-0017,5803.T,Fujikura Ltd.,Nonferrous metals,2017-03-31,90,2017-04-03,134.6666717529,134.8013384247,121.3212045822,175.2417399521,2017-06-28,158.1666717529,158.0085050812,max_holding,60,0.1745049439,0.1698163061,0.0010000000,0.0010000000,0.0046886378,basic,conservative,True,complete
0f6c05bff4831033,tgs_stable_v2_universe_lab,U15,43d5dd5aa6be3b0638b5af83976e61a214bd9c37,False,True,survivorship-biased exploratory evidence; not Formal Candidate,U15-6367T-0024,6367.T,"Daikin Industries, Ltd.",Machinery,2017-06-26,100,2017-06-27,11550.0000000000,11561.5500000000,10405.3950000000,15030.0150000000,2017-09-21,11415.0000000000,11403.5850000000,max_holding,60,-0.0116883117,-0.0156336638,0.0010000000,0.0010000000,0.0039453521,basic,conservative,True,complete
0f6c05bff4831033,tgs_stable_v2_universe_lab,U15,43d5dd5aa6be3b0638b5af83976e61a214bd9c37,False,True,survivorship-biased exploratory evidence; not Formal Candidate,U15-8031T-0029,8031.T,"Mitsui & Co., Ltd.",Trading companies,2017-07-14,100,2017-07-18,807.7500000000,808.5577500000,727.7019750000,1051.1250750000,2017-10-12,814.0000000000,813.1860000000,max_holding,60,0.0077375426,0.0037146422,0.0010000000,0.0010000000,0.0040229003,basic,conservative,True,complete
0f6c05bff4831033,tgs_stable_v2_universe_lab,U15,43d5dd5aa6be3b0638b5af83976e61a214bd9c37,False,True,survivorship-biased exploratory evidence; not Formal Candidate,U15-8002T-0023,8002.T,Marubeni Corp.,Trading companies,2017-07-18,100,2017-07-19,730.2999877930,731.0302877808,657.9272590027,950.3393741150,2017-10-13,732.5999755859,731.8673756104,max_holding,60,0.0031493740,-0.0008552103,0.0010000000,0.0010000000,0.0040045843,basic,conservative,True,complete
0f6c05bff4831033,tgs_stable_v2_universe_lab,U15,43d5dd5aa6be3b0638b5af83976e61a214bd9c37,False,True,survivorship-biased exploratory evidence; not Formal Candidate,U15-8058T-0022,8058.T,Mitsubishi Corp.,Trading companies,2017-07-18,100,2017-07-19,795.0000000000,795.7950000000,716.2155000000,1034.5335000000,2017-10-13,857.0000000000,856.1430000000,max_holding,60,0.0779874214,0.0736840827,0.0010000000,0.0010000000,0.0043033387,basic,conservative,True,complete
0f6c05bff4831033,tgs_stable_v2_universe_lab,U15,43d5dd5aa6be3b0638b5af83976e61a214bd9c37,False,True,survivorship-biased exploratory evidence; not Formal Candidate,U15-5803T-0018,5803.T,Fujikura Ltd.,Nonferrous metals,2017-07-21,90,2017-07-24,165.0000000000,165.1650000000,148.6485000000,214.7145000000,2017-07-31,148.0000000000,147.8520000000,stop_gap,6,-0.1030303030,-0.1066110168,0.0010000000,0.0010000000,0.0035807138,basic,conservative,True,complete
0f6c05bff4831033,tgs_stable_v2_universe_lab,U15,43d5dd5aa6be3b0638b5af83976e61a214bd9c37,False,True,survivorship-biased exploratory evidence; not Formal Candidate,U15-6301T-0023,6301.T,Komatsu Ltd.,Machinery,2017-07-24,100,2017-07-25,2913.5000000000,2916.4135000000,2624.7721500000,3791.3375500000,2017-10-19,3508.0000000000,3504.4920000000,max_holding,60,0.2040501115,0.1992435291,0.0010000000,0.0010000000,0.0048065825,basic,conservative,True,complete
0f6c05bff4831033,tgs_stable_v2_universe_lab,U15,43d5dd5aa6be3b0638b5af83976e61a214bd9c37,False,True,survivorship-biased exploratory evidence; not Formal Candidate,U15-5801T-0019,5801.T,"The Furukawa Electric Co., Ltd.",Nonferrous metals,2017-08-04,100,2017-08-07,590.0000000000,590.5900000000,531.5310000000,767.7670000000,2017-11-01,710.0000000000,709.2900000000,max_holding,60,0.2033898305,0.1985858839,0.0010000000,0.0010000000,0.0048039466,basic,conservative,True,complete
0f6c05bff4831033,tgs_stable_v2_universe_lab,U15,43d5dd5aa6be3b0638b5af83976e61a214bd9c37,False,True,survivorship-biased exploratory evidence; not Formal Candidate,U15-8001T-0030,8001.T,Itochu Corp.,Trading companies,2017-08-04,90,2017-08-07,352.0000000000,352.3520000000,317.1168000000,458.0576000000,2017-11-01,401.7999877930,401.3981878052,max_holding,60,0.1414772380,0.1369204472,0.0010000000,0.0010000000,0.0045567908,basic,conservative,True,complete
0f6c05bff4831033,tgs_stable_v2_universe_lab,U15,43d5dd5aa6be3b0638b5af83976e61a214bd9c37,False,True,survivorship-biased exploratory evidence; not Formal Candidate,U15-6273T-0033,6273.T,SMC Corporation,Machinery,2017-08-08,90,2017-08-09,36500.0000000000,36536.5000000000,32882.8500000000,47497.4500000000,2017-11-06,44780.0000000000,44735.2200000000,max_holding,60,0.2268493151,0.2219517179,0.0010000000,0.0010000000,0.0048975972,basic,conservative,True,complete
0f6c05bff4831033,tgs_stable_v2_universe_lab,U15,43d5dd5aa6be3b0638b5af83976e61a214bd9c37,False,True,survivorship-biased exploratory evidence; not Formal Candidate,U15-8053T-0028,8053.T,Sumitomo Corp.,Trading companies,2017-08-14,100,2017-08-15,386.2500000000,386.6362500000,347.9726250000,502.6271250000,2017-11-09,443.7500000000,443.3062500000,max_holding,60,0.1488673139,0.1442810218,0.0010000000,0.0010000000,0.0045862921,basic,conservative,True,complete
0f6c05bff4831033,tgs_stable_v2_universe_lab,U15,43d5dd5aa6be3b0638b5af83976e61a214bd9c37,False,True,survivorship-biased exploratory evidence; not Formal Candidate,U15-5802T-0028,5802.T,"Sumitomo Electric Industries, Ltd.",Nonferrous metals,2017-09-29,100,2017-10-02,459.7500000000,460.2097500000,414.1887750000,598.2726750000,2017-12-27,476.6250000000,476.1483750000,max_holding,60,0.0367047308,0.0325661931,0.0010000000,0.0010000000,0.0041385377,basic,conservative,True,complete
0f6c05bff4831033,tgs_stable_v2_universe_lab,U15,43d5dd5aa6be3b0638b5af83976e61a214bd9c37,False,True,survivorship-biased exploratory evidence; not Formal Candidate,U15-8058T-0023,8058.T,Mitsubishi Corp.,Trading companies,2017-10-24,90,2017-10-25,889.6666870117,890.5563536987,801.5007183289,1157.7232598083,2018-01-24,1063.3333740234,1062.2700406494,max_holding,60,0.1952042147,0.1904329452,0.0010000000,0.0010000000,0.0047712695,basic,conservative,True,complete
0f6c05bff4831033,tgs_stable_v2_universe_lab,U15,43d5dd5aa6be3b0638b5af83976e61a214bd9c37,False,True,survivorship-biased exploratory evidence; not Formal Candidate,U15-8002T-0024,8002.T,Marubeni Corp.,Trading companies,2017-10-30,90,2017-10-31,761.0000000000,761.7610000000,685.5849000000,990.2893000000,2018-01-30,833.4000244141,832.5666243896,max_holding,60,0.0951380084,0.0907662044,0.0010000000,0.0010000000,0.0043718041,basic,conservative,True,complete
0f6c05bff4831033,tgs_stable_v2_universe_lab,U15,43d5dd5aa6be3b0638b5af83976e61a214bd9c37,False,True,survivorship-biased exploratory evidence; not Formal Candidate,U15-8031T-0030,8031.T,"Mitsui & Co., Ltd.",Trading companies,2017-10-30,90,2017-10-31,849.5000000000,850.3495000000,765.3145500000,1105.4543500000,2018-01-30,962.0000000000,961.0380000000,max_holding,60,0.1324308417,0.1279101642,0.0010000000,0.0010000000,0.0045206775,basic,conservative,True,complete
0f6c05bff4831033,tgs_stable_v2_universe_lab,U15,43d5dd5aa6be3b0638b5af83976e61a214bd9c37,False,True,survivorship-biased exploratory evidence; not Formal Candidate,U15-5801T-0020,5801.T,"The Furukawa Electric Co., Ltd.",Nonferrous metals,2017-11-09,90,2017-11-10,600.0000000000,600.6000000000,540.5400000000,780.7800000000,2017-12-14,540.5400000000,539.9994600000,stop_loss,24,-0.0991000000,-0.1026964036,0.0010000000,0.0010000000,0.0035964036,basic,conservative,True,complete
0f6c05bff4831033,tgs_stable_v2_universe_lab,U15,43d5dd5aa6be3b0638b5af83976e61a214bd9c37,False,True,survivorship-biased exploratory evidence; not Formal Candidate,U15-5803T-0019,5803.T,Fujikura Ltd.,Nonferrous metals,2017-11-10,100,2017-11-13,161.0000000000,161.1610000000,145.0449000000,209.5093000000,2018-02-06,144.5000000000,144.3555000000,stop_gap,57,-0.1024844720,-0.1060673648,0.0010000000,0.0010000000,0.0035828927,basic,conservative,True,complete
0f6c05bff4831033,tgs_stable_v2_universe_lab,U15,43d5dd5aa6be3b0638b5af83976e61a214bd9c37,False,True,survivorship-biased exploratory evidence; not Formal Candidate,U15-6301T-0024,6301.T,Komatsu Ltd.,Machinery,2017-11-16,90,2017-11-17,3650.0000000000,3653.6500000000,3288.2850000000,4749.7450000000,2018-02-16,3992.0000000000,3988.0080000000,max_holding,60,0.0936986301,0.0893325721,0.0010000000,0.0010000000,0.0043660580,basic,conservative,True,complete
0f6c05bff4831033,tgs_stable_v2_universe_lab,U15,43d5dd5aa6be3b0638b5af83976e61a214bd9c37,False,True,survivorship-biased exploratory evidence; not Formal Candidate,U15-8001T-0031,8001.T,Itochu Corp.,Trading companies,2017-11-17,90,2017-11-20,380.2000122070,380.5802122192,342.5221909973,494.7542758850,2018-02-19,414.2000122070,413.7858121948,max_holding,60,0.0894266147,0.0850776106,0.0010000000,0.0010000000,0.0043490041,basic,conservative,True,complete
0f6c05bff4831033,tgs_stable_v2_universe_lab,U15,43d5dd5aa6be3b0638b5af83976e61a214bd9c37,False,True,survivorship-biased exploratory evidence; not Formal Candidate,U15-6273T-0034,6273.T,SMC Corporation,Machinery,2017-11-28,90,2017-11-29,48000.0000000000,48048.0000000000,43243.2000000000,62462.4000000000,2018-02-14,43243.2000000000,43199.9568000000,stop_loss,51,-0.0991000000,-0.1026964036,0.0010000000,0.0010000000,0.0035964036,basic,conservative,True,complete
0f6c05bff4831033,tgs_stable_v2_universe_lab,U15,43d5dd5aa6be3b0638b5af83976e61a214bd9c37,False,True,survivorship-biased exploratory evidence; not Formal Candidate,U15-6367T-0025,6367.T,"Daikin Industries, Ltd.",Machinery,2017-12-08,90,2017-12-11,13165.0000000000,13178.1650000000,11860.3485000000,17131.6145000000,2018-02-06,11860.3485000000,11848.4881515000,stop_loss,38,-0.0991000000,-0.1026964036,0.0010000000,0.0010000000,0.0035964036,basic,conservative,True,complete
0f6c05bff4831033,tgs_stable_v2_universe_lab,U15,43d5dd5aa6be3b0638b5af83976e61a214bd9c37,False,True,survivorship-biased exploratory evidence; not Formal Candidate,U15-8015T-0024,8015.T,Toyota Tsusho Corp.,Trading companies,2017-12-08,90,2017-12-11,1441.6666259766,1443.1082926025,1298.7974633423,1876.0407803833,2018-02-14,1298.7974633423,1297.4986658789,stop_loss,43,-0.0991000000,-0.1026964036,0.0010000000,0.0010000000,0.0035964036,basic,conservative,True,complete
0f6c05bff4831033,tgs_stable_v2_universe_lab,U15,43d5dd5aa6be3b0638b5af83976e61a214bd9c37,False,True,survivorship-biased exploratory evidence; not Formal Candidate,U15-5802T-0029,5802.T,"Sumitomo Electric Industries, Ltd.",Nonferrous metals,2017-12-27,100,2017-12-28,477.2500000000,477.7272500000,429.9545250000,621.0454250000,2018-02-06,427.5000000000,427.0725000000,stop_gap,25,-0.1042430592,-0.1078189316,0.0010000000,0.0010000000,0.0035758724,basic,conservative,True,complete
0f6c05bff4831033,tgs_stable_v2_universe_lab,U15,43d5dd5aa6be3b0638b5af83976e61a214bd9c37,False,True,survivorship-biased exploratory evidence; not Formal Candidate,U15-8058T-0024,8058.T,Mitsubishi Corp.,Trading companies,2018-01-26,90,2018-01-29,1046.6666259766,1047.7132926025,942.9419633423,1362.0272803833,2018-03-23,942.9419633423,941.9990213789,stop_loss,38,-0.0991000000,-0.1026964036,0.0010000000,0.0010000000,0.0035964036,basic,conservative,True,complete
0f6c05bff4831033,tgs_stable_v2_universe_lab,U15,43d5dd5aa6be3b0638b5af83976e61a214bd9c37,False,True,survivorship-biased exploratory evidence; not Formal Candidate,U15-8053T-0029,8053.T,Sumitomo Corp.,Trading companies,2018-01-31,90,2018-02-01,474.7500000000,475.2247500000,427.7022750000,617.7921750000,2018-03-26,427.7022750000,427.2745727250,stop_loss,36,-0.0991000000,-0.1026964036,0.0010000000,0.0010000000,0.0035964036,basic,conservative,True,complete
0f6c05bff4831033,tgs_stable_v2_universe_lab,U15,43d5dd5aa6be3b0638b5af83976e61a214bd9c37,False,True,survivorship-biased exploratory evidence; not Formal Candidate,U15-8801T-0024,8801.T,"Mitsui Fudosan Co., Ltd.",Real estate,2018-01-31,90,2018-02-01,950.0000000000,950.9500000000,855.8550000000,1236.2350000000,2018-02-06,855.8550000000,854.9991450000,stop_loss,4,-0.0991000000,-0.1026964036,0.0010000000,0.0010000000,0.0035964036,basic,conservative,True,complete
0f6c05bff4831033,tgs_stable_v2_universe_lab,U15,43d5dd5aa6be3b0638b5af83976e61a214bd9c37,False,True,survivorship-biased exploratory evidence; not Formal Candidate,U15-8002T-0025,8002.T,Marubeni Corp.,Trading companies,2018-02-06,90,2018-02-07,835.9000244141,836.7359244385,753.0623319946,1087.7567017700,2018-03-23,753.0623319946,752.3092696626,stop_loss,31,-0.0991000000,-0.1026964036,0.0010000000,0.0010000000,0.0035964036,basic,conservative,True,complete
0f6c05bff4831033,tgs_stable_v2_universe_lab,U15,43d5dd5aa6be3b0638b5af83976e61a214bd9c37,False,True,survivorship-biased exploratory evidence; not Formal Candidate,U15-8031T-0031,8031.T,"Mitsui & Co., Ltd.",Trading companies,2018-02-06,90,2018-02-07,985.0000000000,985.9850000000,887.3865000000,1281.7805000000,2018-04-03,887.3865000000,886.4991135000,stop_loss,38,-0.0991000000,-0.1026964036,0.0010000000,0.0010000000,0.0035964036,basic,conservative,True,complete
0f6c05bff4831033,tgs_stable_v2_universe_lab,U15,43d5dd5aa6be3b0638b5af83976e61a214bd9c37,False,True,survivorship-biased exploratory evidence; not Formal Candidate,U15-8002T-0026,8002.T,Marubeni Corp.,Trading companies,2018-05-07,100,2018-05-08,813.2999877930,814.1132877808,732.7019590027,1058.3472741150,2018-07-31,850.7999877930,849.9491878052,max_holding,60,0.0461084478,0.0419323703,0.0010000000,0.0010000000,0.0041760775,basic,conservative,True,complete
0f6c05bff4831033,tgs_stable_v2_universe_lab,U15,43d5dd5aa6be3b0638b5af83976e61a214bd9c37,False,True,survivorship-biased exploratory evidence; not Formal Candidate,U15-8053T-0030,8053.T,Sumitomo Corp.,Trading companies,2018-05-07,100,2018-05-08,481.0000000000,481.4810000000,433.3329000000,625.9253000000,2018-07-31,458.7500000000,458.2912500000,max_holding,60,-0.0462577963,-0.0500651466,0.0010000000,0.0010000000,0.0038073503,basic,conservative,True,complete
0f6c05bff4831033,tgs_stable_v2_universe_lab,U15,43d5dd5aa6be3b0638b5af83976e61a214bd9c37,False,True,survivorship-biased exploratory evidence; not Formal Candidate,U15-5802T-0030,5802.T,"Sumitomo Electric Industries, Ltd.",Nonferrous metals,2018-05-11,100,2018-05-14,427.2500000000,427.6772500000,384.9095250000,555.9804250000,2018-08-06,452.5000000000,452.0475000000,max_holding,60,0.0590988882,0.0548709528,0.0010000000,0.0010000000,0.0042279355,basic,conservative,True,complete
0f6c05bff4831033,tgs_stable_v2_universe_lab,U15,43d5dd5aa6be3b0638b5af83976e61a214bd9c37,False,True,survivorship-biased exploratory evidence; not Formal Candidate,U15-8031T-0032,8031.T,"Mitsui & Co., Ltd.",Trading companies,2018-05-11,100,2018-05-14,977.5000000000,978.4775000000,880.6297500000,1272.0207500000,2018-08-06,923.7500000000,922.8262500000,max_holding,60,-0.0549872123,-0.0587597146,0.0010000000,0.0010000000,0.0037725024,basic,conservative,True,complete
0f6c05bff4831033,tgs_stable_v2_universe_lab,U15,43d5dd5aa6be3b0638b5af83976e61a214bd9c37,False,True,survivorship-biased exploratory evidence; not Formal Candidate,U15-6367T-0026,6367.T,"Daikin Industries, Ltd.",Machinery,2018-05-15,100,2018-05-16,13200.0000000000,13213.2000000000,11891.8800000000,17177.1600000000,2018-08-08,13415.0000000000,13401.5850000000,max_holding,60,0.0162878788,0.0122308454,0.0010000000,0.0010000000,0.0040570334,basic,conservative,True,complete
0f6c05bff4831033,tgs_stable_v2_universe_lab,U15,43d5dd5aa6be3b0638b5af83976e61a214bd9c37,False,True,survivorship-biased exploratory evidence; not Formal Candidate,U15-5803T-0020,5803.T,Fujikura Ltd.,Nonferrous metals,2018-05-21,100,2018-05-22,139.1666717529,139.3058384247,125.3752545822,181.0975899521,2018-05-25,125.3752545822,125.2498793276,stop_loss,4,-0.0991000000,-0.1026964036,0.0010000000,0.0010000000,0.0035964036,basic,conservative,True,complete
0f6c05bff4831033,tgs_stable_v2_universe_lab,U15,43d5dd5aa6be3b0638b5af83976e61a214bd9c37,False,True,survivorship-biased exploratory evidence; not Formal Candidate,U15-8015T-0025,8015.T,Toyota Tsusho Corp.,Trading companies,2018-05-21,100,2018-05-22,1390.0000000000,1391.3900000000,1252.2510000000,1808.8070000000,2018-05-29,1252.2510000000,1250.9987490000,stop_loss,6,-0.0991000000,-0.1026964036,0.0010000000,0.0010000000,0.0035964036,basic,conservative,True,complete
0f6c05bff4831033,tgs_stable_v2_universe_lab,U15,43d5dd5aa6be3b0638b5af83976e61a214bd9c37,False,True,survivorship-biased exploratory evidence; not Formal Candidate,U15-8058T-0025,8058.T,Mitsubishi Corp.,Trading companies,2018-05-31,90,2018-06-01,999.3333129883,1000.3326463013,900.2993816711,1300.4324401917,2018-08-24,1038.6666259766,1037.6279593506,max_holding,60,0.0393595535,0.0352104177,0.0010000000,0.0010000000,0.0041491358,basic,conservative,True,complete
0f6c05bff4831033,tgs_stable_v2_universe_lab,U15,43d5dd5aa6be3b0638b5af83976e61a214bd9c37,False,True,survivorship-biased exploratory evidence; not Formal Candidate,U15-8015T-0026,8015.T,Toyota Tsusho Corp.,Trading companies,2018-06-08,120,2018-06-11,1330.0000000000,1331.3300000000,1198.1970000000,1730.7290000000,2018-07-03,1198.1970000000,1196.9988030000,stop_loss,17,-0.0991000000,-0.1026964036,0.0010000000,0.0010000000,0.0035964036,basic,conservative,True,complete
0f6c05bff4831033,tgs_stable_v2_universe_lab,U15,43d5dd5aa6be3b0638b5af83976e61a214bd9c37,False,True,survivorship-biased exploratory evidence; not Formal Candidate,U15-5803T-0021,5803.T,Fujikura Ltd.,Nonferrous metals,2018-07-27,100,2018-07-30,120.1666641235,120.2868307877,108.2581477089,156.3728800240,2018-08-13,108.2581477089,108.1498895612,stop_loss,11,-0.0991000000,-0.1026964036,0.0010000000,0.0010000000,0.0035964036,basic,conservative,True,complete
0f6c05bff4831033,tgs_stable_v2_universe_lab,U15,43d5dd5aa6be3b0638b5af83976e61a214bd9c37,False,True,survivorship-biased exploratory evidence; not Formal Candidate,U15-8002T-0027,8002.T,Marubeni Corp.,Trading companies,2018-08-03,100,2018-08-06,903.5999755859,904.5035755615,814.0532180054,1175.8546482300,2018-10-31,916.2999877930,915.3836878052,max_holding,60,0.0140549054,0.0100067861,0.0010000000,0.0010000000,0.0040481193,basic,conservative,True,complete
0f6c05bff4831033,tgs_stable_v2_universe_lab,U15,43d5dd5aa6be3b0638b5af83976e61a214bd9c37,False,True,survivorship-biased exploratory evidence; not Formal Candidate,U15-6367T-0027,6367.T,"Daikin Industries, Ltd.",Machinery,2018-08-08,90,2018-08-09,13475.0000000000,13488.4750000000,12139.6275000000,17535.0175000000,2018-11-05,13130.0000000000,13116.8700000000,max_holding,60,-0.0256029685,-0.0294927731,0.0010000000,0.0010000000,0.0038898046,basic,conservative,True,complete
0f6c05bff4831033,tgs_stable_v2_universe_lab,U15,43d5dd5aa6be3b0638b5af83976e61a214bd9c37,False,True,survivorship-biased exploratory evidence; not Formal Candidate,U15-5801T-0021,5801.T,"The Furukawa Electric Co., Ltd.",Nonferrous metals,2018-08-31,120,2018-09-03,376.5000000000,376.8765000000,339.1888500000,489.9394500000,2018-10-11,330.0000000000,329.6700000000,stop_gap,26,-0.1235059761,-0.1270049507,0.0010000000,0.0010000000,0.0034989746,basic,conservative,True,complete
0f6c05bff4831033,tgs_stable_v2_universe_lab,U15,43d5dd5aa6be3b0638b5af83976e61a214bd9c37,False,True,survivorship-biased exploratory evidence; not Formal Candidate,U15-5802T-0031,5802.T,"Sumitomo Electric Industries, Ltd.",Nonferrous metals,2018-08-31,90,2018-09-03,438.3750000000,438.8133750000,394.9320375000,570.4573875000,2018-10-12,394.9320375000,394.5371054625,stop_loss,27,-0.0991000000,-0.1026964036,0.0010000000,0.0010000000,0.0035964036,basic,conservative,True,complete
0f6c05bff4831033,tgs_stable_v2_universe_lab,U15,43d5dd5aa6be3b0638b5af83976e61a214bd9c37,False,True,survivorship-biased exploratory evidence; not Formal Candidate,U15-8015T-0027,8015.T,Toyota Tsusho Corp.,Trading companies,2018-09-14,120,2018-09-18,1293.3333740234,1294.6267073975,1165.1640366577,1683.0147196167,2018-12-13,1228.3333740234,1227.1050406494,max_holding,60,-0.0502577304,-0.0540491129,0.0010000000,0.0010000000,0.0037913825,basic,conservative,True,complete
0f6c05bff4831033,tgs_stable_v2_universe_lab,U15,43d5dd5aa6be3b0638b5af83976e61a214bd9c37,False,True,survivorship-biased exploratory evidence; not Formal Candidate,U15-6301T-0025,6301.T,Komatsu Ltd.,Machinery,2018-09-21,100,2018-09-25,3480.0000000000,3483.4800000000,3135.1320000000,4528.5240000000,2018-10-19,3073.0000000000,3069.9270000000,stop_gap,18,-0.1169540230,-0.1204791531,0.0010000000,0.0010000000,0.0035251301,basic,conservative,True,complete
0f6c05bff4831033,tgs_stable_v2_universe_lab,U15,43d5dd5aa6be3b0638b5af83976e61a214bd9c37,False,True,survivorship-biased exploratory evidence; not Formal Candidate,U15-8001T-0032,8001.T,Itochu Corp.,Trading companies,2018-09-21,100,2018-09-25,425.6000061035,426.0256061096,383.4230454987,553.8332879425,2018-12-19,393.3999938965,393.0065939026,max_holding,60,-0.0756579223,-0.0793479070,0.0010000000,0.0010000000,0.0036899847,basic,conservative,True,complete
0f6c05bff4831033,tgs_stable_v2_universe_lab,U15,43d5dd5aa6be3b0638b5af83976e61a214bd9c37,False,True,survivorship-biased exploratory evidence; not Formal Candidate,U15-8031T-0033,8031.T,"Mitsui & Co., Ltd.",Trading companies,2018-09-21,100,2018-09-25,1010.0000000000,1011.0100000000,909.9090000000,1314.3130000000,2018-11-14,909.9090000000,908.9990910000,stop_loss,36,-0.0991000000,-0.1026964036,0.0010000000,0.0010000000,0.0035964036,basic,conservative,True,complete
0f6c05bff4831033,tgs_stable_v2_universe_lab,U15,43d5dd5aa6be3b0638b5af83976e61a214bd9c37,False,True,survivorship-biased exploratory evidence; not Formal Candidate,U15-8058T-0026,8058.T,Mitsubishi Corp.,Trading companies,2018-09-21,100,2018-09-25,1183.3333740234,1184.5167073975,1066.0650366577,1539.8717196167,2018-10-25,1066.0650366577,1064.9989716211,stop_loss,22,-0.0991000000,-0.1026964036,0.0010000000,0.0010000000,0.0035964036,basic,conservative,True,complete
0f6c05bff4831033,tgs_stable_v2_universe_lab,U15,43d5dd5aa6be3b0638b5af83976e61a214bd9c37,False,True,survivorship-biased exploratory evidence; not Formal Candidate,U15-8053T-0031,8053.T,Sumitomo Corp.,Trading companies,2018-09-28,100,2018-10-01,475.0000000000,475.4750000000,427.9275000000,618.1175000000,2018-10-24,427.9275000000,427.4995725000,stop_loss,17,-0.0991000000,-0.1026964036,0.0010000000,0.0010000000,0.0035964036,basic,conservative,True,complete
0f6c05bff4831033,tgs_stable_v2_universe_lab,U15,43d5dd5aa6be3b0638b5af83976e61a214bd9c37,False,True,survivorship-biased exploratory evidence; not Formal Candidate,U15-8801T-0025,8801.T,"Mitsui Fudosan Co., Ltd.",Real estate,2018-09-28,90,2018-10-01,896.3333129883,897.2296463013,807.5066816711,1166.3985401917,2018-12-25,807.5066816711,806.6991749895,stop_loss,59,-0.0991000000,-0.1026964036,0.0010000000,0.0010000000,0.0035964036,basic,conservative,True,complete
0f6c05bff4831033,tgs_stable_v2_universe_lab,U15,43d5dd5aa6be3b0638b5af83976e61a214bd9c37,False,True,survivorship-biased exploratory evidence; not Formal Candidate,U15-6273T-0035,6273.T,SMC Corporation,Machinery,2018-10-05,100,2018-10-09,35340.0000000000,35375.3400000000,31837.8060000000,45987.9420000000,2018-10-11,31837.8060000000,31805.9681940000,stop_loss,3,-0.0991000000,-0.1026964036,0.0010000000,0.0010000000,0.0035964036,basic,conservative,True,complete
0f6c05bff4831033,tgs_stable_v2_universe_lab,U15,43d5dd5aa6be3b0638b5af83976e61a214bd9c37,False,True,survivorship-biased exploratory evidence; not Formal Candidate,U15-6273T-0036,6273.T,SMC Corporation,Machinery,2018-11-02,100,2018-11-05,38150.0000000000,38188.1500000000,34369.3350000000,49644.5950000000,2018-12-11,34369.3350000000,34334.9656650000,stop_loss,26,-0.0991000000,-0.1026964036,0.0010000000,0.0010000000,0.0035964036,basic,conservative,True,complete
0f6c05bff4831033,tgs_stable_v2_universe_lab,U15,43d5dd5aa6be3b0638b5af83976e61a214bd9c37,False,True,survivorship-biased exploratory evidence; not Formal Candidate,U15-6273T-0037,6273.T,SMC Corporation,Machinery,2019-01-18,100,2019-01-21,36210.0000000000,36246.2100000000,32621.5890000000,47120.0730000000,2019-04-16,45570.0000000000,45524.4300000000,max_holding,60,0.2584921292,0.2534682136,0.0010000000,0.0010000000,0.0050239157,basic,conservative,True,complete
0f6c05bff4831033,tgs_stable_v2_universe_lab,U15,43d5dd5aa6be3b0638b5af83976e61a214bd9c37,False,True,survivorship-biased exploratory evidence; not Formal Candidate,U15-6301T-0026,6301.T,Komatsu Ltd.,Machinery,2019-01-25,100,2019-01-28,2870.0000000000,2872.8700000000,2585.5830000000,3734.7310000000,2019-02-08,2585.5830000000,2582.9974170000,stop_loss,10,-0.0991000000,-0.1026964036,0.0010000000,0.0010000000,0.0035964036,basic,conservative,True,complete
0f6c05bff4831033,tgs_stable_v2_universe_lab,U15,43d5dd5aa6be3b0638b5af83976e61a214bd9c37,False,True,survivorship-biased exploratory evidence; not Formal Candidate,U15-8001T-0033,8001.T,Itochu Corp.,Trading companies,2019-02-15,100,2019-02-18,404.0000000000,404.4040000000,363.9636000000,525.7252000000,2019-05-21,405.2000122070,404.7948121948,max_holding,60,0.0029703272,-0.0010335423,0.0010000000,0.0010000000,0.0040038696,basic,conservative,True,complete
0f6c05bff4831033,tgs_stable_v2_universe_lab,U15,43d5dd5aa6be3b0638b5af83976e61a214bd9c37,False,True,survivorship-biased exploratory evidence; not Formal Candidate,U15-8031T-0034,8031.T,"Mitsui & Co., Ltd.",Trading companies,2019-02-22,100,2019-02-25,894.0000000000,894.8940000000,805.4046000000,1163.3622000000,2019-05-14,805.4046000000,804.5991954000,stop_loss,50,-0.0991000000,-0.1026964036,0.0010000000,0.0010000000,0.0035964036,basic,conservative,True,complete
0f6c05bff4831033,tgs_stable_v2_universe_lab,U15,43d5dd5aa6be3b0638b5af83976e61a214bd9c37,False,True,survivorship-biased exploratory evidence; not Formal Candidate,U15-8053T-0032,8053.T,Sumitomo Corp.,Trading companies,2019-02-22,100,2019-02-25,408.7500000000,409.1587500000,368.2428750000,531.9063750000,2019-05-28,394.5000000000,394.1055000000,max_holding,60,-0.0348623853,-0.0387152262,0.0010000000,0.0010000000,0.0038528409,basic,conservative,True,complete
0f6c05bff4831033,tgs_stable_v2_universe_lab,U15,43d5dd5aa6be3b0638b5af83976e61a214bd9c37,False,True,survivorship-biased exploratory evidence; not Formal Candidate,U15-8058T-0027,8058.T,Mitsubishi Corp.,Trading companies,2019-02-22,120,2019-02-25,1073.3333740234,1074.4067073975,966.9660366577,1396.7287196167,2019-05-09,966.9660366577,965.9990706211,stop_loss,47,-0.0991000000,-0.1026964036,0.0010000000,0.0010000000,0.0035964036,basic,conservative,True,complete
0f6c05bff4831033,tgs_stable_v2_universe_lab,U15,43d5dd5aa6be3b0638b5af83976e61a214bd9c37,False,True,survivorship-biased exploratory evidence; not Formal Candidate,U15-6367T-0028,6367.T,"Daikin Industries, Ltd.",Machinery,2019-03-01,100,2019-03-04,12525.0000000000,12537.5250000000,11283.7725000000,16298.7825000000,2019-06-04,12885.0000000000,12872.1150000000,max_holding,60,0.0287425150,0.0246357625,0.0010000000,0.0010000000,0.0041067524,basic,conservative,True,complete
0f6c05bff4831033,tgs_stable_v2_universe_lab,U15,43d5dd5aa6be3b0638b5af83976e61a214bd9c37,False,True,survivorship-biased exploratory evidence; not Formal Candidate,U15-8015T-0028,8015.T,Toyota Tsusho Corp.,Trading companies,2019-03-01,100,2019-03-04,1201.6666259766,1202.8682926025,1082.5814633423,1563.7287803833,2019-05-14,1080.0000000000,1078.9200000000,stop_gap,45,-0.1012482359,-0.1048360637,0.0010000000,0.0010000000,0.0035878278,basic,conservative,True,complete
0f6c05bff4831033,tgs_stable_v2_universe_lab,U15,43d5dd5aa6be3b0638b5af83976e61a214bd9c37,False,True,survivorship-biased exploratory evidence; not Formal Candidate,U15-8002T-0028,8002.T,Marubeni Corp.,Trading companies,2019-04-05,100,2019-04-08,808.0000000000,808.8080000000,727.9272000000,1051.4504000000,2019-05-09,727.9272000000,727.1992728000,stop_loss,18,-0.0991000000,-0.1026964036,0.0010000000,0.0010000000,0.0035964036,basic,conservative,True,complete
0f6c05bff4831033,tgs_stable_v2_universe_lab,U15,43d5dd5aa6be3b0638b5af83976e61a214bd9c37,False,True,survivorship-biased exploratory evidence; not Formal Candidate,U15-6301T-0027,6301.T,Komatsu Ltd.,Machinery,2019-04-15,90,2019-04-16,2790.0000000000,2792.7900000000,2513.5110000000,3630.6270000000,2019-05-08,2500.0000000000,2497.5000000000,stop_gap,11,-0.1039426523,-0.1075197240,0.0010000000,0.0010000000,0.0035770717,basic,conservative,True,complete
0f6c05bff4831033,tgs_stable_v2_universe_lab,U15,43d5dd5aa6be3b0638b5af83976e61a214bd9c37,False,True,survivorship-biased exploratory evidence; not Formal Candidate,U15-6273T-0038,6273.T,SMC Corporation,Machinery,2019-05-07,90,2019-05-08,41010.0000000000,41051.0100000000,36945.9090000000,53366.3130000000,2019-05-21,36630.0000000000,36593.3700000000,stop_gap,10,-0.1068032187,-0.1103688710,0.0010000000,0.0010000000,0.0035656523,basic,conservative,True,complete
0f6c05bff4831033,tgs_stable_v2_universe_lab,U15,43d5dd5aa6be3b0638b5af83976e61a214bd9c37,False,True,survivorship-biased exploratory evidence; not Formal Candidate,U15-7011T-0020,7011.T,"Mitsubishi Heavy Industries, Ltd.",Machinery,2019-05-09,90,2019-05-10,462.6000061035,463.0626061096,416.7563454987,601.9813879425,2019-08-02,434.7000122070,434.2653121948,max_holding,60,-0.0603112701,-0.0640625187,0.0010000000,0.0010000000,0.0037512487,basic,conservative,True,complete
0f6c05bff4831033,tgs_stable_v2_universe_lab,U15,43d5dd5aa6be3b0638b5af83976e61a214bd9c37,False,True,survivorship-biased exploratory evidence; not Formal Candidate,U15-8001T-0034,8001.T,Itochu Corp.,Trading companies,2019-05-21,100,2019-05-22,403.5000000000,403.9035000000,363.5131500000,525.0745500000,2019-08-15,408.1000061035,407.6919060974,max_holding,60,0.0114002630,0.0073627410,0.0010000000,0.0010000000,0.0040375220,basic,conservative,True,complete
0f6c05bff4831033,tgs_stable_v2_universe_lab,U15,43d5dd5aa6be3b0638b5af83976e61a214bd9c37,False,True,survivorship-biased exploratory evidence; not Formal Candidate,U15-8053T-0033,8053.T,Sumitomo Corp.,Trading companies,2019-05-28,90,2019-05-29,391.6250000000,392.0166250000,352.8149625000,509.6216125000,2019-08-22,392.2500000000,391.8577500000,max_holding,60,0.0015959145,-0.0024024684,0.0010000000,0.0010000000,0.0039983829,basic,conservative,True,complete
0f6c05bff4831033,tgs_stable_v2_universe_lab,U15,43d5dd5aa6be3b0638b5af83976e61a214bd9c37,False,True,survivorship-biased exploratory evidence; not Formal Candidate,U15-8802T-0030,8802.T,"Mitsubishi Estate Co., Ltd.",Real estate,2019-05-29,90,2019-05-30,2041.5000000000,2043.5415000000,1839.1873500000,2656.6039500000,2019-08-23,2018.0000000000,2015.9820000000,max_holding,60,-0.0115111438,-0.0154572031,0.0010000000,0.0010000000,0.0039460594,basic,conservative,True,complete
0f6c05bff4831033,tgs_stable_v2_universe_lab,U15,43d5dd5aa6be3b0638b5af83976e61a214bd9c37,False,True,survivorship-biased exploratory evidence; not Formal Candidate,U15-8801T-0026,8801.T,"Mitsui Fudosan Co., Ltd.",Real estate,2019-06-07,100,2019-06-10,912.1666870117,913.0788536987,821.7709683289,1187.0025098083,2019-08-01,821.7709683289,820.9491973605,stop_loss,38,-0.0991000000,-0.1026964036,0.0010000000,0.0010000000,0.0035964036,basic,conservative,True,complete
0f6c05bff4831033,tgs_stable_v2_universe_lab,U15,43d5dd5aa6be3b0638b5af83976e61a214bd9c37,False,True,survivorship-biased exploratory evidence; not Formal Candidate,U15-8031T-0035,8031.T,"Mitsui & Co., Ltd.",Trading companies,2019-06-14,100,2019-06-17,867.7500000000,868.6177500000,781.7559750000,1129.2030750000,2019-09-10,894.0000000000,893.1060000000,max_holding,60,0.0302506482,0.0261378753,0.0010000000,0.0010000000,0.0041127729,basic,conservative,True,complete
0f6c05bff4831033,tgs_stable_v2_universe_lab,U15,43d5dd5aa6be3b0638b5af83976e61a214bd9c37,False,True,survivorship-biased exploratory evidence; not Formal Candidate,U15-6367T-0029,6367.T,"Daikin Industries, Ltd.",Machinery,2019-06-21,90,2019-06-24,13875.0000000000,13888.8750000000,12499.9875000000,18055.5375000000,2019-09-18,14405.0000000000,14390.5950000000,max_holding,60,0.0381981982,0.0340536985,0.0010000000,0.0010000000,0.0041444996,basic,conservative,True,complete
0f6c05bff4831033,tgs_stable_v2_universe_lab,U15,43d5dd5aa6be3b0638b5af83976e61a214bd9c37,False,True,survivorship-biased exploratory evidence; not Formal Candidate,U15-8002T-0029,8002.T,Marubeni Corp.,Trading companies,2019-07-05,100,2019-07-08,736.2000122070,736.9362122192,663.2425909973,958.0170758850,2019-08-06,654.0000000000,653.3460000000,stop_gap,21,-0.1116544565,-0.1152007425,0.0010000000,0.0010000000,0.0035462861,basic,conservative,True,complete
0f6c05bff4831033,tgs_stable_v2_universe_lab,U15,43d5dd5aa6be3b0638b5af83976e61a214bd9c37,False,True,survivorship-biased exploratory evidence; not Formal Candidate,U15-8015T-0029,8015.T,Toyota Tsusho Corp.,Trading companies,2019-07-12,100,2019-07-16,1125.0000000000,1126.1250000000,1013.5125000000,1463.9625000000,2019-10-10,1135.0000000000,1133.8650000000,max_holding,60,0.0088888889,0.0048613924,0.0010000000,0.0010000000,0.0040274965,basic,conservative,True,complete
0f6c05bff4831033,tgs_stable_v2_universe_lab,U15,43d5dd5aa6be3b0638b5af83976e61a214bd9c37,False,True,survivorship-biased exploratory evidence; not Formal Candidate,U15-8058T-0028,8058.T,Mitsubishi Corp.,Trading companies,2019-07-19,100,2019-07-22,976.3333129883,977.3096463013,879.5786816711,1270.5025401917,2019-08-06,868.0000000000,867.1320000000,stop_gap,12,-0.1109593533,-0.1145084142,0.0010000000,0.0010000000,0.0035490609,basic,conservative,True,complete
0f6c05bff4831033,tgs_stable_v2_universe_lab,U15,43d5dd5aa6be3b0638b5af83976e61a214bd9c37,False,True,survivorship-biased exploratory evidence; not Formal Candidate,U15-8001T-0035,8001.T,Itochu Corp.,Trading companies,2019-08-30,90,2019-09-02,422.0000000000,422.4220000000,380.1798000000,549.1486000000,2019-11-29,477.6000061035,477.1224060974,max_holding,60,0.1317535690,0.1272355952,0.0010000000,0.0010000000,0.0045179738,basic,conservative,True,complete
0f6c05bff4831033,tgs_stable_v2_universe_lab,U15,43d5dd5aa6be3b0638b5af83976e61a214bd9c37,False,True,survivorship-biased exploratory evidence; not Formal Candidate,U15-6273T-0039,6273.T,SMC Corporation,Machinery,2019-09-06,100,2019-09-09,42200.0000000000,42242.2000000000,38017.9800000000,54914.8600000000,2019-12-06,50000.0000000000,49950.0000000000,max_holding,60,0.1848341232,0.1801042512,0.0010000000,0.0010000000,0.0047298720,basic,conservative,True,complete
0f6c05bff4831033,tgs_stable_v2_universe_lab,U15,43d5dd5aa6be3b0638b5af83976e61a214bd9c37,False,True,survivorship-biased exploratory evidence; not Formal Candidate,U15-8053T-0034,8053.T,Sumitomo Corp.,Trading companies,2019-09-11,100,2019-09-12,439.5000000000,439.9395000000,395.9455500000,571.9213500000,2019-12-11,413.0000000000,412.5870000000,max_holding,60,-0.0602957907,-0.0640471011,0.0010000000,0.0010000000,0.0037513105,basic,conservative,True,complete
0f6c05bff4831033,tgs_stable_v2_universe_lab,U15,43d5dd5aa6be3b0638b5af83976e61a214bd9c37,False,True,survivorship-biased exploratory evidence; not Formal Candidate,U15-8031T-0036,8031.T,"Mitsui & Co., Ltd.",Trading companies,2019-09-13,100,2019-09-17,932.5000000000,933.4325000000,840.0892500000,1213.4622500000,2019-12-13,992.5000000000,991.5075000000,max_holding,60,0.0643431635,0.0600942929,0.0010000000,0.0010000000,0.0042488707,basic,conservative,True,complete
0f6c05bff4831033,tgs_stable_v2_universe_lab,U15,43d5dd5aa6be3b0638b5af83976e61a214bd9c37,False,True,survivorship-biased exploratory evidence; not Formal Candidate,U15-8801T-0027,8801.T,"Mitsui Fudosan Co., Ltd.",Real estate,2019-09-13,90,2019-09-17,868.6666870117,869.5353536987,782.5818183289,1130.3959598083,2019-12-13,904.6666870117,903.7620203247,max_holding,60,0.0414428233,0.0372853710,0.0010000000,0.0010000000,0.0041574522,basic,conservative,True,complete
0f6c05bff4831033,tgs_stable_v2_universe_lab,U15,43d5dd5aa6be3b0638b5af83976e61a214bd9c37,False,True,survivorship-biased exploratory evidence; not Formal Candidate,U15-5803T-0022,5803.T,Fujikura Ltd.,Nonferrous metals,2019-09-18,90,2019-09-19,66.5000000000,66.5665000000,59.9098500000,86.5364500000,2019-12-17,79.5000000000,79.4205000000,max_holding,60,0.1954887218,0.1907163165,0.0010000000,0.0010000000,0.0047724053,basic,conservative,True,complete
0f6c05bff4831033,tgs_stable_v2_universe_lab,U15,43d5dd5aa6be3b0638b5af83976e61a214bd9c37,False,True,survivorship-biased exploratory evidence; not Formal Candidate,U15-6367T-0030,6367.T,"Daikin Industries, Ltd.",Machinery,2019-09-20,100,2019-09-24,14415.0000000000,14429.4150000000,12986.4735000000,18758.2395000000,2019-12-19,15560.0000000000,15544.4400000000,max_holding,60,0.0794311481,0.0751220460,0.0010000000,0.0010000000,0.0043091021,basic,conservative,True,complete
0f6c05bff4831033,tgs_stable_v2_universe_lab,U15,43d5dd5aa6be3b0638b5af83976e61a214bd9c37,False,True,survivorship-biased exploratory evidence; not Formal Candidate,U15-8802T-0031,8802.T,"Mitsubishi Estate Co., Ltd.",Real estate,2019-09-20,120,2019-09-24,2101.0000000000,2103.1010000000,1892.7909000000,2734.0313000000,2019-12-19,2117.5000000000,2115.3825000000,max_holding,60,0.0078534031,0.0038300403,0.0010000000,0.0010000000,0.0040233629,basic,conservative,True,complete
0f6c05bff4831033,tgs_stable_v2_universe_lab,U15,43d5dd5aa6be3b0638b5af83976e61a214bd9c37,False,True,survivorship-biased exploratory evidence; not Formal Candidate,U15-8058T-0029,8058.T,Mitsubishi Corp.,Trading companies,2019-10-11,100,2019-10-15,900.0000000000,900.9000000000,810.8100000000,1171.1700000000,2020-01-15,959.6666870117,958.7070203247,max_holding,60,0.0662963189,0.0620396512,0.0010000000,0.0010000000,0.0042566677,basic,conservative,True,complete
0f6c05bff4831033,tgs_stable_v2_universe_lab,U15,43d5dd5aa6be3b0638b5af83976e61a214bd9c37,False,True,survivorship-biased exploratory evidence; not Formal Candidate,U15-7011T-0021,7011.T,"Mitsubishi Heavy Industries, Ltd.",Machinery,2019-10-25,100,2019-10-28,445.0000000000,445.4450000000,400.9005000000,579.0785000000,2020-01-27,410.7999877930,410.3891878052,max_holding,60,-0.0768539600,-0.0805391701,0.0010000000,0.0010000000,0.0036852101,basic,conservative,True,complete
0f6c05bff4831033,tgs_stable_v2_universe_lab,U15,43d5dd5aa6be3b0638b5af83976e61a214bd9c37,False,True,survivorship-biased exploratory evidence; not Formal Candidate,U15-8031T-0037,8031.T,"Mitsui & Co., Ltd.",Trading companies,2019-12-13,90,2019-12-16,989.7500000000,990.7397500000,891.6657750000,1287.9616750000,2020-02-28,891.6657750000,890.7741092250,stop_loss,48,-0.0991000000,-0.1026964036,0.0010000000,0.0010000000,0.0035964036,basic,conservative,True,complete
0f6c05bff4831033,tgs_stable_v2_universe_lab,U15,43d5dd5aa6be3b0638b5af83976e61a214bd9c37,False,True,survivorship-biased exploratory evidence; not Formal Candidate,U15-8002T-0030,8002.T,Marubeni Corp.,Trading companies,2019-12-20,90,2019-12-23,816.9000244141,817.7169244385,735.9452319946,1063.0320017700,2020-02-28,720.2000122070,719.4798121948,stop_gap,43,-0.1183743534,-0.1218938136,0.0010000000,0.0010000000,0.0035194601,basic,conservative,True,complete
0f6c05bff4831033,tgs_stable_v2_universe_lab,U15,43d5dd5aa6be3b0638b5af83976e61a214bd9c37,False,True,survivorship-biased exploratory evidence; not Formal Candidate,U15-8802T-0032,8802.T,"Mitsubishi Estate Co., Ltd.",Real estate,2019-12-27,100,2019-12-30,2123.0000000000,2125.1230000000,1912.6107000000,2762.6599000000,2020-02-28,1899.0000000000,1897.1010000000,stop_gap,38,-0.1055110692,-0.1090818798,0.0010000000,0.0010000000,0.0035708105,basic,conservative,True,complete
0f6c05bff4831033,tgs_stable_v2_universe_lab,U15,43d5dd5aa6be3b0638b5af83976e61a214bd9c37,False,True,survivorship-biased exploratory evidence; not Formal Candidate,U15-6367T-0031,6367.T,"Daikin Industries, Ltd.",Machinery,2020-01-08,90,2020-01-09,15450.0000000000,15465.4500000000,13918.9050000000,20105.0850000000,2020-03-06,13918.9050000000,13904.9860950000,stop_loss,39,-0.0991000000,-0.1026964036,0.0010000000,0.0010000000,0.0035964036,basic,conservative,True,complete
0f6c05bff4831033,tgs_stable_v2_universe_lab,U15,43d5dd5aa6be3b0638b5af83976e61a214bd9c37,False,True,survivorship-biased exploratory evidence; not Formal Candidate,U15-6273T-0040,6273.T,SMC Corporation,Machinery,2020-01-09,90,2020-01-10,52020.0000000000,52072.0200000000,46864.8180000000,67693.6260000000,2020-02-03,46690.0000000000,46643.3100000000,stop_gap,16,-0.1024605921,-0.1060435802,0.0010000000,0.0010000000,0.0035829881,basic,conservative,True,complete
0f6c05bff4831033,tgs_stable_v2_universe_lab,U15,43d5dd5aa6be3b0638b5af83976e61a214bd9c37,False,True,survivorship-biased exploratory evidence; not Formal Candidate,U15-8015T-0030,8015.T,Toyota Tsusho Corp.,Trading companies,2020-01-17,90,2020-01-20,1290.0000000000,1291.2900000000,1162.1610000000,1678.6770000000,2020-02-25,1143.3333740234,1142.1900406494,stop_gap,25,-0.1136950589,-0.1172331988,0.0010000000,0.0010000000,0.0035381399,basic,conservative,True,complete
0f6c05bff4831033,tgs_stable_v2_universe_lab,U15,43d5dd5aa6be3b0638b5af83976e61a214bd9c37,False,True,survivorship-biased exploratory evidence; not Formal Candidate,U15-8801T-0028,8801.T,"Mitsui Fudosan Co., Ltd.",Real estate,2020-01-24,100,2020-01-27,919.8333129883,920.7531463013,828.6778316711,1196.9790901917,2020-02-28,828.6778316711,827.8491538395,stop_loss,23,-0.0991000000,-0.1026964036,0.0010000000,0.0010000000,0.0035964036,basic,conservative,True,complete
0f6c05bff4831033,tgs_stable_v2_universe_lab,U15,43d5dd5aa6be3b0638b5af83976e61a214bd9c37,False,True,survivorship-biased exploratory evidence; not Formal Candidate,U15-8001T-0036,8001.T,Itochu Corp.,Trading companies,2020-02-05,90,2020-02-06,525.7000122070,526.2257122192,473.6031409973,684.0934258850,2020-03-06,473.6031409973,473.1295378563,stop_loss,20,-0.0991000000,-0.1026964036,0.0010000000,0.0010000000,0.0035964036,basic,conservative,True,complete
0f6c05bff4831033,tgs_stable_v2_universe_lab,U15,43d5dd5aa6be3b0638b5af83976e61a214bd9c37,False,True,survivorship-biased exploratory evidence; not Formal Candidate,U15-8058T-0030,8058.T,Mitsubishi Corp.,Trading companies,2020-02-05,90,2020-02-06,967.3333129883,968.3006463013,871.4705816711,1258.7908401917,2020-03-06,871.4705816711,870.5991110895,stop_loss,20,-0.0991000000,-0.1026964036,0.0010000000,0.0010000000,0.0035964036,basic,conservative,True,complete
0f6c05bff4831033,tgs_stable_v2_universe_lab,U15,43d5dd5aa6be3b0638b5af83976e61a214bd9c37,False,True,survivorship-biased exploratory evidence; not Formal Candidate,U15-8053T-0035,8053.T,Sumitomo Corp.,Trading companies,2020-02-07,120,2020-02-10,421.5000000000,421.9215000000,379.7293500000,548.4979500000,2020-03-02,377.7500000000,377.3722500000,stop_gap,14,-0.1037959668,-0.1073736240,0.0010000000,0.0010000000,0.0035776572,basic,conservative,True,complete
0f6c05bff4831033,tgs_stable_v2_universe_lab,U15,43d5dd5aa6be3b0638b5af83976e61a214bd9c37,False,True,survivorship-biased exploratory evidence; not Formal Candidate,U15-6273T-0041,6273.T,SMC Corporation,Machinery,2020-05-01,100,2020-05-07,48770.0000000000,48818.7700000000,43936.8930000000,63464.4010000000,2020-07-31,55070.0000000000,55014.9300000000,max_holding,60,0.1291777732,0.1246700820,0.0010000000,0.0010000000,0.0045076912,basic,conservative,True,complete
0f6c05bff4831033,tgs_stable_v2_universe_lab,U15,43d5dd5aa6be3b0638b5af83976e61a214bd9c37,False,True,survivorship-biased exploratory evidence; not Formal Candidate,U15-6367T-0032,6367.T,"Daikin Industries, Ltd.",Machinery,2020-05-22,100,2020-05-25,15085.0000000000,15100.0850000000,13590.0765000000,19630.1105000000,2020-07-20,19630.1105000000,19610.4803895000,take_profit,41,0.3013000000,0.2961051948,0.0010000000,0.0010000000,0.0051948052,basic,conservative,True,complete
0f6c05bff4831033,tgs_stable_v2_universe_lab,U15,43d5dd5aa6be3b0638b5af83976e61a214bd9c37,False,True,survivorship-biased exploratory evidence; not Formal Candidate,U15-5803T-0023,5803.T,Fujikura Ltd.,Nonferrous metals,2020-05-26,90,2020-05-27,51.3333320618,51.3846653938,46.2461988544,66.8000650120,2020-08-21,52.0000000000,51.9480000000,max_holding,60,0.0129870381,0.0089431817,0.0010000000,0.0010000000,0.0040438564,basic,conservative,True,complete
0f6c05bff4831033,tgs_stable_v2_universe_lab,U15,43d5dd5aa6be3b0638b5af83976e61a214bd9c37,False,True,survivorship-biased exploratory evidence; not Formal Candidate,U15-5802T-0032,5802.T,"Sumitomo Electric Industries, Ltd.",Nonferrous metals,2020-05-29,90,2020-06-01,312.8750000000,313.1878750000,281.8690875000,407.1442375000,2020-08-26,310.2500000000,309.9397500000,max_holding,60,-0.0083899321,-0.0123484514,0.0010000000,0.0010000000,0.0039585193,basic,conservative,True,complete
0f6c05bff4831033,tgs_stable_v2_universe_lab,U15,43d5dd5aa6be3b0638b5af83976e61a214bd9c37,False,True,survivorship-biased exploratory evidence; not Formal Candidate,U15-7011T-0022,7011.T,"Mitsubishi Heavy Industries, Ltd.",Machinery,2020-05-29,90,2020-06-01,278.5499877930,278.8285377808,250.9456840027,362.4770991150,2020-06-25,250.9456840027,250.6947383187,stop_loss,19,-0.0991000000,-0.1026964036,0.0010000000,0.0010000000,0.0035964036,basic,conservative,True,complete
0f6c05bff4831033,tgs_stable_v2_universe_lab,U15,43d5dd5aa6be3b0638b5af83976e61a214bd9c37,False,True,survivorship-biased exploratory evidence; not Formal Candidate,U15-8001T-0037,8001.T,Itochu Corp.,Trading companies,2020-06-05,100,2020-06-08,480.0000000000,480.4800000000,432.4320000000,624.6240000000,2020-09-02,557.5999755859,557.0423756104,max_holding,60,0.1616666158,0.1570292288,0.0010000000,0.0010000000,0.0046373871,basic,conservative,True,complete
0f6c05bff4831033,tgs_stable_v2_universe_lab,U15,43d5dd5aa6be3b0638b5af83976e61a214bd9c37,False,True,survivorship-biased exploratory evidence; not Formal Candidate,U15-8031T-0038,8031.T,"Mitsui & Co., Ltd.",Trading companies,2020-06-10,100,2020-06-11,855.5000000000,856.3555000000,770.7199500000,1113.2621500000,2020-09-07,976.5000000000,975.5235000000,max_holding,60,0.1414377557,0.1368811225,0.0010000000,0.0010000000,0.0045566332,basic,conservative,True,complete
0f6c05bff4831033,tgs_stable_v2_universe_lab,U15,43d5dd5aa6be3b0638b5af83976e61a214bd9c37,False,True,survivorship-biased exploratory evidence; not Formal Candidate,U15-8802T-0033,8802.T,"Mitsubishi Estate Co., Ltd.",Real estate,2020-08-11,90,2020-08-12,1698.0000000000,1699.6980000000,1529.7282000000,2209.6074000000,2020-11-09,1666.5000000000,1664.8335000000,max_holding,60,-0.0185512367,-0.0224691920,0.0010000000,0.0010000000,0.0039179552,basic,conservative,True,complete
0f6c05bff4831033,tgs_stable_v2_universe_lab,U15,43d5dd5aa6be3b0638b5af83976e61a214bd9c37,False,True,survivorship-biased exploratory evidence; not Formal Candidate,U15-6273T-0042,6273.T,SMC Corporation,Machinery,2020-09-08,90,2020-09-09,56460.0000000000,56516.4600000000,50864.8140000000,73471.3980000000,2020-12-08,64860.0000000000,64795.1400000000,max_holding,60,0.1487778959,0.1441919607,0.0010000000,0.0010000000,0.0045859351,basic,conservative,True,complete
0f6c05bff4831033,tgs_stable_v2_universe_lab,U15,43d5dd5aa6be3b0638b5af83976e61a214bd9c37,False,True,survivorship-biased exploratory evidence; not Formal Candidate,U15-6367T-0033,6367.T,"Daikin Industries, Ltd.",Machinery,2020-09-11,90,2020-09-14,19495.0000000000,19514.4950000000,17563.0455000000,25368.8435000000,2020-12-11,22480.0000000000,22457.5200000000,max_holding,60,0.1531161836,0.1485129300,0.0010000000,0.0010000000,0.0046032536,basic,conservative,True,complete
0f6c05bff4831033,tgs_stable_v2_universe_lab,U15,43d5dd5aa6be3b0638b5af83976e61a214bd9c37,False,True,survivorship-biased exploratory evidence; not Formal Candidate,U15-8001T-0038,8001.T,Itochu Corp.,Trading companies,2020-09-18,90,2020-09-23,539.4000244141,539.9394244385,485.9454819946,701.9212517700,2020-12-18,584.5999755859,584.0153756104,max_holding,60,0.0837967170,0.0794701875,0.0010000000,0.0010000000,0.0043265295,basic,conservative,True,complete
0f6c05bff4831033,tgs_stable_v2_universe_lab,U15,43d5dd5aa6be3b0638b5af83976e61a214bd9c37,False,True,survivorship-biased exploratory evidence; not Formal Candidate,U15-5802T-0033,5802.T,"Sumitomo Electric Industries, Ltd.",Nonferrous metals,2020-11-18,90,2020-11-19,314.6250000000,314.9396250000,283.4456625000,409.4215125000,2021-02-04,409.4215125000,409.0120909875,take_profit,52,0.3013000000,0.2961051948,0.0010000000,0.0010000000,0.0051948052,basic,conservative,True,complete
0f6c05bff4831033,tgs_stable_v2_universe_lab,U15,43d5dd5aa6be3b0638b5af83976e61a214bd9c37,False,True,survivorship-biased exploratory evidence; not Formal Candidate,U15-5801T-0022,5801.T,"The Furukawa Electric Co., Ltd.",Nonferrous metals,2020-11-27,90,2020-11-30,267.0000000000,267.2670000000,240.5403000000,347.4471000000,2021-02-26,278.1000061035,277.8219060974,max_holding,60,0.0415730566,0.0374150844,0.0010000000,0.0010000000,0.0041579721,basic,conservative,True,complete
0f6c05bff4831033,tgs_stable_v2_universe_lab,U15,43d5dd5aa6be3b0638b5af83976e61a214bd9c37,False,True,survivorship-biased exploratory evidence; not Formal Candidate,U15-8031T-0039,8031.T,"Mitsui & Co., Ltd.",Trading companies,2020-11-27,100,2020-11-30,927.5000000000,928.4275000000,835.5847500000,1206.9557500000,2021-02-26,1131.7500000000,1130.6182500000,max_holding,60,0.2202156334,0.2153445180,0.0010000000,0.0010000000,0.0048711154,basic,conservative,True,complete
0f6c05bff4831033,tgs_stable_v2_universe_lab,U15,43d5dd5aa6be3b0638b5af83976e61a214bd9c37,False,True,survivorship-biased exploratory evidence; not Formal Candidate,U15-6273T-0043,6273.T,SMC Corporation,Machinery,2021-01-06,90,2021-01-07,65870.0000000000,65935.8700000000,59342.2830000000,85716.6310000000,2021-03-09,59342.2830000000,59282.9407170000,stop_loss,41,-0.0991000000,-0.1026964036,0.0010000000,0.0010000000,0.0035964036,basic,conservative,True,complete
0f6c05bff4831033,tgs_stable_v2_universe_lab,U15,43d5dd5aa6be3b0638b5af83976e61a214bd9c37,False,True,survivorship-biased exploratory evidence; not Formal Candidate,U15-6367T-0034,6367.T,"Daikin Industries, Ltd.",Machinery,2021-01-08,90,2021-01-12,23920.0000000000,23943.9200000000,21549.5280000000,31127.0960000000,2021-02-24,21549.5280000000,21527.9784720000,stop_loss,30,-0.0991000000,-0.1026964036,0.0010000000,0.0010000000,0.0035964036,basic,conservative,True,complete
0f6c05bff4831033,tgs_stable_v2_universe_lab,U15,43d5dd5aa6be3b0638b5af83976e61a214bd9c37,False,True,survivorship-biased exploratory evidence; not Formal Candidate,U15-8015T-0031,8015.T,Toyota Tsusho Corp.,Trading companies,2021-01-28,90,2021-01-29,1381.6666259766,1383.0482926025,1244.7434633423,1797.9627803833,2021-04-26,1585.0000000000,1583.4150000000,max_holding,60,0.1471652931,0.1425857955,0.0010000000,0.0010000000,0.0045794976,basic,conservative,True,complete
0f6c05bff4831033,tgs_stable_v2_universe_lab,U15,43d5dd5aa6be3b0638b5af83976e61a214bd9c37,False,True,survivorship-biased exploratory evidence; not Formal Candidate,U15-8001T-0039,8001.T,Itochu Corp.,Trading companies,2021-01-29,90,2021-02-01,592.9000244141,593.4929244385,534.1436319946,771.5408017700,2021-04-27,675.7999877930,675.1241878052,max_holding,60,0.1398211502,0.1352709705,0.0010000000,0.0010000000,0.0045501797,basic,conservative,True,complete
0f6c05bff4831033,tgs_stable_v2_universe_lab,U15,43d5dd5aa6be3b0638b5af83976e61a214bd9c37,False,True,survivorship-biased exploratory evidence; not Formal Candidate,U15-6301T-0028,6301.T,Komatsu Ltd.,Machinery,2021-02-08,90,2021-02-09,3110.0000000000,3113.1100000000,2801.7990000000,4047.0430000000,2021-05-11,3306.0000000000,3302.6940000000,max_holding,60,0.0630225080,0.0587789094,0.0010000000,0.0010000000,0.0042435986,basic,conservative,True,complete
0f6c05bff4831033,tgs_stable_v2_universe_lab,U15,43d5dd5aa6be3b0638b5af83976e61a214bd9c37,False,True,survivorship-biased exploratory evidence; not Formal Candidate,U15-5802T-0034,5802.T,"Sumitomo Electric Industries, Ltd.",Nonferrous metals,2021-02-26,90,2021-03-01,394.5000000000,394.8945000000,355.4050500000,513.3628500000,2021-05-27,416.6250000000,416.2083750000,max_holding,60,0.0560836502,0.0518677516,0.0010000000,0.0010000000,0.0042158986,basic,conservative,True,complete
0f6c05bff4831033,tgs_stable_v2_universe_lab,U15,43d5dd5aa6be3b0638b5af83976e61a214bd9c37,False,True,survivorship-biased exploratory evidence; not Formal Candidate,U15-8002T-0031,8002.T,Marubeni Corp.,Trading companies,2021-02-26,90,2021-03-01,792.9000244141,793.6929244385,714.3236319946,1031.8008017700,2021-05-27,945.7000122070,944.7543121948,max_holding,60,0.1927102826,0.1879489689,0.0010000000,0.0010000000,0.0047613137,basic,conservative,True,complete
0f6c05bff4831033,tgs_stable_v2_universe_lab,U15,43d5dd5aa6be3b0638b5af83976e61a214bd9c37,False,True,survivorship-biased exploratory evidence; not Formal Candidate,U15-8053T-0036,8053.T,Sumitomo Corp.,Trading companies,2021-03-19,90,2021-03-22,401.1250000000,401.5261250000,361.3735125000,521.9839625000,2021-06-17,383.6250000000,383.2413750000,max_holding,60,-0.0436272982,-0.0474451495,0.0010000000,0.0010000000,0.0038178513,basic,conservative,True,complete
0f6c05bff4831033,tgs_stable_v2_universe_lab,U15,43d5dd5aa6be3b0638b5af83976e61a214bd9c37,False,True,survivorship-biased exploratory evidence; not Formal Candidate,U15-8031T-0040,8031.T,"Mitsui & Co., Ltd.",Trading companies,2021-04-30,90,2021-05-06,1201.7500000000,1202.9517500000,1082.6565750000,1563.8372750000,2021-07-30,1249.7500000000,1248.5002500000,max_holding,60,0.0399417516,0.0357902917,0.0010000000,0.0010000000,0.0041514599,basic,conservative,True,complete
0f6c05bff4831033,tgs_stable_v2_universe_lab,U15,43d5dd5aa6be3b0638b5af83976e61a214bd9c37,False,True,survivorship-biased exploratory evidence; not Formal Candidate,U15-8002T-0032,8002.T,Marubeni Corp.,Trading companies,2021-05-27,90,2021-05-28,970.0000000000,970.9700000000,873.8730000000,1262.2610000000,2021-08-19,873.8730000000,872.9991270000,stop_loss,57,-0.0991000000,-0.1026964036,0.0010000000,0.0010000000,0.0035964036,basic,conservative,True,complete
0f6c05bff4831033,tgs_stable_v2_universe_lab,U15,43d5dd5aa6be3b0638b5af83976e61a214bd9c37,False,True,survivorship-biased exploratory evidence; not Formal Candidate,U15-8801T-0029,8801.T,"Mitsui Fudosan Co., Ltd.",Real estate,2021-06-04,100,2021-06-07,892.5000000000,893.3925000000,804.0532500000,1161.4102500000,2021-08-19,804.0532500000,803.2491967500,stop_loss,51,-0.0991000000,-0.1026964036,0.0010000000,0.0010000000,0.0035964036,basic,conservative,True,complete
0f6c05bff4831033,tgs_stable_v2_universe_lab,U15,43d5dd5aa6be3b0638b5af83976e61a214bd9c37,False,True,survivorship-biased exploratory evidence; not Formal Candidate,U15-8015T-0032,8015.T,Toyota Tsusho Corp.,Trading companies,2021-06-18,120,2021-06-21,1736.6666259766,1738.4032926025,1564.5629633423,2259.9242803833,2021-08-26,1564.5629633423,1562.9984003789,stop_loss,46,-0.0991000000,-0.1026964036,0.0010000000,0.0010000000,0.0035964036,basic,conservative,True,complete
0f6c05bff4831033,tgs_stable_v2_universe_lab,U15,43d5dd5aa6be3b0638b5af83976e61a214bd9c37,False,True,survivorship-biased exploratory evidence; not Formal Candidate,U15-5803T-0024,5803.T,Fujikura Ltd.,Nonferrous metals,2021-07-30,100,2021-08-02,93.0000000000,93.0930000000,83.7837000000,121.0209000000,2021-10-27,102.6666641235,102.5639974594,max_holding,60,0.1039426250,0.0995356728,0.0010000000,0.0010000000,0.0044069522,basic,conservative,True,complete
0f6c05bff4831033,tgs_stable_v2_universe_lab,U15,43d5dd5aa6be3b0638b5af83976e61a214bd9c37,False,True,survivorship-biased exploratory evidence; not Formal Candidate,U15-6367T-0035,6367.T,"Daikin Industries, Ltd.",Machinery,2021-07-30,100,2021-08-02,22980.0000000000,23002.9800000000,20702.6820000000,29903.8740000000,2021-10-27,25705.0000000000,25679.2950000000,max_holding,60,0.1185813751,0.1141159849,0.0010000000,0.0010000000,0.0044653903,basic,conservative,True,complete
0f6c05bff4831033,tgs_stable_v2_universe_lab,U15,43d5dd5aa6be3b0638b5af83976e61a214bd9c37,False,True,survivorship-biased exploratory evidence; not Formal Candidate,U15-6273T-0044,6273.T,SMC Corporation,Machinery,2021-08-06,100,2021-08-10,68570.0000000000,68638.5700000000,61774.7130000000,89230.1410000000,2021-10-11,61774.7130000000,61712.9382870000,stop_loss,43,-0.0991000000,-0.1026964036,0.0010000000,0.0010000000,0.0035964036,basic,conservative,True,complete
0f6c05bff4831033,tgs_stable_v2_universe_lab,U15,43d5dd5aa6be3b0638b5af83976e61a214bd9c37,False,True,survivorship-biased exploratory evidence; not Formal Candidate,U15-8058T-0031,8058.T,Mitsubishi Corp.,Trading companies,2021-08-16,100,2021-08-17,1096.6666259766,1097.7632926025,987.9869633423,1427.0922803833,2021-11-11,1135.3333740234,1134.1980406494,max_holding,60,0.0352584342,0.0311256701,0.0010000000,0.0010000000,0.0041327641,basic,conservative,True,complete
0f6c05bff4831033,tgs_stable_v2_universe_lab,U15,43d5dd5aa6be3b0638b5af83976e61a214bd9c37,False,True,survivorship-biased exploratory evidence; not Formal Candidate,U15-8053T-0037,8053.T,Sumitomo Corp.,Trading companies,2021-09-10,100,2021-09-13,406.8750000000,407.2818750000,366.5536875000,529.4664375000,2021-12-09,408.6250000000,408.2163750000,max_holding,60,0.0043010753,0.0002918933,0.0010000000,0.0010000000,0.0040091819,basic,conservative,True,complete
0f6c05bff4831033,tgs_stable_v2_universe_lab,U15,43d5dd5aa6be3b0638b5af83976e61a214bd9c37,False,True,survivorship-biased exploratory evidence; not Formal Candidate,U15-8001T-0040,8001.T,Itochu Corp.,Trading companies,2021-09-17,100,2021-09-21,692.4000244141,693.0924244385,623.7831819946,901.0201517700,2021-10-05,623.7831819946,623.1593988126,stop_loss,10,-0.0991000000,-0.1026964036,0.0010000000,0.0010000000,0.0035964036,basic,conservative,True,complete
0f6c05bff4831033,tgs_stable_v2_universe_lab,U15,43d5dd5aa6be3b0638b5af83976e61a214bd9c37,False,True,survivorship-biased exploratory evidence; not Formal Candidate,U15-6301T-0029,6301.T,Komatsu Ltd.,Machinery,2021-10-22,100,2021-10-25,2850.0000000000,2852.8500000000,2567.5650000000,3708.7050000000,2022-01-21,2889.0000000000,2886.1110000000,max_holding,60,0.0136842105,0.0096375710,0.0010000000,0.0010000000,0.0040466395,basic,conservative,True,complete
0f6c05bff4831033,tgs_stable_v2_universe_lab,U15,43d5dd5aa6be3b0638b5af83976e61a214bd9c37,False,True,survivorship-biased exploratory evidence; not Formal Candidate,U15-8002T-0033,8002.T,Marubeni Corp.,Trading companies,2021-11-09,100,2021-11-10,1017.5000000000,1018.5175000000,916.6657500000,1324.0727500000,2022-02-07,1179.5000000000,1178.3205000000,max_holding,60,0.1592137592,0.1545861640,0.0010000000,0.0010000000,0.0046275952,basic,conservative,True,complete
0f6c05bff4831033,tgs_stable_v2_universe_lab,U15,43d5dd5aa6be3b0638b5af83976e61a214bd9c37,False,True,survivorship-biased exploratory evidence; not Formal Candidate,U15-5802T-0035,5802.T,"Sumitomo Electric Industries, Ltd.",Nonferrous metals,2021-11-12,100,2021-11-15,392.6250000000,393.0176250000,353.7158625000,510.9229125000,2022-02-10,403.6250000000,403.2213750000,max_holding,60,0.0280165552,0.0239127008,0.0010000000,0.0010000000,0.0041038544,basic,conservative,True,complete
0f6c05bff4831033,tgs_stable_v2_universe_lab,U15,43d5dd5aa6be3b0638b5af83976e61a214bd9c37,False,True,survivorship-biased exploratory evidence; not Formal Candidate,U15-8015T-0033,8015.T,Toyota Tsusho Corp.,Trading companies,2021-11-12,100,2021-11-15,1800.0000000000,1801.8000000000,1621.6200000000,2342.3400000000,2021-12-14,1621.6200000000,1619.9983800000,stop_loss,21,-0.0991000000,-0.1026964036,0.0010000000,0.0010000000,0.0035964036,basic,conservative,True,complete
0f6c05bff4831033,tgs_stable_v2_universe_lab,U15,43d5dd5aa6be3b0638b5af83976e61a214bd9c37,False,True,survivorship-biased exploratory evidence; not Formal Candidate,U15-6273T-0045,6273.T,SMC Corporation,Machinery,2021-11-19,100,2021-11-22,77060.0000000000,77137.0600000000,69423.3540000000,100278.1780000000,2022-01-14,69423.3540000000,69353.9306460000,stop_loss,36,-0.0991000000,-0.1026964036,0.0010000000,0.0010000000,0.0035964036,basic,conservative,True,complete
0f6c05bff4831033,tgs_stable_v2_universe_lab,U15,43d5dd5aa6be3b0638b5af83976e61a214bd9c37,False,True,survivorship-biased exploratory evidence; not Formal Candidate,U15-8031T-0041,8031.T,"Mitsui & Co., Ltd.",Trading companies,2021-11-19,120,2021-11-22,1336.7500000000,1338.0867500000,1204.2780750000,1739.5127750000,2022-02-18,1550.0000000000,1548.4500000000,max_holding,60,0.1595287077,0.1548998552,0.0010000000,0.0010000000,0.0046288525,basic,conservative,True,complete
0f6c05bff4831033,tgs_stable_v2_universe_lab,U15,43d5dd5aa6be3b0638b5af83976e61a214bd9c37,False,True,survivorship-biased exploratory evidence; not Formal Candidate,U15-8001T-0041,8001.T,Itochu Corp.,Trading companies,2021-12-03,100,2021-12-06,692.0000000000,692.6920000000,623.4228000000,900.4996000000,2022-03-04,776.5999755859,775.8233756104,max_holding,60,0.1222543000,0.1177742474,0.0010000000,0.0010000000,0.0044800526,basic,conservative,True,complete
0f6c05bff4831033,tgs_stable_v2_universe_lab,U15,43d5dd5aa6be3b0638b5af83976e61a214bd9c37,False,True,survivorship-biased exploratory evidence; not Formal Candidate,U15-8015T-0034,8015.T,Toyota Tsusho Corp.,Trading companies,2021-12-17,120,2021-12-20,1720.0000000000,1721.7200000000,1549.5480000000,2238.2360000000,2022-01-25,1549.5480000000,1547.9984520000,stop_loss,24,-0.0991000000,-0.1026964036,0.0010000000,0.0010000000,0.0035964036,basic,conservative,True,complete
0f6c05bff4831033,tgs_stable_v2_universe_lab,U15,43d5dd5aa6be3b0638b5af83976e61a214bd9c37,False,True,survivorship-biased exploratory evidence; not Formal Candidate,U15-8053T-0038,8053.T,Sumitomo Corp.,Trading companies,2021-12-17,120,2021-12-20,411.6250000000,412.0366250000,370.8329625000,535.6476125000,2022-03-18,511.6250000000,511.1133750000,max_holding,60,0.2429395688,0.2379777391,0.0010000000,0.0010000000,0.0049618297,basic,conservative,True,complete
0f6c05bff4831033,tgs_stable_v2_universe_lab,U15,43d5dd5aa6be3b0638b5af83976e61a214bd9c37,False,True,survivorship-biased exploratory evidence; not Formal Candidate,U15-8058T-0032,8058.T,Mitsubishi Corp.,Trading companies,2022-02-03,90,2022-02-04,1302.6666259766,1303.9692926025,1173.5723633423,1695.1600803833,2022-05-09,1447.0000000000,1445.5530000000,max_holding,60,0.1107983970,0.1063640765,0.0010000000,0.0010000000,0.0044343205,basic,conservative,True,complete
0f6c05bff4831033,tgs_stable_v2_universe_lab,U15,43d5dd5aa6be3b0638b5af83976e61a214bd9c37,False,True,survivorship-biased exploratory evidence; not Formal Candidate,U15-5803T-0025,5803.T,Fujikura Ltd.,Nonferrous metals,2022-02-14,120,2022-02-15,108.3333358765,108.4416692123,97.5975022911,140.9741699760,2022-03-02,97.5975022911,97.4999047888,stop_loss,11,-0.0991000000,-0.1026964036,0.0010000000,0.0010000000,0.0035964036,basic,conservative,True,complete
0f6c05bff4831033,tgs_stable_v2_universe_lab,U15,43d5dd5aa6be3b0638b5af83976e61a214bd9c37,False,True,survivorship-biased exploratory evidence; not Formal Candidate,U15-8801T-0030,8801.T,"Mitsui Fudosan Co., Ltd.",Real estate,2022-02-17,100,2022-02-18,851.8333129883,852.6851463013,767.4166316711,1108.4906901917,2022-05-20,884.0000000000,883.1160000000,max_holding,60,0.0377617153,0.0336189581,0.0010000000,0.0010000000,0.0041427572,basic,conservative,True,complete
0f6c05bff4831033,tgs_stable_v2_universe_lab,U15,43d5dd5aa6be3b0638b5af83976e61a214bd9c37,False,True,survivorship-biased exploratory evidence; not Formal Candidate,U15-8031T-0042,8031.T,"Mitsui & Co., Ltd.",Trading companies,2022-02-24,90,2022-02-25,1465.2500000000,1466.7152500000,1320.0437250000,1906.7298250000,2022-05-26,1582.5000000000,1580.9175000000,max_holding,60,0.0800204743,0.0757090196,0.0010000000,0.0010000000,0.0043114547,basic,conservative,True,complete
0f6c05bff4831033,tgs_stable_v2_universe_lab,U15,43d5dd5aa6be3b0638b5af83976e61a214bd9c37,False,True,survivorship-biased exploratory evidence; not Formal Candidate,U15-7011T-0023,7011.T,"Mitsubishi Heavy Industries, Ltd.",Machinery,2022-03-08,90,2022-03-09,340.1000061035,340.4401061096,306.3960954987,442.5721379425,2022-04-21,443.0000000000,442.5570000000,take_profit_gap,31,0.3025580478,0.2973582204,0.0010000000,0.0010000000,0.0051998273,basic,conservative,True,complete
0f6c05bff4831033,tgs_stable_v2_universe_lab,U15,43d5dd5aa6be3b0638b5af83976e61a214bd9c37,False,True,survivorship-biased exploratory evidence; not Formal Candidate,U15-8001T-0042,8001.T,Itochu Corp.,Trading companies,2022-03-08,90,2022-03-09,770.0000000000,770.7700000000,693.6930000000,1002.0010000000,2022-06-07,745.0000000000,744.2550000000,max_holding,60,-0.0324675325,-0.0363299337,0.0010000000,0.0010000000,0.0038624012,basic,conservative,True,complete
0f6c05bff4831033,tgs_stable_v2_universe_lab,U15,43d5dd5aa6be3b0638b5af83976e61a214bd9c37,False,True,survivorship-biased exploratory evidence; not Formal Candidate,U15-6301T-0030,6301.T,Komatsu Ltd.,Machinery,2022-03-18,100,2022-03-22,2894.5000000000,2897.3945000000,2607.6550500000,3766.6128500000,2022-06-17,3174.0000000000,3170.8260000000,max_holding,60,0.0965624460,0.0921849556,0.0010000000,0.0010000000,0.0043774904,basic,conservative,True,complete
0f6c05bff4831033,tgs_stable_v2_universe_lab,U15,43d5dd5aa6be3b0638b5af83976e61a214bd9c37,False,True,survivorship-biased exploratory evidence; not Formal Candidate,U15-8802T-0034,8802.T,"Mitsubishi Estate Co., Ltd.",Real estate,2022-04-27,90,2022-04-28,1846.0000000000,1847.8460000000,1663.0614000000,2402.1998000000,2022-07-27,1973.0000000000,1971.0270000000,max_holding,60,0.0687973998,0.0645307478,0.0010000000,0.0010000000,0.0042666520,basic,conservative,True,complete
0f6c05bff4831033,tgs_stable_v2_universe_lab,U15,43d5dd5aa6be3b0638b5af83976e61a214bd9c37,False,True,survivorship-biased exploratory evidence; not Formal Candidate,U15-5803T-0026,5803.T,Fujikura Ltd.,Nonferrous metals,2022-05-06,100,2022-05-09,103.3333358765,103.4366692123,93.0930022911,134.4676699760,2022-05-31,134.4676699760,134.3332023061,take_profit,17,0.3013000000,0.2961051948,0.0010000000,0.0010000000,0.0051948052,basic,conservative,True,complete
0f6c05bff4831033,tgs_stable_v2_universe_lab,U15,43d5dd5aa6be3b0638b5af83976e61a214bd9c37,False,True,survivorship-biased exploratory evidence; not Formal Candidate,U15-8002T-0034,8002.T,Marubeni Corp.,Trading companies,2022-05-06,90,2022-05-09,1382.0000000000,1383.3820000000,1245.0438000000,1798.3966000000,2022-06-20,1245.0438000000,1243.7987562000,stop_loss,31,-0.0991000000,-0.1026964036,0.0010000000,0.0010000000,0.0035964036,basic,conservative,True,complete
0f6c05bff4831033,tgs_stable_v2_universe_lab,U15,43d5dd5aa6be3b0638b5af83976e61a214bd9c37,False,True,survivorship-biased exploratory evidence; not Formal Candidate,U15-7011T-0024,7011.T,"Mitsubishi Heavy Industries, Ltd.",Machinery,2022-05-12,90,2022-05-13,451.7999877930,452.2517877808,407.0266090027,587.9273241150,2022-08-05,464.1000061035,463.6359060974,max_holding,60,0.0272244769,0.0231237844,0.0010000000,0.0010000000,0.0041006924,basic,conservative,True,complete
0f6c05bff4831033,tgs_stable_v2_universe_lab,U15,43d5dd5aa6be3b0638b5af83976e61a214bd9c37,False,True,survivorship-biased exploratory evidence; not Formal Candidate,U15-5801T-0023,5801.T,"The Furukawa Electric Co., Ltd.",Nonferrous metals,2022-05-13,90,2022-05-16,223.5000000000,223.7235000000,201.3511500000,290.8405500000,2022-08-08,238.5000000000,238.2615000000,max_holding,60,0.0671140940,0.0628541617,0.0010000000,0.0010000000,0.0042599323,basic,conservative,True,complete
0f6c05bff4831033,tgs_stable_v2_universe_lab,U15,43d5dd5aa6be3b0638b5af83976e61a214bd9c37,False,True,survivorship-biased exploratory evidence; not Formal Candidate,U15-8801T-0031,8801.T,"Mitsui Fudosan Co., Ltd.",Real estate,2022-05-25,90,2022-05-26,932.8333129883,933.7661463013,840.3895316711,1213.8959901917,2022-08-19,957.0000000000,956.0430000000,max_holding,60,0.0259067581,0.0218113261,0.0010000000,0.0010000000,0.0040954321,basic,conservative,True,complete
0f6c05bff4831033,tgs_stable_v2_universe_lab,U15,43d5dd5aa6be3b0638b5af83976e61a214bd9c37,False,True,survivorship-biased exploratory evidence; not Formal Candidate,U15-5802T-0036,5802.T,"Sumitomo Electric Industries, Ltd.",Nonferrous metals,2022-06-03,100,2022-06-06,366.8750000000,367.2418750000,330.5176875000,477.4144375000,2022-08-30,401.6250000000,401.2233750000,max_holding,60,0.0947189097,0.0903487787,0.0010000000,0.0010000000,0.0043701310,basic,conservative,True,complete
0f6c05bff4831033,tgs_stable_v2_universe_lab,U15,43d5dd5aa6be3b0638b5af83976e61a214bd9c37,False,True,survivorship-biased exploratory evidence; not Formal Candidate,U15-8015T-0035,8015.T,Toyota Tsusho Corp.,Trading companies,2022-06-03,100,2022-06-06,1648.3333740234,1649.9817073975,1484.9835366577,2144.9762196167,2022-06-20,1484.9835366577,1483.4985531211,stop_loss,11,-0.0991000000,-0.1026964036,0.0010000000,0.0010000000,0.0035964036,basic,conservative,True,complete
0f6c05bff4831033,tgs_stable_v2_universe_lab,U15,43d5dd5aa6be3b0638b5af83976e61a214bd9c37,False,True,survivorship-biased exploratory evidence; not Formal Candidate,U15-6367T-0036,6367.T,"Daikin Industries, Ltd.",Machinery,2022-06-10,120,2022-06-13,20905.0000000000,20925.9050000000,18833.3145000000,27203.6765000000,2022-09-06,24030.0000000000,24005.9700000000,max_holding,60,0.1494857690,0.1448970080,0.0010000000,0.0010000000,0.0045887610,basic,conservative,True,complete
0f6c05bff4831033,tgs_stable_v2_universe_lab,U15,43d5dd5aa6be3b0638b5af83976e61a214bd9c37,False,True,survivorship-biased exploratory evidence; not Formal Candidate,U15-6273T-0046,6273.T,SMC Corporation,Machinery,2022-06-13,90,2022-06-14,63670.0000000000,63733.6700000000,57360.3030000000,82853.7710000000,2022-09-07,65300.0000000000,65234.7000000000,max_holding,60,0.0256007539,0.0215065434,0.0010000000,0.0010000000,0.0040942105,basic,conservative,True,complete
0f6c05bff4831033,tgs_stable_v2_universe_lab,U15,43d5dd5aa6be3b0638b5af83976e61a214bd9c37,False,True,survivorship-biased exploratory evidence; not Formal Candidate,U15-8058T-0033,8058.T,Mitsubishi Corp.,Trading companies,2022-06-13,100,2022-06-14,1508.3333740234,1509.8417073975,1358.8575366577,1962.7942196167,2022-06-22,1358.8575366577,1357.4986791211,stop_loss,7,-0.0991000000,-0.1026964036,0.0010000000,0.0010000000,0.0035964036,basic,conservative,True,complete
0f6c05bff4831033,tgs_stable_v2_universe_lab,U15,43d5dd5aa6be3b0638b5af83976e61a214bd9c37,False,True,survivorship-biased exploratory evidence; not Formal Candidate,U15-6301T-0031,6301.T,Komatsu Ltd.,Machinery,2022-06-17,90,2022-06-20,3149.0000000000,3152.1490000000,2836.9341000000,4097.7937000000,2022-07-06,2820.0000000000,2817.1800000000,stop_gap,13,-0.1044776119,-0.1080525480,0.0010000000,0.0010000000,0.0035749361,basic,conservative,True,complete
0f6c05bff4831033,tgs_stable_v2_universe_lab,U15,43d5dd5aa6be3b0638b5af83976e61a214bd9c37,False,True,survivorship-biased exploratory evidence; not Formal Candidate,U15-8015T-0036,8015.T,Toyota Tsusho Corp.,Trading companies,2022-08-12,120,2022-08-15,1595.0000000000,1596.5950000000,1436.9355000000,2075.5735000000,2022-11-10,1690.0000000000,1688.3100000000,max_holding,60,0.0595611285,0.0553313478,0.0010000000,0.0010000000,0.0042297807,basic,conservative,True,complete
0f6c05bff4831033,tgs_stable_v2_universe_lab,U15,43d5dd5aa6be3b0638b5af83976e61a214bd9c37,False,True,survivorship-biased exploratory evidence; not Formal Candidate,U15-8001T-0043,8001.T,Itochu Corp.,Trading companies,2022-08-26,100,2022-08-29,766.0000000000,766.7660000000,690.0894000000,996.7958000000,2022-11-25,872.0000000000,871.1280000000,max_holding,60,0.1383812010,0.1338367696,0.0010000000,0.0010000000,0.0045444314,basic,conservative,True,complete
0f6c05bff4831033,tgs_stable_v2_universe_lab,U15,43d5dd5aa6be3b0638b5af83976e61a214bd9c37,False,True,survivorship-biased exploratory evidence; not Formal Candidate,U15-8002T-0035,8002.T,Marubeni Corp.,Trading companies,2022-08-31,100,2022-09-01,1430.0000000000,1431.4300000000,1288.2870000000,1860.8590000000,2022-09-29,1288.2870000000,1286.9987130000,stop_loss,19,-0.0991000000,-0.1026964036,0.0010000000,0.0010000000,0.0035964036,basic,conservative,True,complete
0f6c05bff4831033,tgs_stable_v2_universe_lab,U15,43d5dd5aa6be3b0638b5af83976e61a214bd9c37,False,True,survivorship-biased exploratory evidence; not Formal Candidate,U15-8031T-0043,8031.T,"Mitsui & Co., Ltd.",Trading companies,2022-08-31,120,2022-09-01,1619.5000000000,1621.1195000000,1459.0075500000,2107.4553500000,2022-11-30,1991.5000000000,1989.5085000000,max_holding,60,0.2297005249,0.2247915456,0.0010000000,0.0010000000,0.0049089792,basic,conservative,True,complete
0f6c05bff4831033,tgs_stable_v2_universe_lab,U15,43d5dd5aa6be3b0638b5af83976e61a214bd9c37,False,True,survivorship-biased exploratory evidence; not Formal Candidate,U15-8058T-0034,8058.T,Mitsubishi Corp.,Trading companies,2022-09-01,100,2022-09-02,1468.3333740234,1469.8017073975,1322.8215366577,1910.7422196167,2022-09-30,1322.8215366577,1321.4987151211,stop_loss,19,-0.0991000000,-0.1026964036,0.0010000000,0.0010000000,0.0035964036,basic,conservative,True,complete
0f6c05bff4831033,tgs_stable_v2_universe_lab,U15,43d5dd5aa6be3b0638b5af83976e61a214bd9c37,False,True,survivorship-biased exploratory evidence; not Formal Candidate,U15-6273T-0047,6273.T,SMC Corporation,Machinery,2022-09-07,90,2022-09-08,65800.0000000000,65865.8000000000,59279.2200000000,85625.5400000000,2022-09-28,59279.2200000000,59219.9407800000,stop_loss,13,-0.0991000000,-0.1026964036,0.0010000000,0.0010000000,0.0035964036,basic,conservative,True,complete
0f6c05bff4831033,tgs_stable_v2_universe_lab,U15,43d5dd5aa6be3b0638b5af83976e61a214bd9c37,False,True,survivorship-biased exploratory evidence; not Formal Candidate,U15-8053T-0039,8053.T,Sumitomo Corp.,Trading companies,2022-09-09,100,2022-09-12,493.7500000000,494.2437500000,444.8193750000,642.5168750000,2022-12-09,560.6250000000,560.0643750000,max_holding,60,0.1354430380,0.1309103358,0.0010000000,0.0010000000,0.0045327022,basic,conservative,True,complete
0f6c05bff4831033,tgs_stable_v2_universe_lab,U15,43d5dd5aa6be3b0638b5af83976e61a214bd9c37,False,True,survivorship-biased exploratory evidence; not Formal Candidate,U15-8015T-0037,8015.T,Toyota Tsusho Corp.,Trading companies,2022-11-10,100,2022-11-11,1746.6666259766,1748.4132926025,1573.5719633423,2272.9372803833,2023-02-08,1863.3333740234,1861.4700406494,max_holding,60,0.0667939413,0.0625352871,0.0010000000,0.0010000000,0.0042586542,basic,conservative,True,complete
0f6c05bff4831033,tgs_stable_v2_universe_lab,U15,43d5dd5aa6be3b0638b5af83976e61a214bd9c37,False,True,survivorship-biased exploratory evidence; not Formal Candidate,U15-5803T-0027,5803.T,Fujikura Ltd.,Nonferrous metals,2022-11-11,100,2022-11-14,180.0000000000,180.1800000000,162.1620000000,234.2340000000,2022-12-23,162.1620000000,161.9998380000,stop_loss,29,-0.0991000000,-0.1026964036,0.0010000000,0.0010000000,0.0035964036,basic,conservative,True,complete
0f6c05bff4831033,tgs_stable_v2_universe_lab,U15,43d5dd5aa6be3b0638b5af83976e61a214bd9c37,False,True,survivorship-biased exploratory evidence; not Formal Candidate,U15-8002T-0036,8002.T,Marubeni Corp.,Trading companies,2022-11-14,100,2022-11-15,1438.5000000000,1439.9385000000,1295.9446500000,1871.9200500000,2023-02-10,1768.5000000000,1766.7315000000,max_holding,60,0.2294056309,0.2244978289,0.0010000000,0.0010000000,0.0049078020,basic,conservative,True,complete
0f6c05bff4831033,tgs_stable_v2_universe_lab,U15,43d5dd5aa6be3b0638b5af83976e61a214bd9c37,False,True,survivorship-biased exploratory evidence; not Formal Candidate,U15-5802T-0037,5802.T,"Sumitomo Electric Industries, Ltd.",Nonferrous metals,2022-11-18,100,2022-11-21,404.5000000000,404.9045000000,364.4140500000,526.3758500000,2023-01-16,364.4140500000,364.0496359500,stop_loss,37,-0.0991000000,-0.1026964036,0.0010000000,0.0010000000,0.0035964036,basic,conservative,True,complete
0f6c05bff4831033,tgs_stable_v2_universe_lab,U15,43d5dd5aa6be3b0638b5af83976e61a214bd9c37,False,True,survivorship-biased exploratory evidence; not Formal Candidate,U15-6273T-0048,6273.T,SMC Corporation,Machinery,2022-11-18,100,2022-11-21,64010.0000000000,64074.0100000000,57666.6090000000,83296.2130000000,2022-12-21,57666.6090000000,57608.9423910000,stop_loss,22,-0.0991000000,-0.1026964036,0.0010000000,0.0010000000,0.0035964036,basic,conservative,True,complete
0f6c05bff4831033,tgs_stable_v2_universe_lab,U15,43d5dd5aa6be3b0638b5af83976e61a214bd9c37,False,True,survivorship-biased exploratory evidence; not Formal Candidate,U15-8058T-0035,8058.T,Mitsubishi Corp.,Trading companies,2022-11-18,100,2022-11-21,1449.6666259766,1451.1162926025,1306.0046633423,1886.4511803833,2023-02-16,1545.6666259766,1544.1209593506,max_holding,60,0.0662221219,0.0619657504,0.0010000000,0.0010000000,0.0042563715,basic,conservative,True,complete
0f6c05bff4831033,tgs_stable_v2_universe_lab,U15,43d5dd5aa6be3b0638b5af83976e61a214bd9c37,False,True,survivorship-biased exploratory evidence; not Formal Candidate,U15-5801T-0024,5801.T,"The Furukawa Electric Co., Ltd.",Nonferrous metals,2022-12-09,90,2022-12-12,261.7000122070,261.9617122192,235.7655409973,340.5502258850,2023-01-16,235.7655409973,235.5297754563,stop_loss,23,-0.0991000000,-0.1026964036,0.0010000000,0.0010000000,0.0035964036,basic,conservative,True,complete
0f6c05bff4831033,tgs_stable_v2_universe_lab,U15,43d5dd5aa6be3b0638b5af83976e61a214bd9c37,False,True,survivorship-biased exploratory evidence; not Formal Candidate,U15-7011T-0025,7011.T,"Mitsubishi Heavy Industries, Ltd.",Machinery,2022-12-16,120,2022-12-19,550.0000000000,550.5500000000,495.4950000000,715.7150000000,2023-01-05,495.4950000000,494.9995050000,stop_loss,12,-0.0991000000,-0.1026964036,0.0010000000,0.0010000000,0.0035964036,basic,conservative,True,complete
0f6c05bff4831033,tgs_stable_v2_universe_lab,U15,43d5dd5aa6be3b0638b5af83976e61a214bd9c37,False,True,survivorship-biased exploratory evidence; not Formal Candidate,U15-8053T-0040,8053.T,Sumitomo Corp.,Trading companies,2022-12-20,90,2022-12-21,557.0000000000,557.5570000000,501.8013000000,724.8241000000,2023-03-20,556.5000000000,555.9435000000,max_holding,60,-0.0008976661,-0.0048860946,0.0010000000,0.0010000000,0.0039884285,basic,conservative,True,complete
0f6c05bff4831033,tgs_stable_v2_universe_lab,U15,43d5dd5aa6be3b0638b5af83976e61a214bd9c37,False,True,survivorship-biased exploratory evidence; not Formal Candidate,U15-6301T-0032,6301.T,Komatsu Ltd.,Machinery,2023-01-20,100,2023-01-23,3019.0000000000,3022.0190000000,2719.8171000000,3928.6247000000,2023-04-18,3270.0000000000,3266.7300000000,max_holding,60,0.0831401126,0.0788162043,0.0010000000,0.0010000000,0.0043239083,basic,conservative,True,complete
0f6c05bff4831033,tgs_stable_v2_universe_lab,U15,43d5dd5aa6be3b0638b5af83976e61a214bd9c37,False,True,survivorship-biased exploratory evidence; not Formal Candidate,U15-6273T-0049,6273.T,SMC Corporation,Machinery,2023-01-30,100,2023-01-31,66280.0000000000,66346.2800000000,59711.6520000000,86250.1640000000,2023-04-26,66920.0000000000,66853.0800000000,max_holding,60,0.0096560048,0.0056254460,0.0010000000,0.0010000000,0.0040305589,basic,conservative,True,complete
0f6c05bff4831033,tgs_stable_v2_universe_lab,U15,43d5dd5aa6be3b0638b5af83976e61a214bd9c37,False,True,survivorship-biased exploratory evidence; not Formal Candidate,U15-6367T-0037,6367.T,"Daikin Industries, Ltd.",Machinery,2023-02-03,100,2023-02-06,22980.0000000000,23002.9800000000,20702.6820000000,29903.8740000000,2023-05-02,25310.0000000000,25284.6900000000,max_holding,60,0.1013925152,0.0969957431,0.0010000000,0.0010000000,0.0043967721,basic,conservative,True,complete
0f6c05bff4831033,tgs_stable_v2_universe_lab,U15,43d5dd5aa6be3b0638b5af83976e61a214bd9c37,False,True,survivorship-biased exploratory evidence; not Formal Candidate,U15-8058T-0036,8058.T,Mitsubishi Corp.,Trading companies,2023-02-16,100,2023-02-17,1541.0000000000,1542.5410000000,1388.2869000000,2005.3033000000,2023-05-18,1845.6666259766,1843.8209593506,max_holding,60,0.1977070902,0.1929258291,0.0010000000,0.0010000000,0.0047812611,basic,conservative,True,complete
0f6c05bff4831033,tgs_stable_v2_universe_lab,U15,43d5dd5aa6be3b0638b5af83976e61a214bd9c37,False,True,survivorship-biased exploratory evidence; not Formal Candidate,U15-8015T-0038,8015.T,Toyota Tsusho Corp.,Trading companies,2023-02-28,90,2023-03-01,1853.3333740234,1855.1867073975,1669.6680366577,2411.7427196167,2023-05-29,2116.6667480469,2114.5500812988,max_holding,60,0.1420863498,0.1375271274,0.0010000000,0.0010000000,0.0045592224,basic,conservative,True,complete
0f6c05bff4831033,tgs_stable_v2_universe_lab,U15,43d5dd5aa6be3b0638b5af83976e61a214bd9c37,False,True,survivorship-biased exploratory evidence; not Formal Candidate,U15-8801T-0032,8801.T,"Mitsui Fudosan Co., Ltd.",Real estate,2023-03-03,100,2023-03-06,851.6666870117,852.5183536987,767.2665183289,1108.2738598083,2023-06-01,890.8333129883,889.9424796753,max_holding,60,0.0459882094,0.0418126120,0.0010000000,0.0010000000,0.0041755975,basic,conservative,True,complete
0f6c05bff4831033,tgs_stable_v2_universe_lab,U15,43d5dd5aa6be3b0638b5af83976e61a214bd9c37,False,True,survivorship-biased exploratory evidence; not Formal Candidate,U15-8031T-0044,8031.T,"Mitsui & Co., Ltd.",Trading companies,2023-03-10,100,2023-03-13,2062.5000000000,2064.5625000000,1858.1062500000,2683.9312500000,2023-03-20,1858.1062500000,1856.2481437500,stop_loss,6,-0.0991000000,-0.1026964036,0.0010000000,0.0010000000,0.0035964036,basic,conservative,True,complete
0f6c05bff4831033,tgs_stable_v2_universe_lab,U15,43d5dd5aa6be3b0638b5af83976e61a214bd9c37,False,True,survivorship-biased exploratory evidence; not Formal Candidate,U15-8002T-0037,8002.T,Marubeni Corp.,Trading companies,2023-04-11,90,2023-04-12,1881.5000000000,1883.3815000000,1695.0433500000,2448.3959500000,2023-06-16,2448.3959500000,2445.9475540500,take_profit,45,0.3013000000,0.2961051948,0.0010000000,0.0010000000,0.0051948052,basic,conservative,True,complete
0f6c05bff4831033,tgs_stable_v2_universe_lab,U15,43d5dd5aa6be3b0638b5af83976e61a214bd9c37,False,True,survivorship-biased exploratory evidence; not Formal Candidate,U15-8001T-0044,8001.T,Itochu Corp.,Trading companies,2023-04-14,100,2023-04-17,902.0000000000,902.9020000000,812.6118000000,1173.7726000000,2023-06-22,1173.7726000000,1172.5988274000,take_profit,46,0.3013000000,0.2961051948,0.0010000000,0.0010000000,0.0051948052,basic,conservative,True,complete
0f6c05bff4831033,tgs_stable_v2_universe_lab,U15,43d5dd5aa6be3b0638b5af83976e61a214bd9c37,False,True,survivorship-biased exploratory evidence; not Formal Candidate,U15-6301T-0033,6301.T,Komatsu Ltd.,Machinery,2023-04-18,100,2023-04-19,3260.0000000000,3263.2600000000,2936.9340000000,4242.2380000000,2023-07-14,3776.0000000000,3772.2240000000,max_holding,60,0.1582822086,0.1536583321,0.0010000000,0.0010000000,0.0046238765,basic,conservative,True,complete
0f6c05bff4831033,tgs_stable_v2_universe_lab,U15,43d5dd5aa6be3b0638b5af83976e61a214bd9c37,False,True,survivorship-biased exploratory evidence; not Formal Candidate,U15-8031T-0045,8031.T,"Mitsui & Co., Ltd.",Trading companies,2023-04-21,100,2023-04-24,2106.0000000000,2108.1060000000,1897.2954000000,2740.5378000000,2023-06-15,2740.5378000000,2737.7972622000,take_profit,36,0.3013000000,0.2961051948,0.0010000000,0.0010000000,0.0051948052,basic,conservative,True,complete
0f6c05bff4831033,tgs_stable_v2_universe_lab,U15,43d5dd5aa6be3b0638b5af83976e61a214bd9c37,False,True,survivorship-biased exploratory evidence; not Formal Candidate,U15-7011T-0026,7011.T,"Mitsubishi Heavy Industries, Ltd.",Machinery,2023-04-28,100,2023-05-01,519.5999755859,520.1195755615,468.1076180054,676.1554482300,2023-06-14,678.2000122070,677.5218121948,take_profit_gap,30,0.3052348808,0.3000243675,0.0010000000,0.0010000000,0.0052105133,basic,conservative,True,complete
0f6c05bff4831033,tgs_stable_v2_universe_lab,U15,43d5dd5aa6be3b0638b5af83976e61a214bd9c37,False,True,survivorship-biased exploratory evidence; not Formal Candidate,U15-8053T-0041,8053.T,Sumitomo Corp.,Trading companies,2023-05-08,100,2023-05-09,615.0000000000,615.6150000000,554.0535000000,800.2995000000,2023-06-22,800.2995000000,799.4992005000,take_profit,33,0.3013000000,0.2961051948,0.0010000000,0.0010000000,0.0051948052,basic,conservative,True,complete
0f6c05bff4831033,tgs_stable_v2_universe_lab,U15,43d5dd5aa6be3b0638b5af83976e61a214bd9c37,False,True,survivorship-biased exploratory evidence; not Formal Candidate,U15-5802T-0038,5802.T,"Sumitomo Electric Industries, Ltd.",Nonferrous metals,2023-05-15,90,2023-05-16,422.6250000000,423.0476250000,380.7428625000,549.9619125000,2023-08-08,445.8750000000,445.4291250000,max_holding,60,0.0550133097,0.0508016839,0.0010000000,0.0010000000,0.0042116258,basic,conservative,True,complete
0f6c05bff4831033,tgs_stable_v2_universe_lab,U15,43d5dd5aa6be3b0638b5af83976e61a214bd9c37,False,True,survivorship-biased exploratory evidence; not Formal Candidate,U15-6273T-0050,6273.T,SMC Corporation,Machinery,2023-05-17,90,2023-05-18,71850.0000000000,71921.8500000000,64729.6650000000,93498.4050000000,2023-08-10,71050.0000000000,70978.9500000000,max_holding,60,-0.0111343076,-0.0150818713,0.0010000000,0.0010000000,0.0039475637,basic,conservative,True,complete
0f6c05bff4831033,tgs_stable_v2_universe_lab,U15,43d5dd5aa6be3b0638b5af83976e61a214bd9c37,False,True,survivorship-biased exploratory evidence; not Formal Candidate,U15-5803T-0028,5803.T,Fujikura Ltd.,Nonferrous metals,2023-05-26,100,2023-05-29,185.6666717529,185.8523384247,167.2671045822,241.6080399521,2023-08-22,190.1666717529,189.9765050812,max_holding,60,0.0242369832,0.0201482169,0.0010000000,0.0010000000,0.0040887663,basic,conservative,True,complete
0f6c05bff4831033,tgs_stable_v2_universe_lab,U15,43d5dd5aa6be3b0638b5af83976e61a214bd9c37,False,True,survivorship-biased exploratory evidence; not Formal Candidate,U15-6367T-0038,6367.T,"Daikin Industries, Ltd.",Machinery,2023-05-31,90,2023-06-01,26920.0000000000,26946.9200000000,24252.2280000000,35030.9960000000,2023-08-16,24252.2280000000,24227.9757720000,stop_loss,53,-0.0991000000,-0.1026964036,0.0010000000,0.0010000000,0.0035964036,basic,conservative,True,complete
0f6c05bff4831033,tgs_stable_v2_universe_lab,U15,43d5dd5aa6be3b0638b5af83976e61a214bd9c37,False,True,survivorship-biased exploratory evidence; not Formal Candidate,U15-8015T-0039,8015.T,Toyota Tsusho Corp.,Trading companies,2023-05-31,90,2023-06-01,2060.0000000000,2062.0600000000,1855.8540000000,2680.6780000000,2023-07-31,2680.6780000000,2677.9973220000,take_profit,42,0.3013000000,0.2961051948,0.0010000000,0.0010000000,0.0051948052,basic,conservative,True,complete
0f6c05bff4831033,tgs_stable_v2_universe_lab,U15,43d5dd5aa6be3b0638b5af83976e61a214bd9c37,False,True,survivorship-biased exploratory evidence; not Formal Candidate,U15-8058T-0037,8058.T,Mitsubishi Corp.,Trading companies,2023-05-31,90,2023-06-01,1890.0000000000,1891.8900000000,1702.7010000000,2459.4570000000,2023-06-22,2459.4570000000,2456.9975430000,take_profit,16,0.3013000000,0.2961051948,0.0010000000,0.0010000000,0.0051948052,basic,conservative,True,complete
0f6c05bff4831033,tgs_stable_v2_universe_lab,U15,43d5dd5aa6be3b0638b5af83976e61a214bd9c37,False,True,survivorship-biased exploratory evidence; not Formal Candidate,U15-8801T-0033,8801.T,"Mitsui Fudosan Co., Ltd.",Real estate,2023-06-16,90,2023-06-19,960.0000000000,960.9600000000,864.8640000000,1249.2480000000,2023-09-12,1115.6666259766,1114.5509593506,max_holding,60,0.1621527354,0.1575134077,0.0010000000,0.0010000000,0.0046393276,basic,conservative,True,complete
0f6c05bff4831033,tgs_stable_v2_universe_lab,U15,43d5dd5aa6be3b0638b5af83976e61a214bd9c37,False,True,survivorship-biased exploratory evidence; not Formal Candidate,U15-5801T-0025,5801.T,"The Furukawa Electric Co., Ltd.",Nonferrous metals,2023-06-27,90,2023-06-28,248.1999969482,248.4481969452,223.6033772507,322.9826560287,2023-09-22,254.1999969482,253.9457969513,max_holding,60,0.0241740535,0.0200855384,0.0010000000,0.0010000000,0.0040885151,basic,conservative,True,complete
0f6c05bff4831033,tgs_stable_v2_universe_lab,U15,43d5dd5aa6be3b0638b5af83976e61a214bd9c37,False,True,survivorship-biased exploratory evidence; not Formal Candidate,U15-8002T-0038,8002.T,Marubeni Corp.,Trading companies,2023-06-27,90,2023-06-28,2453.0000000000,2455.4530000000,2209.9077000000,3192.0889000000,2023-09-22,2456.0000000000,2453.5440000000,max_holding,60,0.0012229923,-0.0027739019,0.0010000000,0.0010000000,0.0039968942,basic,conservative,True,complete
0f6c05bff4831033,tgs_stable_v2_universe_lab,U15,43d5dd5aa6be3b0638b5af83976e61a214bd9c37,False,True,survivorship-biased exploratory evidence; not Formal Candidate,U15-6301T-0034,6301.T,Komatsu Ltd.,Machinery,2023-07-28,90,2023-07-31,4015.0000000000,4019.0150000000,3617.1135000000,5224.7195000000,2023-10-24,3617.1135000000,3613.4963865000,stop_loss,59,-0.0991000000,-0.1026964036,0.0010000000,0.0010000000,0.0035964036,basic,conservative,True,complete
0f6c05bff4831033,tgs_stable_v2_universe_lab,U15,43d5dd5aa6be3b0638b5af83976e61a214bd9c37,False,True,survivorship-biased exploratory evidence; not Formal Candidate,U15-8053T-0042,8053.T,Sumitomo Corp.,Trading companies,2023-08-03,90,2023-08-04,730.5000000000,731.2305000000,658.1074500000,950.5996500000,2023-10-31,734.6250000000,733.8903750000,max_holding,60,0.0056468172,0.0016322631,0.0010000000,0.0010000000,0.0040145541,basic,conservative,True,complete
0f6c05bff4831033,tgs_stable_v2_universe_lab,U15,43d5dd5aa6be3b0638b5af83976e61a214bd9c37,False,True,survivorship-biased exploratory evidence; not Formal Candidate,U15-8001T-0045,8001.T,Itochu Corp.,Trading companies,2023-08-04,90,2023-08-07,1100.0000000000,1101.1000000000,990.9900000000,1431.4300000000,2023-11-01,1110.8000488281,1109.6892487793,max_holding,60,0.0098182262,0.0057870197,0.0010000000,0.0010000000,0.0040312065,basic,conservative,True,complete
0f6c05bff4831033,tgs_stable_v2_universe_lab,U15,43d5dd5aa6be3b0638b5af83976e61a214bd9c37,False,True,survivorship-biased exploratory evidence; not Formal Candidate,U15-5802T-0039,5802.T,"Sumitomo Electric Industries, Ltd.",Nonferrous metals,2023-08-14,100,2023-08-15,446.8750000000,447.3218750000,402.5896875000,581.5184375000,2023-10-20,402.2500000000,401.8477500000,stop_gap,47,-0.0998601399,-0.1034535090,0.0010000000,0.0010000000,0.0035933691,basic,conservative,True,complete
0f6c05bff4831033,tgs_stable_v2_universe_lab,U15,43d5dd5aa6be3b0638b5af83976e61a214bd9c37,False,True,survivorship-biased exploratory evidence; not Formal Candidate,U15-8802T-0035,8802.T,"Mitsubishi Estate Co., Ltd.",Real estate,2023-08-14,90,2023-08-15,1726.0000000000,1727.7260000000,1554.9534000000,2246.0438000000,2023-11-09,1990.5000000000,1988.5095000000,max_holding,60,0.1532444959,0.1486407301,0.0010000000,0.0010000000,0.0046037658,basic,conservative,True,complete
0f6c05bff4831033,tgs_stable_v2_universe_lab,U15,43d5dd5aa6be3b0638b5af83976e61a214bd9c37,False,True,survivorship-biased exploratory evidence; not Formal Candidate,U15-8058T-0038,8058.T,Mitsubishi Corp.,Trading companies,2023-08-31,90,2023-09-01,2391.3332519531,2393.7245852051,2154.3521266846,3111.8419607666,2023-11-29,2310.3332519531,2308.0229187012,max_holding,60,-0.0338723179,-0.0377291111,0.0010000000,0.0010000000,0.0038567933,basic,conservative,True,complete
0f6c05bff4831033,tgs_stable_v2_universe_lab,U15,43d5dd5aa6be3b0638b5af83976e61a214bd9c37,False,True,survivorship-biased exploratory evidence; not Formal Candidate,U15-5803T-0029,5803.T,Fujikura Ltd.,Nonferrous metals,2023-09-01,100,2023-09-04,202.5000000000,202.7025000000,182.4322500000,263.5132500000,2023-10-24,182.4322500000,182.2498177500,stop_loss,35,-0.0991000000,-0.1026964036,0.0010000000,0.0010000000,0.0035964036,basic,conservative,True,complete
0f6c05bff4831033,tgs_stable_v2_universe_lab,U15,43d5dd5aa6be3b0638b5af83976e61a214bd9c37,False,True,survivorship-biased exploratory evidence; not Formal Candidate,U15-7011T-0027,7011.T,"Mitsubishi Heavy Industries, Ltd.",Machinery,2023-09-12,90,2023-09-13,840.5000000000,841.3405000000,757.2064500000,1093.7426500000,2023-10-04,757.2064500000,756.4492435500,stop_loss,15,-0.0991000000,-0.1026964036,0.0010000000,0.0010000000,0.0035964036,basic,conservative,True,complete
0f6c05bff4831033,tgs_stable_v2_universe_lab,U15,43d5dd5aa6be3b0638b5af83976e61a214bd9c37,False,True,survivorship-biased exploratory evidence; not Formal Candidate,U15-5801T-0026,5801.T,"The Furukawa Electric Co., Ltd.",Nonferrous metals,2023-09-28,90,2023-09-29,245.7500000000,245.9957500000,221.3961750000,319.7944750000,2023-10-30,221.3961750000,221.1747788250,stop_loss,21,-0.0991000000,-0.1026964036,0.0010000000,0.0010000000,0.0035964036,basic,conservative,True,complete
0f6c05bff4831033,tgs_stable_v2_universe_lab,U15,43d5dd5aa6be3b0638b5af83976e61a214bd9c37,False,True,survivorship-biased exploratory evidence; not Formal Candidate,U15-8015T-0040,8015.T,Toyota Tsusho Corp.,Trading companies,2023-09-29,90,2023-10-02,2962.6667480469,2965.6294147949,2669.0664733154,3855.3182392334,2023-10-04,2669.0664733154,2666.3974068421,stop_loss,3,-0.0991000000,-0.1026964036,0.0010000000,0.0010000000,0.0035964036,basic,conservative,True,complete
0f6c05bff4831033,tgs_stable_v2_universe_lab,U15,43d5dd5aa6be3b0638b5af83976e61a214bd9c37,False,True,survivorship-biased exploratory evidence; not Formal Candidate,U15-8801T-0034,8801.T,"Mitsui Fudosan Co., Ltd.",Real estate,2023-10-30,90,2023-10-31,1064.6666259766,1065.7312926025,959.1581633423,1385.4506803833,2024-01-30,1221.0000000000,1219.7790000000,max_holding,60,0.1468378647,0.1422596742,0.0010000000,0.0010000000,0.0045781905,basic,conservative,True,complete
0f6c05bff4831033,tgs_stable_v2_universe_lab,U15,43d5dd5aa6be3b0638b5af83976e61a214bd9c37,False,True,survivorship-biased exploratory evidence; not Formal Candidate,U15-6273T-0051,6273.T,SMC Corporation,Machinery,2023-11-10,100,2023-11-13,77200.0000000000,77277.2000000000,69549.4800000000,100460.3600000000,2024-02-09,81290.0000000000,81208.7100000000,max_holding,60,0.0529792746,0.0487757687,0.0010000000,0.0010000000,0.0042035059,basic,conservative,True,complete
0f6c05bff4831033,tgs_stable_v2_universe_lab,U15,43d5dd5aa6be3b0638b5af83976e61a214bd9c37,False,True,survivorship-biased exploratory evidence; not Formal Candidate,U15-8802T-0036,8802.T,"Mitsubishi Estate Co., Ltd.",Real estate,2023-11-14,90,2023-11-15,1932.0000000000,1933.9320000000,1740.5388000000,2514.1116000000,2024-02-14,2033.5000000000,2031.4665000000,max_holding,60,0.0525362319,0.0483344946,0.0010000000,0.0010000000,0.0042017373,basic,conservative,True,complete
0f6c05bff4831033,tgs_stable_v2_universe_lab,U15,43d5dd5aa6be3b0638b5af83976e61a214bd9c37,False,True,survivorship-biased exploratory evidence; not Formal Candidate,U15-5802T-0040,5802.T,"Sumitomo Electric Industries, Ltd.",Nonferrous metals,2023-11-20,100,2023-11-21,453.7500000000,454.2037500000,408.7833750000,590.4648750000,2024-02-20,537.1250000000,536.5878750000,max_holding,60,0.1837465565,0.1790210260,0.0010000000,0.0010000000,0.0047255304,basic,conservative,True,complete
0f6c05bff4831033,tgs_stable_v2_universe_lab,U15,43d5dd5aa6be3b0638b5af83976e61a214bd9c37,False,True,survivorship-biased exploratory evidence; not Formal Candidate,U15-8001T-0046,8001.T,Itochu Corp.,Trading companies,2023-11-21,120,2023-11-22,1180.0000000000,1181.1800000000,1063.0620000000,1535.5340000000,2024-02-21,1329.5999755859,1328.2703756104,max_holding,60,0.1267796403,0.1222815225,0.0010000000,0.0010000000,0.0044981178,basic,conservative,True,complete
0f6c05bff4831033,tgs_stable_v2_universe_lab,U15,43d5dd5aa6be3b0638b5af83976e61a214bd9c37,False,True,survivorship-biased exploratory evidence; not Formal Candidate,U15-6367T-0039,6367.T,"Daikin Industries, Ltd.",Machinery,2024-01-05,100,2024-01-09,22990.0000000000,23012.9900000000,20711.6910000000,29916.8870000000,2024-02-07,20500.0000000000,20479.5000000000,stop_gap,22,-0.1083079600,-0.1118676053,0.0010000000,0.0010000000,0.0035596453,basic,conservative,True,complete
0f6c05bff4831033,tgs_stable_v2_universe_lab,U15,43d5dd5aa6be3b0638b5af83976e61a214bd9c37,False,True,survivorship-biased exploratory evidence; not Formal Candidate,U15-8002T-0039,8002.T,Marubeni Corp.,Trading companies,2024-01-24,100,2024-01-25,2475.0000000000,2477.4750000000,2229.7275000000,3220.7175000000,2024-04-22,2645.5000000000,2642.8545000000,max_holding,60,0.0688888889,0.0646218716,0.0010000000,0.0010000000,0.0042670173,basic,conservative,True,complete
0f6c05bff4831033,tgs_stable_v2_universe_lab,U15,43d5dd5aa6be3b0638b5af83976e61a214bd9c37,False,True,survivorship-biased exploratory evidence; not Formal Candidate,U15-8053T-0043,8053.T,Sumitomo Corp.,Trading companies,2024-01-24,100,2024-01-25,833.2500000000,834.0832500000,750.6749250000,1084.3082250000,2024-04-22,945.2500000000,944.3047500000,max_holding,60,0.1344134413,0.1298848493,0.0010000000,0.0010000000,0.0045285921,basic,conservative,True,complete
0f6c05bff4831033,tgs_stable_v2_universe_lab,U15,43d5dd5aa6be3b0638b5af83976e61a214bd9c37,False,True,survivorship-biased exploratory evidence; not Formal Candidate,U15-5803T-0030,5803.T,Fujikura Ltd.,Nonferrous metals,2024-01-26,100,2024-01-29,194.0000000000,194.1940000000,174.7746000000,252.4522000000,2024-02-09,259.6666564941,259.4069898376,take_profit_gap,10,0.3384879201,0.3331446603,0.0010000000,0.0010000000,0.0053432598,basic,conservative,True,complete
0f6c05bff4831033,tgs_stable_v2_universe_lab,U15,43d5dd5aa6be3b0638b5af83976e61a214bd9c37,False,True,survivorship-biased exploratory evidence; not Formal Candidate,U15-6301T-0035,6301.T,Komatsu Ltd.,Machinery,2024-01-26,100,2024-01-29,3904.0000000000,3907.9040000000,3517.1136000000,5080.2752000000,2024-04-24,4527.0000000000,4522.4730000000,max_holding,60,0.1595799180,0.1549508611,0.0010000000,0.0010000000,0.0046290569,basic,conservative,True,complete
0f6c05bff4831033,tgs_stable_v2_universe_lab,U15,43d5dd5aa6be3b0638b5af83976e61a214bd9c37,False,True,survivorship-biased exploratory evidence; not Formal Candidate,U15-8058T-0039,8058.T,Mitsubishi Corp.,Trading companies,2024-01-26,100,2024-01-29,2510.0000000000,2512.5100000000,2261.2590000000,3266.2630000000,2024-02-20,3266.2630000000,3262.9967370000,take_profit,16,0.3013000000,0.2961051948,0.0010000000,0.0010000000,0.0051948052,basic,conservative,True,complete
0f6c05bff4831033,tgs_stable_v2_universe_lab,U15,43d5dd5aa6be3b0638b5af83976e61a214bd9c37,False,True,survivorship-biased exploratory evidence; not Formal Candidate,U15-8031T-0046,8031.T,"Mitsui & Co., Ltd.",Trading companies,2024-02-02,90,2024-02-05,2949.5000000000,2952.4495000000,2657.2045500000,3838.1843500000,2024-04-30,3838.1843500000,3834.3461656500,take_profit,58,0.3013000000,0.2961051948,0.0010000000,0.0010000000,0.0051948052,basic,conservative,True,complete
0f6c05bff4831033,tgs_stable_v2_universe_lab,U15,43d5dd5aa6be3b0638b5af83976e61a214bd9c37,False,True,survivorship-biased exploratory evidence; not Formal Candidate,U15-8015T-0041,8015.T,Toyota Tsusho Corp.,Trading companies,2024-02-05,90,2024-02-06,3083.3332519531,3086.4165852051,2777.7749266846,4012.3415607666,2024-05-07,3376.6667480469,3373.2900812988,max_holding,60,0.0951351904,0.0907633976,0.0010000000,0.0010000000,0.0043717928,basic,conservative,True,complete
0f6c05bff4831033,tgs_stable_v2_universe_lab,U15,43d5dd5aa6be3b0638b5af83976e61a214bd9c37,False,True,survivorship-biased exploratory evidence; not Formal Candidate,U15-8801T-0035,8801.T,"Mitsui Fudosan Co., Ltd.",Real estate,2024-02-06,90,2024-02-07,1316.3333740234,1317.6497073975,1185.8847366577,1712.9446196167,2024-05-08,1575.0000000000,1573.4250000000,max_holding,60,0.1965054074,0.1917289435,0.0010000000,0.0010000000,0.0047764639,basic,conservative,True,complete
0f6c05bff4831033,tgs_stable_v2_universe_lab,U15,43d5dd5aa6be3b0638b5af83976e61a214bd9c37,False,True,survivorship-biased exploratory evidence; not Formal Candidate,U15-6273T-0052,6273.T,SMC Corporation,Machinery,2024-02-13,90,2024-02-14,77410.0000000000,77487.4100000000,69738.6690000000,100733.6330000000,2024-05-14,82490.0000000000,82407.5100000000,max_holding,60,0.0656245963,0.0613706101,0.0010000000,0.0010000000,0.0042539862,basic,conservative,True,complete
0f6c05bff4831033,tgs_stable_v2_universe_lab,U15,43d5dd5aa6be3b0638b5af83976e61a214bd9c37,False,True,survivorship-biased exploratory evidence; not Formal Candidate,U15-5801T-0027,5801.T,"The Furukawa Electric Co., Ltd.",Nonferrous metals,2024-03-15,90,2024-03-18,303.6000061035,303.9036061096,273.5132454987,395.0746879425,2024-05-14,395.0746879425,394.6796132546,take_profit,38,0.3013000000,0.2961051948,0.0010000000,0.0010000000,0.0051948052,basic,conservative,True,complete
0f6c05bff4831033,tgs_stable_v2_universe_lab,U15,43d5dd5aa6be3b0638b5af83976e61a214bd9c37,False,True,survivorship-biased exploratory evidence; not Formal Candidate,U15-5803T-0031,5803.T,Fujikura Ltd.,Nonferrous metals,2024-04-19,90,2024-04-22,441.7500000000,442.1917500000,397.9725750000,574.8492750000,2024-05-29,574.8492750000,574.2744257250,take_profit,25,0.3013000000,0.2961051948,0.0010000000,0.0010000000,0.0051948052,basic,conservative,True,complete
0f6c05bff4831033,tgs_stable_v2_universe_lab,U15,43d5dd5aa6be3b0638b5af83976e61a214bd9c37,False,True,survivorship-biased exploratory evidence; not Formal Candidate,U15-6301T-0036,6301.T,Komatsu Ltd.,Machinery,2024-04-25,90,2024-04-26,4190.0000000000,4194.1900000000,3774.7710000000,5452.4470000000,2024-07-24,4705.0000000000,4700.2950000000,max_holding,60,0.1229116945,0.1184290176,0.0010000000,0.0010000000,0.0044826769,basic,conservative,True,complete
0f6c05bff4831033,tgs_stable_v2_universe_lab,U15,43d5dd5aa6be3b0638b5af83976e61a214bd9c37,False,True,survivorship-biased exploratory evidence; not Formal Candidate,U15-8031T-0047,8031.T,"Mitsui & Co., Ltd.",Trading companies,2024-04-30,90,2024-05-01,3833.5000000000,3837.3335000000,3453.6001500000,4988.5335500000,2024-07-25,3453.6001500000,3450.1465498500,stop_loss,59,-0.0991000000,-0.1026964036,0.0010000000,0.0010000000,0.0035964036,basic,conservative,True,complete
0f6c05bff4831033,tgs_stable_v2_universe_lab,U15,43d5dd5aa6be3b0638b5af83976e61a214bd9c37,False,True,survivorship-biased exploratory evidence; not Formal Candidate,U15-8058T-0040,8058.T,Mitsubishi Corp.,Trading companies,2024-04-30,90,2024-05-01,3594.0000000000,3597.5940000000,3237.8346000000,4676.8722000000,2024-06-05,3237.8346000000,3234.5967654000,stop_loss,24,-0.0991000000,-0.1026964036,0.0010000000,0.0010000000,0.0035964036,basic,conservative,True,complete
0f6c05bff4831033,tgs_stable_v2_universe_lab,U15,43d5dd5aa6be3b0638b5af83976e61a214bd9c37,False,True,survivorship-biased exploratory evidence; not Formal Candidate,U15-7011T-0028,7011.T,"Mitsubishi Heavy Industries, Ltd.",Machinery,2024-05-08,90,2024-05-09,1300.0000000000,1301.3000000000,1171.1700000000,1691.6900000000,2024-06-27,1691.6900000000,1689.9983100000,take_profit,36,0.3013000000,0.2961051948,0.0010000000,0.0010000000,0.0051948052,basic,conservative,True,complete
0f6c05bff4831033,tgs_stable_v2_universe_lab,U15,43d5dd5aa6be3b0638b5af83976e61a214bd9c37,False,True,survivorship-biased exploratory evidence; not Formal Candidate,U15-8001T-0047,8001.T,Itochu Corp.,Trading companies,2024-05-08,120,2024-05-09,1442.1999511719,1443.6421511230,1299.2779360107,1876.7347964600,2024-08-01,1478.8000488281,1477.3212487793,max_holding,60,0.0253779635,0.0212846423,0.0010000000,0.0010000000,0.0040933211,basic,conservative,True,complete
0f6c05bff4831033,tgs_stable_v2_universe_lab,U15,43d5dd5aa6be3b0638b5af83976e61a214bd9c37,False,True,survivorship-biased exploratory evidence; not Formal Candidate,U15-5802T-0041,5802.T,"Sumitomo Electric Industries, Ltd.",Nonferrous metals,2024-05-13,90,2024-05-14,595.7500000000,596.3457500000,536.7111750000,775.2494750000,2024-08-05,512.7500000000,512.2372500000,stop_gap,59,-0.1393201846,-0.1427560288,0.0010000000,0.0010000000,0.0034358441,basic,conservative,True,complete
0f6c05bff4831033,tgs_stable_v2_universe_lab,U15,43d5dd5aa6be3b0638b5af83976e61a214bd9c37,False,True,survivorship-biased exploratory evidence; not Formal Candidate,U15-8801T-0036,8801.T,"Mitsui Fudosan Co., Ltd.",Real estate,2024-05-13,90,2024-05-14,1468.0000000000,1469.4680000000,1322.5212000000,1910.3084000000,2024-08-05,1281.0000000000,1279.7190000000,stop_gap,59,-0.1273841962,-0.1308676889,0.0010000000,0.0010000000,0.0034834927,basic,conservative,True,complete
0f6c05bff4831033,tgs_stable_v2_universe_lab,U15,43d5dd5aa6be3b0638b5af83976e61a214bd9c37,False,True,survivorship-biased exploratory evidence; not Formal Candidate,U15-6367T-0040,6367.T,"Daikin Industries, Ltd.",Machinery,2024-05-21,90,2024-05-22,23950.0000000000,23973.9500000000,21576.5550000000,31166.1350000000,2024-07-26,21576.5550000000,21554.9784450000,stop_loss,47,-0.0991000000,-0.1026964036,0.0010000000,0.0010000000,0.0035964036,basic,conservative,True,complete
0f6c05bff4831033,tgs_stable_v2_universe_lab,U15,43d5dd5aa6be3b0638b5af83976e61a214bd9c37,False,True,survivorship-biased exploratory evidence; not Formal Candidate,U15-8002T-0040,8002.T,Marubeni Corp.,Trading companies,2024-05-31,90,2024-06-03,3099.0000000000,3102.0990000000,2791.8891000000,4032.7287000000,2024-07-25,2791.8891000000,2789.0972109000,stop_loss,38,-0.0991000000,-0.1026964036,0.0010000000,0.0010000000,0.0035964036,basic,conservative,True,complete
0f6c05bff4831033,tgs_stable_v2_universe_lab,U15,43d5dd5aa6be3b0638b5af83976e61a214bd9c37,False,True,survivorship-biased exploratory evidence; not Formal Candidate,U15-8053T-0044,8053.T,Sumitomo Corp.,Trading companies,2024-05-31,90,2024-06-03,1030.0000000000,1031.0300000000,927.9270000000,1340.3390000000,2024-08-01,901.0000000000,900.0990000000,stop_gap,43,-0.1252427184,-0.1287347600,0.0010000000,0.0010000000,0.0034920416,basic,conservative,True,complete
0f6c05bff4831033,tgs_stable_v2_universe_lab,U15,43d5dd5aa6be3b0638b5af83976e61a214bd9c37,False,True,survivorship-biased exploratory evidence; not Formal Candidate,U15-5801T-0028,5801.T,"The Furukawa Electric Co., Ltd.",Nonferrous metals,2024-06-04,90,2024-06-05,417.6000061035,418.0176061096,376.2158454987,543.4228879425,2024-07-25,369.8999938965,369.5300939026,stop_gap,36,-0.1142241655,-0.1177601932,0.0010000000,0.0010000000,0.0035360277,basic,conservative,True,complete
0f6c05bff4831033,tgs_stable_v2_universe_lab,U15,43d5dd5aa6be3b0638b5af83976e61a214bd9c37,False,True,survivorship-biased exploratory evidence; not Formal Candidate,U15-7011T-0029,7011.T,"Mitsubishi Heavy Industries, Ltd.",Machinery,2024-07-10,90,2024-07-11,1876.0000000000,1877.8760000000,1690.0884000000,2441.2388000000,2024-08-02,1600.0000000000,1598.4000000000,stop_gap,16,-0.1471215352,-0.1505262362,0.0010000000,0.0010000000,0.0034047011,basic,conservative,True,complete
0f6c05bff4831033,tgs_stable_v2_universe_lab,U15,43d5dd5aa6be3b0638b5af83976e61a214bd9c37,False,True,survivorship-biased exploratory evidence; not Formal Candidate,U15-7011T-0030,7011.T,"Mitsubishi Heavy Industries, Ltd.",Machinery,2024-08-06,90,2024-08-07,1504.5000000000,1506.0045000000,1355.4040500000,1957.8058500000,2024-08-16,1985.0000000000,1983.0150000000,take_profit_gap,7,0.3193752077,0.3141082461,0.0010000000,0.0010000000,0.0052669616,basic,conservative,True,complete
0f6c05bff4831033,tgs_stable_v2_universe_lab,U15,43d5dd5aa6be3b0638b5af83976e61a214bd9c37,False,True,survivorship-biased exploratory evidence; not Formal Candidate,U15-7011T-0031,7011.T,"Mitsubishi Heavy Industries, Ltd.",Machinery,2024-08-16,100,2024-08-19,1903.0000000000,1904.9030000000,1714.4127000000,2476.3739000000,2024-09-06,1714.4127000000,1712.6982873000,stop_loss,15,-0.0991000000,-0.1026964036,0.0010000000,0.0010000000,0.0035964036,basic,conservative,True,complete
0f6c05bff4831033,tgs_stable_v2_universe_lab,U15,43d5dd5aa6be3b0638b5af83976e61a214bd9c37,False,True,survivorship-biased exploratory evidence; not Formal Candidate,U15-5803T-0032,5803.T,Fujikura Ltd.,Nonferrous metals,2024-08-26,100,2024-08-27,637.5000000000,638.1375000000,574.3237500000,829.5787500000,2024-09-26,829.5787500000,828.7491712500,take_profit,21,0.3013000000,0.2961051948,0.0010000000,0.0010000000,0.0051948052,basic,conservative,True,complete
0f6c05bff4831033,tgs_stable_v2_universe_lab,U15,43d5dd5aa6be3b0638b5af83976e61a214bd9c37,False,True,survivorship-biased exploratory evidence; not Formal Candidate,U15-7011T-0032,7011.T,"Mitsubishi Heavy Industries, Ltd.",Machinery,2024-09-27,100,2024-09-30,2121.0000000000,2123.1210000000,1910.8089000000,2760.0573000000,2024-12-24,2216.0000000000,2213.7840000000,max_holding,60,0.0447901933,0.0406193783,0.0010000000,0.0010000000,0.0041708150,basic,conservative,True,complete
0f6c05bff4831033,tgs_stable_v2_universe_lab,U15,43d5dd5aa6be3b0638b5af83976e61a214bd9c37,False,True,survivorship-biased exploratory evidence; not Formal Candidate,U15-8001T-0048,8001.T,Itochu Corp.,Trading companies,2024-10-04,100,2024-10-07,1592.4000244141,1593.9924244385,1434.5931819946,2072.1901517700,2025-01-06,1559.4000244141,1557.8406243896,max_holding,60,-0.0207234360,-0.0246327198,0.0010000000,0.0010000000,0.0039092838,basic,conservative,True,complete
0f6c05bff4831033,tgs_stable_v2_universe_lab,U15,43d5dd5aa6be3b0638b5af83976e61a214bd9c37,False,True,survivorship-biased exploratory evidence; not Formal Candidate,U15-5803T-0033,5803.T,Fujikura Ltd.,Nonferrous metals,2024-10-17,90,2024-10-18,870.3333129883,871.2036463013,784.0832816711,1132.5647401917,2025-01-09,1132.5647401917,1131.4321754515,take_profit,55,0.3013000000,0.2961051948,0.0010000000,0.0010000000,0.0051948052,basic,conservative,True,complete
0f6c05bff4831033,tgs_stable_v2_universe_lab,U15,43d5dd5aa6be3b0638b5af83976e61a214bd9c37,False,True,survivorship-biased exploratory evidence; not Formal Candidate,U15-6301T-0037,6301.T,Komatsu Ltd.,Machinery,2024-11-08,100,2024-11-11,4210.0000000000,4214.2100000000,3792.7890000000,5478.4730000000,2025-02-07,4544.0000000000,4539.4560000000,max_holding,60,0.0793349169,0.0750261989,0.0010000000,0.0010000000,0.0043087179,basic,conservative,True,complete
0f6c05bff4831033,tgs_stable_v2_universe_lab,U15,43d5dd5aa6be3b0638b5af83976e61a214bd9c37,False,True,survivorship-biased exploratory evidence; not Formal Candidate,U15-5801T-0029,5801.T,"The Furukawa Electric Co., Ltd.",Nonferrous metals,2024-11-11,100,2024-11-12,543.0999755859,543.6430755615,489.2787680054,706.7359982300,2024-12-05,706.7359982300,706.0292622318,take_profit,18,0.3013000000,0.2961051948,0.0010000000,0.0010000000,0.0051948052,basic,conservative,True,complete
0f6c05bff4831033,tgs_stable_v2_universe_lab,U15,43d5dd5aa6be3b0638b5af83976e61a214bd9c37,False,True,survivorship-biased exploratory evidence; not Formal Candidate,U15-5802T-0042,5802.T,"Sumitomo Electric Industries, Ltd.",Nonferrous metals,2024-11-11,100,2024-11-12,680.2500000000,680.9302500000,612.8372250000,885.2093250000,2025-02-10,710.7500000000,710.0392500000,max_holding,60,0.0448364572,0.0406654575,0.0010000000,0.0010000000,0.0041709997,basic,conservative,True,complete
0f6c05bff4831033,tgs_stable_v2_universe_lab,U15,43d5dd5aa6be3b0638b5af83976e61a214bd9c37,False,True,survivorship-biased exploratory evidence; not Formal Candidate,U15-8015T-0042,8015.T,Toyota Tsusho Corp.,Trading companies,2024-11-15,100,2024-11-18,2698.5000000000,2701.1985000000,2431.0786500000,3511.5580500000,2025-02-17,2496.0000000000,2493.5040000000,max_holding,60,-0.0750416898,-0.0787341345,0.0010000000,0.0010000000,0.0036924447,basic,conservative,True,complete
0f6c05bff4831033,tgs_stable_v2_universe_lab,U15,43d5dd5aa6be3b0638b5af83976e61a214bd9c37,False,True,survivorship-biased exploratory evidence; not Formal Candidate,U15-8031T-0048,8031.T,"Mitsui & Co., Ltd.",Trading companies,2024-11-15,100,2024-11-18,3230.0000000000,3233.2300000000,2909.9070000000,4203.1990000000,2025-02-06,2909.9070000000,2906.9970930000,stop_loss,54,-0.0991000000,-0.1026964036,0.0010000000,0.0010000000,0.0035964036,basic,conservative,True,complete
0f6c05bff4831033,tgs_stable_v2_universe_lab,U15,43d5dd5aa6be3b0638b5af83976e61a214bd9c37,False,True,survivorship-biased exploratory evidence; not Formal Candidate,U15-8053T-0045,8053.T,Sumitomo Corp.,Trading companies,2024-12-13,100,2024-12-16,832.5000000000,833.3325000000,749.9992500000,1083.3322500000,2025-03-18,904.5000000000,903.5955000000,max_holding,60,0.0864864865,0.0821492194,0.0010000000,0.0010000000,0.0043372671,basic,conservative,True,complete
0f6c05bff4831033,tgs_stable_v2_universe_lab,U15,43d5dd5aa6be3b0638b5af83976e61a214bd9c37,False,True,survivorship-biased exploratory evidence; not Formal Candidate,U15-8002T-0041,8002.T,Marubeni Corp.,Trading companies,2024-12-27,100,2024-12-30,2404.5000000000,2406.9045000000,2166.2140500000,3128.9758500000,2025-04-02,2373.0000000000,2370.6270000000,max_holding,60,-0.0131004367,-0.0170401516,0.0010000000,0.0010000000,0.0039397149,basic,conservative,True,complete
0f6c05bff4831033,tgs_stable_v2_universe_lab,U15,43d5dd5aa6be3b0638b5af83976e61a214bd9c37,False,True,survivorship-biased exploratory evidence; not Formal Candidate,U15-5803T-0034,5803.T,Fujikura Ltd.,Nonferrous metals,2025-01-09,90,2025-01-10,1053.1666259766,1054.2197926025,948.7978133423,1370.4857303833,2025-01-29,948.7978133423,947.8490155289,stop_loss,13,-0.0991000000,-0.1026964036,0.0010000000,0.0010000000,0.0035964036,basic,conservative,True,complete
0f6c05bff4831033,tgs_stable_v2_universe_lab,U15,43d5dd5aa6be3b0638b5af83976e61a214bd9c37,False,True,survivorship-biased exploratory evidence; not Formal Candidate,U15-5801T-0030,5801.T,"The Furukawa Electric Co., Ltd.",Nonferrous metals,2025-01-16,90,2025-01-17,705.2999877930,706.0052877808,635.4047590027,917.8068741150,2025-02-26,630.7999877930,630.1691878052,stop_gap,27,-0.1056288123,-0.1091991528,0.0010000000,0.0010000000,0.0035703405,basic,conservative,True,complete
0f6c05bff4831033,tgs_stable_v2_universe_lab,U15,43d5dd5aa6be3b0638b5af83976e61a214bd9c37,False,True,survivorship-biased exploratory evidence; not Formal Candidate,U15-8801T-0037,8801.T,"Mitsui Fudosan Co., Ltd.",Real estate,2025-01-24,100,2025-01-27,1354.5000000000,1355.8545000000,1220.2690500000,1762.6108500000,2025-04-23,1458.0000000000,1456.5420000000,max_holding,60,0.0764119601,0.0721149107,0.0010000000,0.0010000000,0.0042970494,basic,conservative,True,complete
0f6c05bff4831033,tgs_stable_v2_universe_lab,U15,43d5dd5aa6be3b0638b5af83976e61a214bd9c37,False,True,survivorship-biased exploratory evidence; not Formal Candidate,U15-8802T-0037,8802.T,"Mitsubishi Estate Co., Ltd.",Real estate,2025-01-24,120,2025-01-27,2226.0000000000,2228.2260000000,2005.4034000000,2896.6938000000,2025-04-23,2549.0000000000,2546.4510000000,max_holding,60,0.1451033243,0.1405320582,0.0010000000,0.0010000000,0.0045712662,basic,conservative,True,complete
0f6c05bff4831033,tgs_stable_v2_universe_lab,U15,43d5dd5aa6be3b0638b5af83976e61a214bd9c37,False,True,survivorship-biased exploratory evidence; not Formal Candidate,U15-5803T-0035,5803.T,Fujikura Ltd.,Nonferrous metals,2025-01-29,120,2025-01-30,996.6666870117,997.6633536987,897.8970183289,1296.9623598083,2025-03-11,897.8970183289,896.9991213105,stop_loss,27,-0.0991000000,-0.1026964036,0.0010000000,0.0010000000,0.0035964036,basic,conservative,True,complete
0f6c05bff4831033,tgs_stable_v2_universe_lab,U15,43d5dd5aa6be3b0638b5af83976e61a214bd9c37,False,True,survivorship-biased exploratory evidence; not Formal Candidate,U15-6301T-0038,6301.T,Komatsu Ltd.,Machinery,2025-02-28,90,2025-03-03,4485.0000000000,4489.4850000000,4040.5365000000,5836.3305000000,2025-04-04,4040.5365000000,4036.4959635000,stop_loss,24,-0.0991000000,-0.1026964036,0.0010000000,0.0010000000,0.0035964036,basic,conservative,True,complete
0f6c05bff4831033,tgs_stable_v2_universe_lab,U15,43d5dd5aa6be3b0638b5af83976e61a214bd9c37,False,True,survivorship-biased exploratory evidence; not Formal Candidate,U15-8058T-0041,8058.T,Mitsubishi Corp.,Trading companies,2025-02-28,120,2025-03-03,2532.0000000000,2534.5320000000,2281.0788000000,3294.8916000000,2025-04-07,2260.0000000000,2257.7400000000,stop_gap,25,-0.1074249605,-0.1109881308,0.0010000000,0.0010000000,0.0035631703,basic,conservative,True,complete
0f6c05bff4831033,tgs_stable_v2_universe_lab,U15,43d5dd5aa6be3b0638b5af83976e61a214bd9c37,False,True,survivorship-biased exploratory evidence; not Formal Candidate,U15-8015T-0043,8015.T,Toyota Tsusho Corp.,Trading companies,2025-03-14,100,2025-03-17,2593.0000000000,2595.5930000000,2336.0337000000,3374.2709000000,2025-04-03,2336.0337000000,2333.6976663000,stop_loss,13,-0.0991000000,-0.1026964036,0.0010000000,0.0010000000,0.0035964036,basic,conservative,True,complete
0f6c05bff4831033,tgs_stable_v2_universe_lab,U15,43d5dd5aa6be3b0638b5af83976e61a214bd9c37,False,True,survivorship-biased exploratory evidence; not Formal Candidate,U15-7011T-0033,7011.T,"Mitsubishi Heavy Industries, Ltd.",Machinery,2025-03-21,100,2025-03-24,2860.0000000000,2862.8600000000,2576.5740000000,3721.7180000000,2025-03-31,2541.0000000000,2538.4590000000,stop_gap,6,-0.1115384615,-0.1150852106,0.0010000000,0.0010000000,0.0035467491,basic,conservative,True,complete
0f6c05bff4831033,tgs_stable_v2_universe_lab,U15,43d5dd5aa6be3b0638b5af83976e61a214bd9c37,False,True,survivorship-biased exploratory evidence; not Formal Candidate,U15-8001T-0049,8001.T,Itochu Corp.,Trading companies,2025-04-25,100,2025-04-28,1446.5999755859,1448.0465755615,1303.2419180054,1882.4605482300,2025-07-24,1601.5999755859,1599.9983756104,max_holding,60,0.1071477966,0.1027280494,0.0010000000,0.0010000000,0.0044197473,basic,conservative,True,complete
0f6c05bff4831033,tgs_stable_v2_universe_lab,U15,43d5dd5aa6be3b0638b5af83976e61a214bd9c37,False,True,survivorship-biased exploratory evidence; not Formal Candidate,U15-8053T-0046,8053.T,Sumitomo Corp.,Trading companies,2025-04-25,100,2025-04-28,867.0000000000,867.8670000000,781.0803000000,1128.2271000000,2025-07-24,983.7500000000,982.7662500000,max_holding,60,0.1346597463,0.1301301709,0.0010000000,0.0010000000,0.0045295753,basic,conservative,True,complete
0f6c05bff4831033,tgs_stable_v2_universe_lab,U15,43d5dd5aa6be3b0638b5af83976e61a214bd9c37,False,True,survivorship-biased exploratory evidence; not Formal Candidate,U15-6367T-0041,6367.T,"Daikin Industries, Ltd.",Machinery,2025-05-02,90,2025-05-07,17275.0000000000,17292.2750000000,15563.0475000000,22479.9575000000,2025-05-22,15560.0000000000,15544.4400000000,stop_gap,12,-0.0992764110,-0.1028721104,0.0010000000,0.0010000000,0.0035956994,basic,conservative,True,complete
0f6c05bff4831033,tgs_stable_v2_universe_lab,U15,43d5dd5aa6be3b0638b5af83976e61a214bd9c37,False,True,survivorship-biased exploratory evidence; not Formal Candidate,U15-8002T-0042,8002.T,Marubeni Corp.,Trading companies,2025-05-02,90,2025-05-07,2650.0000000000,2652.6500000000,2387.3850000000,3448.4450000000,2025-07-30,3060.0000000000,3056.9400000000,max_holding,60,0.1547169811,0.1501073371,0.0010000000,0.0010000000,0.0046096440,basic,conservative,True,complete
0f6c05bff4831033,tgs_stable_v2_universe_lab,U15,43d5dd5aa6be3b0638b5af83976e61a214bd9c37,False,True,survivorship-biased exploratory evidence; not Formal Candidate,U15-7011T-0034,7011.T,"Mitsubishi Heavy Industries, Ltd.",Machinery,2025-05-09,90,2025-05-12,2671.0000000000,2673.6710000000,2406.3039000000,3475.7723000000,2025-06-06,3475.7723000000,3472.2965277000,take_profit,20,0.3013000000,0.2961051948,0.0010000000,0.0010000000,0.0051948052,basic,conservative,True,complete
0f6c05bff4831033,tgs_stable_v2_universe_lab,U15,43d5dd5aa6be3b0638b5af83976e61a214bd9c37,False,True,survivorship-biased exploratory evidence; not Formal Candidate,U15-8031T-0049,8031.T,"Mitsui & Co., Ltd.",Trading companies,2025-05-09,100,2025-05-12,2900.5000000000,2903.4005000000,2613.0604500000,3774.4206500000,2025-08-04,3107.0000000000,3103.8930000000,max_holding,60,0.0711946216,0.0669183999,0.0010000000,0.0010000000,0.0042762218,basic,conservative,True,complete
0f6c05bff4831033,tgs_stable_v2_universe_lab,U15,43d5dd5aa6be3b0638b5af83976e61a214bd9c37,False,True,survivorship-biased exploratory evidence; not Formal Candidate,U15-8802T-0038,8802.T,"Mitsubishi Estate Co., Ltd.",Real estate,2025-05-13,90,2025-05-14,2545.0000000000,2547.5450000000,2292.7905000000,3311.8085000000,2025-08-06,2954.5000000000,2951.5455000000,max_holding,60,0.1609037328,0.1562693912,0.0010000000,0.0010000000,0.0046343416,basic,conservative,True,complete
0f6c05bff4831033,tgs_stable_v2_universe_lab,U15,43d5dd5aa6be3b0638b5af83976e61a214bd9c37,False,True,survivorship-biased exploratory evidence; not Formal Candidate,U15-5802T-0043,5802.T,"Sumitomo Electric Industries, Ltd.",Nonferrous metals,2025-05-23,100,2025-05-26,709.0000000000,709.7090000000,638.7381000000,922.6217000000,2025-07-31,922.6217000000,921.6990783000,take_profit,48,0.3013000000,0.2961051948,0.0010000000,0.0010000000,0.0051948052,basic,conservative,True,complete
0f6c05bff4831033,tgs_stable_v2_universe_lab,U15,43d5dd5aa6be3b0638b5af83976e61a214bd9c37,False,True,survivorship-biased exploratory evidence; not Formal Candidate,U15-5803T-0036,5803.T,Fujikura Ltd.,Nonferrous metals,2025-06-03,100,2025-06-04,1140.6666259766,1141.8072926025,1027.6265633423,1484.3494803833,2025-07-25,1484.3494803833,1482.8651309029,take_profit,37,0.3013000000,0.2961051948,0.0010000000,0.0010000000,0.0051948052,basic,conservative,True,complete
0f6c05bff4831033,tgs_stable_v2_universe_lab,U15,43d5dd5aa6be3b0638b5af83976e61a214bd9c37,False,True,survivorship-biased exploratory evidence; not Formal Candidate,U15-5801T-0031,5801.T,"The Furukawa Electric Co., Ltd.",Nonferrous metals,2025-06-04,100,2025-06-05,721.2999877930,722.0212877808,649.8191590027,938.6276741150,2025-08-05,938.6276741150,937.6890464409,take_profit,43,0.3013000000,0.2961051948,0.0010000000,0.0010000000,0.0051948052,basic,conservative,True,complete
0f6c05bff4831033,tgs_stable_v2_universe_lab,U15,43d5dd5aa6be3b0638b5af83976e61a214bd9c37,False,True,survivorship-biased exploratory evidence; not Formal Candidate,U15-6301T-0039,6301.T,Komatsu Ltd.,Machinery,2025-06-06,100,2025-06-09,4490.0000000000,4494.4900000000,4045.0410000000,5842.8370000000,2025-09-02,5029.0000000000,5023.9710000000,max_holding,60,0.1200445434,0.1155733122,0.0010000000,0.0010000000,0.0044712312,basic,conservative,True,complete
0f6c05bff4831033,tgs_stable_v2_universe_lab,U15,43d5dd5aa6be3b0638b5af83976e61a214bd9c37,False,True,survivorship-biased exploratory evidence; not Formal Candidate,U15-8058T-0042,8058.T,Mitsubishi Corp.,Trading companies,2025-06-20,90,2025-06-23,2827.5000000000,2830.3275000000,2547.2947500000,3679.4257500000,2025-09-17,3460.0000000000,3456.5400000000,max_holding,60,0.2236958444,0.2188108359,0.0010000000,0.0010000000,0.0048850085,basic,conservative,True,complete
0f6c05bff4831033,tgs_stable_v2_universe_lab,U15,43d5dd5aa6be3b0638b5af83976e61a214bd9c37,False,True,survivorship-biased exploratory evidence; not Formal Candidate,U15-8053T-0047,8053.T,Sumitomo Corp.,Trading companies,2025-07-31,90,2025-08-01,974.5000000000,975.4745000000,877.9270500000,1268.1168500000,2025-10-29,1150.0000000000,1148.8500000000,max_holding,60,0.1800923551,0.1753814122,0.0010000000,0.0010000000,0.0047109428,basic,conservative,True,complete
0f6c05bff4831033,tgs_stable_v2_universe_lab,U15,43d5dd5aa6be3b0638b5af83976e61a214bd9c37,False,True,survivorship-biased exploratory evidence; not Formal Candidate,U15-8001T-0050,8001.T,Itochu Corp.,Trading companies,2025-08-01,90,2025-08-04,1544.4000244141,1545.9444244385,1391.3499819946,2009.7277517700,2025-10-30,1774.8000488281,1773.0252487793,max_holding,60,0.1491841626,0.1445966057,0.0010000000,0.0010000000,0.0045875569,basic,conservative,True,complete
0f6c05bff4831033,tgs_stable_v2_universe_lab,U15,43d5dd5aa6be3b0638b5af83976e61a214bd9c37,False,True,survivorship-biased exploratory evidence; not Formal Candidate,U15-8002T-0043,8002.T,Marubeni Corp.,Trading companies,2025-08-01,90,2025-08-04,3010.0000000000,3013.0100000000,2711.7090000000,3916.9130000000,2025-10-08,3916.9130000000,3912.9960870000,take_profit,45,0.3013000000,0.2961051948,0.0010000000,0.0010000000,0.0051948052,basic,conservative,True,complete
0f6c05bff4831033,tgs_stable_v2_universe_lab,U15,43d5dd5aa6be3b0638b5af83976e61a214bd9c37,False,True,survivorship-biased exploratory evidence; not Formal Candidate,U15-5801T-0032,5801.T,"The Furukawa Electric Co., Ltd.",Nonferrous metals,2025-08-07,90,2025-08-08,876.5999755859,877.4765755615,789.7289180054,1140.7195482300,2025-11-04,1150.0000000000,1148.8500000000,take_profit_gap,58,0.3118868720,0.3066498039,0.0010000000,0.0010000000,0.0052370681,basic,conservative,True,complete
0f6c05bff4831033,tgs_stable_v2_universe_lab,U15,43d5dd5aa6be3b0638b5af83976e61a214bd9c37,False,True,survivorship-biased exploratory evidence; not Formal Candidate,U15-5802T-0044,5802.T,"Sumitomo Electric Industries, Ltd.",Nonferrous metals,2025-09-19,90,2025-09-22,1051.7500000000,1052.8017500000,947.5215750000,1368.6422750000,2025-10-31,1368.6422750000,1367.2736327250,take_profit,28,0.3013000000,0.2961051948,0.0010000000,0.0010000000,0.0051948052,basic,conservative,True,complete
0f6c05bff4831033,tgs_stable_v2_universe_lab,U15,43d5dd5aa6be3b0638b5af83976e61a214bd9c37,False,True,survivorship-biased exploratory evidence; not Formal Candidate,U15-8801T-0038,8801.T,"Mitsui Fudosan Co., Ltd.",Real estate,2025-09-19,90,2025-09-22,1617.5000000000,1619.1175000000,1457.2057500000,2104.8527500000,2025-12-18,1779.5000000000,1777.7205000000,max_holding,60,0.1001545595,0.0957627293,0.0010000000,0.0010000000,0.0043918302,basic,conservative,True,complete
0f6c05bff4831033,tgs_stable_v2_universe_lab,U15,43d5dd5aa6be3b0638b5af83976e61a214bd9c37,False,True,survivorship-biased exploratory evidence; not Formal Candidate,U15-6301T-0040,6301.T,Komatsu Ltd.,Machinery,2025-09-29,90,2025-09-30,5080.0000000000,5085.0800000000,4576.5720000000,6610.6040000000,2025-12-25,4985.0000000000,4980.0150000000,max_holding,60,-0.0187007874,-0.0226181456,0.0010000000,0.0010000000,0.0039173582,basic,conservative,True,complete
0f6c05bff4831033,tgs_stable_v2_universe_lab,U15,43d5dd5aa6be3b0638b5af83976e61a214bd9c37,False,True,survivorship-biased exploratory evidence; not Formal Candidate,U15-6273T-0053,6273.T,SMC Corporation,Machinery,2025-10-03,90,2025-10-06,50900.0000000000,50950.9000000000,45855.8100000000,66236.1700000000,2026-01-05,57480.0000000000,57422.5200000000,max_holding,60,0.1292730845,0.1247650128,0.0010000000,0.0010000000,0.0045080717,basic,conservative,True,complete
0f6c05bff4831033,tgs_stable_v2_universe_lab,U15,43d5dd5aa6be3b0638b5af83976e61a214bd9c37,False,True,survivorship-biased exploratory evidence; not Formal Candidate,U15-8802T-0039,8802.T,"Mitsubishi Estate Co., Ltd.",Real estate,2025-10-06,90,2025-10-07,3440.0000000000,3443.4400000000,3099.0960000000,4476.4720000000,2026-01-06,4020.0000000000,4015.9800000000,max_holding,60,0.1686046512,0.1639395674,0.0010000000,0.0010000000,0.0046650838,basic,conservative,True,complete
0f6c05bff4831033,tgs_stable_v2_universe_lab,U15,43d5dd5aa6be3b0638b5af83976e61a214bd9c37,False,True,survivorship-biased exploratory evidence; not Formal Candidate,U15-8002T-0044,8002.T,Marubeni Corp.,Trading companies,2025-10-14,90,2025-10-15,3650.0000000000,3653.6500000000,3288.2850000000,4749.7450000000,2026-01-13,4810.0000000000,4805.1900000000,take_profit_gap,59,0.3178082192,0.3125475130,0.0010000000,0.0010000000,0.0052607062,basic,conservative,True,complete
0f6c05bff4831033,tgs_stable_v2_universe_lab,U15,43d5dd5aa6be3b0638b5af83976e61a214bd9c37,False,True,survivorship-biased exploratory evidence; not Formal Candidate,U15-7011T-0035,7011.T,"Mitsubishi Heavy Industries, Ltd.",Machinery,2025-10-17,100,2025-10-20,4390.0000000000,4394.3900000000,3954.9510000000,5712.7070000000,2025-11-19,3954.9510000000,3950.9960490000,stop_loss,22,-0.0991000000,-0.1026964036,0.0010000000,0.0010000000,0.0035964036,basic,conservative,True,complete
0f6c05bff4831033,tgs_stable_v2_universe_lab,U15,43d5dd5aa6be3b0638b5af83976e61a214bd9c37,False,True,survivorship-biased exploratory evidence; not Formal Candidate,U15-8053T-0048,8053.T,Sumitomo Corp.,Trading companies,2025-10-30,90,2025-10-31,1163.7500000000,1164.9137500000,1048.4223750000,1514.3878750000,2026-01-15,1514.3878750000,1512.8734871250,take_profit,49,0.3013000000,0.2961051948,0.0010000000,0.0010000000,0.0051948052,basic,conservative,True,complete
0f6c05bff4831033,tgs_stable_v2_universe_lab,U15,43d5dd5aa6be3b0638b5af83976e61a214bd9c37,False,True,survivorship-biased exploratory evidence; not Formal Candidate,U15-8058T-0043,8058.T,Mitsubishi Corp.,Trading companies,2025-10-30,90,2025-10-31,3710.0000000000,3713.7100000000,3342.3390000000,4827.8230000000,2026-01-30,4097.0000000000,4092.9030000000,max_holding,60,0.1043126685,0.0999042391,0.0010000000,0.0010000000,0.0044084294,basic,conservative,True,complete
0f6c05bff4831033,tgs_stable_v2_universe_lab,U15,43d5dd5aa6be3b0638b5af83976e61a214bd9c37,False,True,survivorship-biased exploratory evidence; not Formal Candidate,U15-8031T-0050,8031.T,"Mitsui & Co., Ltd.",Trading companies,2025-11-05,90,2025-11-06,3929.0000000000,3932.9290000000,3539.6361000000,5112.8077000000,2026-01-15,5112.8077000000,5107.6948923000,take_profit,46,0.3013000000,0.2961051948,0.0010000000,0.0010000000,0.0051948052,basic,conservative,True,complete
0f6c05bff4831033,tgs_stable_v2_universe_lab,U15,43d5dd5aa6be3b0638b5af83976e61a214bd9c37,False,True,survivorship-biased exploratory evidence; not Formal Candidate,U15-5803T-0037,5803.T,Fujikura Ltd.,Nonferrous metals,2025-11-07,90,2025-11-10,3481.6667480469,3485.1484147949,3136.6335733154,4530.6929392334,2025-11-12,3114.1667480469,3111.0525812988,stop_gap,3,-0.1055528937,-0.1091235372,0.0010000000,0.0010000000,0.0035706436,basic,conservative,True,complete
0f6c05bff4831033,tgs_stable_v2_universe_lab,U15,43d5dd5aa6be3b0638b5af83976e61a214bd9c37,False,True,survivorship-biased exploratory evidence; not Formal Candidate,U15-5801T-0033,5801.T,"The Furukawa Electric Co., Ltd.",Nonferrous metals,2025-11-10,90,2025-11-11,979.7000122070,980.6797122192,882.6117409973,1274.8836258850,2025-11-21,882.6117409973,881.7291292563,stop_loss,9,-0.0991000000,-0.1026964036,0.0010000000,0.0010000000,0.0035964036,basic,conservative,True,complete
0f6c05bff4831033,tgs_stable_v2_universe_lab,U15,43d5dd5aa6be3b0638b5af83976e61a214bd9c37,False,True,survivorship-biased exploratory evidence; not Formal Candidate,U15-5803T-0038,5803.T,Fujikura Ltd.,Nonferrous metals,2025-11-19,90,2025-11-20,3306.6667480469,3309.9734147949,2978.9760733154,4302.9654392334,2025-11-21,2930.0000000000,2927.0700000000,stop_gap,2,-0.1139113121,-0.1174485888,0.0010000000,0.0010000000,0.0035372767,basic,conservative,True,complete
0f6c05bff4831033,tgs_stable_v2_universe_lab,U15,43d5dd5aa6be3b0638b5af83976e61a214bd9c37,False,True,survivorship-biased exploratory evidence; not Formal Candidate,U15-5802T-0045,5802.T,"Sumitomo Electric Industries, Ltd.",Nonferrous metals,2025-11-21,90,2025-11-25,1474.5000000000,1475.9745000000,1328.3770500000,1918.7668500000,2026-02-03,1918.7668500000,1916.8480831500,take_profit,47,0.3013000000,0.2961051948,0.0010000000,0.0010000000,0.0051948052,basic,conservative,True,complete
0f6c05bff4831033,tgs_stable_v2_universe_lab,U15,43d5dd5aa6be3b0638b5af83976e61a214bd9c37,False,True,survivorship-biased exploratory evidence; not Formal Candidate,U15-8015T-0044,8015.T,Toyota Tsusho Corp.,Trading companies,2025-11-21,90,2025-11-25,4866.0000000000,4870.8660000000,4383.7794000000,6332.1258000000,2026-02-05,6332.1258000000,6325.7936742000,take_profit,49,0.3013000000,0.2961051948,0.0010000000,0.0010000000,0.0051948052,basic,conservative,True,complete
0f6c05bff4831033,tgs_stable_v2_universe_lab,U15,43d5dd5aa6be3b0638b5af83976e61a214bd9c37,False,True,survivorship-biased exploratory evidence; not Formal Candidate,U15-8801T-0039,8801.T,"Mitsui Fudosan Co., Ltd.",Real estate,2025-12-19,90,2025-12-22,1780.0000000000,1781.7800000000,1603.6020000000,2316.3140000000,2026-03-24,1738.5000000000,1736.7615000000,max_holding,60,-0.0233146067,-0.0272135465,0.0010000000,0.0010000000,0.0038989398,basic,conservative,True,complete
0f6c05bff4831033,tgs_stable_v2_universe_lab,U15,43d5dd5aa6be3b0638b5af83976e61a214bd9c37,False,True,survivorship-biased exploratory evidence; not Formal Candidate,U15-8802T-0040,8802.T,"Mitsubishi Estate Co., Ltd.",Real estate,2026-01-16,90,2026-01-19,3954.0000000000,3957.9540000000,3562.1586000000,5145.3402000000,2026-02-19,5145.3402000000,5140.1948598000,take_profit,23,0.3013000000,0.2961051948,0.0010000000,0.0010000000,0.0051948052,basic,conservative,True,complete
0f6c05bff4831033,tgs_stable_v2_universe_lab,U15,43d5dd5aa6be3b0638b5af83976e61a214bd9c37,False,True,survivorship-biased exploratory evidence; not Formal Candidate,U15-6273T-0054,6273.T,SMC Corporation,Machinery,2026-01-22,90,2026-01-23,63080.0000000000,63143.0800000000,56828.7720000000,82086.0040000000,2026-04-21,71630.0000000000,71558.3700000000,max_holding,60,0.1355421687,0.1310090707,0.0010000000,0.0010000000,0.0045330979,basic,conservative,True,complete
0f6c05bff4831033,tgs_stable_v2_universe_lab,U15,43d5dd5aa6be3b0638b5af83976e61a214bd9c37,False,True,survivorship-biased exploratory evidence; not Formal Candidate,U15-7011T-0036,7011.T,"Mitsubishi Heavy Industries, Ltd.",Machinery,2026-01-23,100,2026-01-26,4554.0000000000,4558.5540000000,4102.6986000000,5926.1202000000,2026-04-22,4508.0000000000,4503.4920000000,max_holding,60,-0.0101010101,-0.0140526987,0.0010000000,0.0010000000,0.0039516886,basic,conservative,True,complete
0f6c05bff4831033,tgs_stable_v2_universe_lab,U15,43d5dd5aa6be3b0638b5af83976e61a214bd9c37,False,True,survivorship-biased exploratory evidence; not Formal Candidate,U15-5801T-0034,5801.T,"The Furukawa Electric Co., Ltd.",Nonferrous metals,2026-01-26,100,2026-01-27,1287.5000000000,1288.7875000000,1159.9087500000,1675.4237500000,2026-02-09,1675.4237500000,1673.7483262500,take_profit,10,0.3013000000,0.2961051948,0.0010000000,0.0010000000,0.0051948052,basic,conservative,True,complete
0f6c05bff4831033,tgs_stable_v2_universe_lab,U15,43d5dd5aa6be3b0638b5af83976e61a214bd9c37,False,True,survivorship-biased exploratory evidence; not Formal Candidate,U15-6301T-0041,6301.T,Komatsu Ltd.,Machinery,2026-01-26,100,2026-01-27,5565.0000000000,5570.5650000000,5013.5085000000,7241.7345000000,2026-02-04,7241.7345000000,7234.4927655000,take_profit,7,0.3013000000,0.2961051948,0.0010000000,0.0010000000,0.0051948052,basic,conservative,True,complete
0f6c05bff4831033,tgs_stable_v2_universe_lab,U15,43d5dd5aa6be3b0638b5af83976e61a214bd9c37,False,True,survivorship-biased exploratory evidence; not Formal Candidate,U15-8053T-0049,8053.T,Sumitomo Corp.,Trading companies,2026-02-04,90,2026-02-05,1512.0000000000,1513.5120000000,1362.1608000000,1967.5656000000,2026-03-09,1362.1608000000,1360.7986392000,stop_loss,21,-0.0991000000,-0.1026964036,0.0010000000,0.0010000000,0.0035964036,basic,conservative,True,complete
0f6c05bff4831033,tgs_stable_v2_universe_lab,U15,43d5dd5aa6be3b0638b5af83976e61a214bd9c37,False,True,survivorship-biased exploratory evidence; not Formal Candidate,U15-8001T-0051,8001.T,Itochu Corp.,Trading companies,2026-02-06,90,2026-02-09,2117.0000000000,2119.1170000000,1907.2053000000,2754.8521000000,2026-04-23,1907.2053000000,1905.2980947000,stop_loss,51,-0.0991000000,-0.1026964036,0.0010000000,0.0010000000,0.0035964036,basic,conservative,True,complete
0f6c05bff4831033,tgs_stable_v2_universe_lab,U15,43d5dd5aa6be3b0638b5af83976e61a214bd9c37,False,True,survivorship-biased exploratory evidence; not Formal Candidate,U15-5803T-0039,5803.T,Fujikura Ltd.,Nonferrous metals,2026-02-13,100,2026-02-16,3647.5000000000,3651.1475000000,3286.0327500000,4746.4917500000,2026-02-26,4746.4917500000,4741.7452582500,take_profit,8,0.3013000000,0.2961051948,0.0010000000,0.0010000000,0.0051948052,basic,conservative,True,complete
0f6c05bff4831033,tgs_stable_v2_universe_lab,U15,43d5dd5aa6be3b0638b5af83976e61a214bd9c37,False,True,survivorship-biased exploratory evidence; not Formal Candidate,U15-5802T-0046,5802.T,"Sumitomo Electric Industries, Ltd.",Nonferrous metals,2026-03-04,90,2026-03-05,2610.0000000000,2612.6100000000,2351.3490000000,3396.3930000000,2026-03-09,2250.0000000000,2247.7500000000,stop_gap,3,-0.1379310345,-0.1413724241,0.0010000000,0.0010000000,0.0034413896,basic,conservative,True,complete
0f6c05bff4831033,tgs_stable_v2_universe_lab,U15,43d5dd5aa6be3b0638b5af83976e61a214bd9c37,False,True,survivorship-biased exploratory evidence; not Formal Candidate,U15-8031T-0051,8031.T,"Mitsui & Co., Ltd.",Trading companies,2026-03-04,90,2026-03-05,5864.0000000000,5869.8640000000,5282.8776000000,7630.8232000000,2026-05-28,5282.8776000000,5277.5947224000,stop_loss,56,-0.0991000000,-0.1026964036,0.0010000000,0.0010000000,0.0035964036,basic,conservative,True,complete
0f6c05bff4831033,tgs_stable_v2_universe_lab,U15,43d5dd5aa6be3b0638b5af83976e61a214bd9c37,False,True,survivorship-biased exploratory evidence; not Formal Candidate,U15-8058T-0044,8058.T,Mitsubishi Corp.,Trading companies,2026-03-04,90,2026-03-05,5100.0000000000,5105.1000000000,4594.5900000000,6636.6300000000,2026-06-03,4979.0000000000,4974.0210000000,max_holding,60,-0.0237254902,-0.0276227897,0.0010000000,0.0010000000,0.0038972995,basic,conservative,True,complete
0f6c05bff4831033,tgs_stable_v2_universe_lab,U15,43d5dd5aa6be3b0638b5af83976e61a214bd9c37,False,True,survivorship-biased exploratory evidence; not Formal Candidate,U15-8002T-0045,8002.T,Marubeni Corp.,Trading companies,2026-03-13,90,2026-03-16,5579.0000000000,5584.5790000000,5026.1211000000,7259.9527000000,2026-06-01,4981.0000000000,4976.0190000000,stop_gap,51,-0.1071876680,-0.1107517856,0.0010000000,0.0010000000,0.0035641175,basic,conservative,True,complete
0f6c05bff4831033,tgs_stable_v2_universe_lab,U15,43d5dd5aa6be3b0638b5af83976e61a214bd9c37,False,True,survivorship-biased exploratory evidence; not Formal Candidate,U15-8015T-0045,8015.T,Toyota Tsusho Corp.,Trading companies,2026-03-19,90,2026-03-23,5970.0000000000,5975.9700000000,5378.3730000000,7768.7610000000,2026-06-18,6217.0000000000,6210.7830000000,max_holding,60,0.0413735343,0.0372163587,0.0010000000,0.0010000000,0.0041571756,basic,conservative,True,complete
0f6c05bff4831033,tgs_stable_v2_universe_lab,U15,43d5dd5aa6be3b0638b5af83976e61a214bd9c37,False,True,survivorship-biased exploratory evidence; not Formal Candidate,U15-5801T-0035,5801.T,"The Furukawa Electric Co., Ltd.",Nonferrous metals,2026-03-31,90,2026-04-01,3050.0000000000,3053.0500000000,2747.7450000000,3968.9650000000,2026-04-08,4000.0000000000,3996.0000000000,take_profit_gap,6,0.3114754098,0.3062399843,0.0010000000,0.0010000000,0.0052354256,basic,conservative,True,complete
0f6c05bff4831033,tgs_stable_v2_universe_lab,U15,43d5dd5aa6be3b0638b5af83976e61a214bd9c37,False,True,survivorship-biased exploratory evidence; not Formal Candidate,U15-6273T-0055,6273.T,SMC Corporation,Machinery,2026-04-24,100,2026-04-27,72440.0000000000,72512.4400000000,65261.1960000000,94266.1720000000,2026-05-18,65261.1960000000,65195.9348040000,stop_loss,12,-0.0991000000,-0.1026964036,0.0010000000,0.0010000000,0.0035964036,basic,conservative,True,complete
0f6c05bff4831033,tgs_stable_v2_universe_lab,U15,43d5dd5aa6be3b0638b5af83976e61a214bd9c37,False,True,survivorship-biased exploratory evidence; not Formal Candidate,U15-5802T-0047,5802.T,"Sumitomo Electric Industries, Ltd.",Nonferrous metals,2026-05-08,100,2026-05-11,2912.5000000000,2915.4125000000,2623.8712500000,3790.0362500000,2026-05-20,2571.2500000000,2568.6787500000,stop_gap,8,-0.1171673820,-0.1206916604,0.0010000000,0.0010000000,0.0035242784,basic,conservative,True,complete
0f6c05bff4831033,tgs_stable_v2_universe_lab,U15,43d5dd5aa6be3b0638b5af83976e61a214bd9c37,False,True,survivorship-biased exploratory evidence; not Formal Candidate,U15-8053T-0050,8053.T,Sumitomo Corp.,Trading companies,2026-05-08,100,2026-05-11,1795.0000000000,1796.7950000000,1617.1155000000,2335.8335000000,2026-06-10,1617.1155000000,1615.4983845000,stop_loss,23,-0.0991000000,-0.1026964036,0.0010000000,0.0010000000,0.0035964036,basic,conservative,True,complete
0f6c05bff4831033,tgs_stable_v2_universe_lab,U15,43d5dd5aa6be3b0638b5af83976e61a214bd9c37,False,True,survivorship-biased exploratory evidence; not Formal Candidate,U15-5803T-0040,5803.T,Fujikura Ltd.,Nonferrous metals,2026-05-15,90,2026-05-18,5842.0000000000,5847.8420000000,5263.0578000000,7602.1946000000,2026-05-19,5263.0578000000,5257.7947422000,stop_loss,2,-0.0991000000,-0.1026964036,0.0010000000,0.0010000000,0.0035964036,basic,conservative,True,complete
0f6c05bff4831033,tgs_stable_v2_universe_lab,U15,43d5dd5aa6be3b0638b5af83976e61a214bd9c37,False,True,survivorship-biased exploratory evidence; not Formal Candidate,U15-5803T-0041,5803.T,Fujikura Ltd.,Nonferrous metals,2026-05-22,90,2026-05-25,5360.0000000000,5365.3600000000,4828.8240000000,6974.9680000000,2026-05-28,4828.8240000000,4823.9951760000,stop_loss,4,-0.0991000000,-0.1026964036,0.0010000000,0.0010000000,0.0035964036,basic,conservative,True,complete
0f6c05bff4831033,tgs_stable_v2_universe_lab,U15,43d5dd5aa6be3b0638b5af83976e61a214bd9c37,False,True,survivorship-biased exploratory evidence; not Formal Candidate,U15-5801T-0036,5801.T,"The Furukawa Electric Co., Ltd.",Nonferrous metals,2026-05-29,90,2026-06-01,5202.0000000000,5207.2020000000,4686.4818000000,6769.3626000000,2026-06-08,4485.0000000000,4480.5150000000,stop_gap,6,-0.1378316032,-0.1412733898,0.0010000000,0.0010000000,0.0034417866,basic,conservative,True,complete
0f6c05bff4831033,tgs_stable_v2_universe_lab,U15,43d5dd5aa6be3b0638b5af83976e61a214bd9c37,False,True,survivorship-biased exploratory evidence; not Formal Candidate,U15-5802T-0048,5802.T,"Sumitomo Electric Industries, Ltd.",Nonferrous metals,2026-06-19,90,2026-06-22,3423.7500000000,3427.1737500000,3084.4563750000,4455.3258750000,2026-06-24,3077.5000000000,3074.4225000000,stop_gap,3,-0.1011317999,-0.1047200926,0.0010000000,0.0010000000,0.0035882926,basic,conservative,True,complete
0f6c05bff4831033,tgs_stable_v2_universe_lab,U15,43d5dd5aa6be3b0638b5af83976e61a214bd9c37,False,True,survivorship-biased exploratory evidence; not Formal Candidate,U15-6273T-0056,6273.T,SMC Corporation,Machinery,2026-07-10,100,2026-07-13,75580.0000000000,75655.5800000000,68090.0220000000,98352.2540000000,2026-07-17,68090.0220000000,68021.9319780000,stop_loss,5,-0.0991000000,-0.1026964036,0.0010000000,0.0010000000,0.0035964036,basic,conservative,True,complete
