gate_id,model_id,base_commit,classification,source_run_id,universe_id,split,score_group,exit_reason_group,exit_count,total_net_pnl_jpy,share_of_score_group_net_pnl,trade_count,closed_trade_count,open_trade_count,win_rate,average_win,average_loss,payoff_ratio,expectancy_per_trade,profit_factor,max_consecutive_losses,average_holding_sessions,median_holding_sessions,sum_net_returns,sample_status,mean_mfe,mean_mae,horizon_10_available_count,horizon_10_mean_unrealized_return,horizon_20_available_count,horizon_20_mean_unrealized_return,horizon_40_available_count,horizon_40_mean_unrealized_return,horizon_60_available_count,horizon_60_mean_unrealized_return
V2-R2B_ROOT_CAUSE_DIAGNOSTIC_AND_STOP_DECISION,TGS_STABLE_V2_ROOT_CAUSE_DIAGNOSTIC,9dae034999aa33b3f0d059adc059d3c8dbe659c2,POST_HOC_ASSOCIATION_DIAGNOSTIC_ONLY,v2-r2a-20260727-d3b8ed0-integrity1,U15_ADJUSTED_STATIC,overall,ALL,stop_loss,110,-11907038.558896506,-1.0172867517842308,110,110,0,0.0,,-0.10269640359640352,,-0.10269640359640352,0.0,110,25.754545454545454,22.0,-11.296604395604387,SUFFICIENT,0.043401286505136014,-0.10089910089910077,93,-0.0031369170266954387,63,-0.015478901209284789,21,-0.022255061826183815,0,
V2-R2B_ROOT_CAUSE_DIAGNOSTIC_AND_STOP_DECISION,TGS_STABLE_V2_ROOT_CAUSE_DIAGNOSTIC,9dae034999aa33b3f0d059adc059d3c8dbe659c2,POST_HOC_ASSOCIATION_DIAGNOSTIC_ONLY,v2-r2a-20260727-d3b8ed0-integrity1,U15_ADJUSTED_STATIC,overall,ALL,stop_gap,51,-7029013.865678038,-0.6005290608821722,51,51,0,0.0,,-0.11581241279782316,,-0.11581241279782316,0.0,51,24.941176470588236,22.0,-5.906433052688981,SUFFICIENT,0.04544011733163184,-0.11404138151948062,39,-0.013402897659475266,28,-0.0020005862133234647,11,0.001557411590484271,0,
V2-R2B_ROOT_CAUSE_DIAGNOSTIC_AND_STOP_DECISION,TGS_STABLE_V2_ROOT_CAUSE_DIAGNOSTIC,9dae034999aa33b3f0d059adc059d3c8dbe659c2,POST_HOC_ASSOCIATION_DIAGNOSTIC_ONLY,v2-r2a-20260727-d3b8ed0-integrity1,U15_ADJUSTED_STATIC,overall,ALL,take_profit,33,13334279.796353314,1.1392241752067933,33,33,0,1.0,0.29610519480519504,,,0.29610519480519504,,0,34.303030303030305,37.0,9.771471428571436,SUFFICIENT,0.2987012987012989,-0.03178177502321225,30,0.061189239192043283,25,0.0843481191436633,14,0.19013008679812016,0,
V2-R2B_ROOT_CAUSE_DIAGNOSTIC_AND_STOP_DECISION,TGS_STABLE_V2_ROOT_CAUSE_DIAGNOSTIC,9dae034999aa33b3f0d059adc059d3c8dbe659c2,POST_HOC_ASSOCIATION_DIAGNOSTIC_ONLY,v2-r2a-20260727-d3b8ed0-integrity1,U15_ADJUSTED_STATIC,overall,ALL,take_profit_gap,7,3054177.569676595,0.2609359467394301,7,7,0,1.0,0.3059045489162096,,,0.3059045489162096,,0,28.428571428571427,30.0,2.141331842413467,INSUFFICIENT_SAMPLE,0.30852028095784423,-0.024729382439340673,4,0.04269443839425788,4,0.09375436353769157,2,0.13674490407430917,0,
V2-R2B_ROOT_CAUSE_DIAGNOSTIC_AND_STOP_DECISION,TGS_STABLE_V2_ROOT_CAUSE_DIAGNOSTIC,9dae034999aa33b3f0d059adc059d3c8dbe659c2,POST_HOC_ASSOCIATION_DIAGNOSTIC_ONLY,v2-r2a-20260727-d3b8ed0-integrity1,U15_ADJUSTED_STATIC,overall,ALL,max_holding,201,14252297.33448858,1.2176556907201797,201,201,0,0.8009950248756219,0.09825428329330602,-0.034315546479705986,2.863258591886713,0.07187222761708473,11.524615832344022,6,60.0,60.0,14.44631775103403,SUFFICIENT,0.13757137350792206,-0.05190347765936567,201,0.014398814902023951,201,0.0270389258651092,201,0.05030860295699922,201,0.07401919198185646
V2-R2B_ROOT_CAUSE_DIAGNOSTIC_AND_STOP_DECISION,TGS_STABLE_V2_ROOT_CAUSE_DIAGNOSTIC,9dae034999aa33b3f0d059adc059d3c8dbe659c2,POST_HOC_ASSOCIATION_DIAGNOSTIC_ONLY,v2-r2a-20260727-d3b8ed0-integrity1,U15_ADJUSTED_STATIC,overall,ALL,data_end_or_haircut,0,0.0,0.0,0,0,0,,,,,,,0,,,0.0,INSUFFICIENT_SAMPLE,,,0,,0,,0,,0,
V2-R2B_ROOT_CAUSE_DIAGNOSTIC_AND_STOP_DECISION,TGS_STABLE_V2_ROOT_CAUSE_DIAGNOSTIC,9dae034999aa33b3f0d059adc059d3c8dbe659c2,POST_HOC_ASSOCIATION_DIAGNOSTIC_ONLY,v2-r2a-20260727-d3b8ed0-integrity1,U15_ADJUSTED_STATIC,overall,ALL,other,0,0.0,0.0,0,0,0,,,,,,,0,,,0.0,INSUFFICIENT_SAMPLE,,,0,,0,,0,,0,
V2-R2B_ROOT_CAUSE_DIAGNOSTIC_AND_STOP_DECISION,TGS_STABLE_V2_ROOT_CAUSE_DIAGNOSTIC,9dae034999aa33b3f0d059adc059d3c8dbe659c2,POST_HOC_ASSOCIATION_DIAGNOSTIC_ONLY,v2-r2a-20260727-d3b8ed0-integrity1,U15_ADJUSTED_STATIC,overall,90,stop_loss,47,-5476981.208036767,-0.81473670494337,47,47,0,0.0,,-0.10269640359640346,,-0.10269640359640346,0.0,47,29.27659574468085,25.0,-4.8267309690309625,SUFFICIENT,0.047775843486669654,-0.10089910089910077,42,-0.0023165942127849905,32,-0.021181951288669145,12,-0.012668224682247237,0,
V2-R2B_ROOT_CAUSE_DIAGNOSTIC_AND_STOP_DECISION,TGS_STABLE_V2_ROOT_CAUSE_DIAGNOSTIC,9dae034999aa33b3f0d059adc059d3c8dbe659c2,POST_HOC_ASSOCIATION_DIAGNOSTIC_ONLY,v2-r2a-20260727-d3b8ed0-integrity1,U15_ADJUSTED_STATIC,overall,90,stop_gap,30,-4583249.984106695,-0.681788351675092,30,30,0,0.0,,-0.11821991321843925,,-0.11821991321843925,0.0,30,23.6,17.5,-3.5465973965531776,SUFFICIENT,0.04162381178296724,-0.11645370417308128,21,-0.018931274636079493,14,0.0015470839626398139,7,-0.002975938441006774,0,
V2-R2B_ROOT_CAUSE_DIAGNOSTIC_AND_STOP_DECISION,TGS_STABLE_V2_ROOT_CAUSE_DIAGNOSTIC,9dae034999aa33b3f0d059adc059d3c8dbe659c2,POST_HOC_ASSOCIATION_DIAGNOSTIC_ONLY,v2-r2a-20260727-d3b8ed0-integrity1,U15_ADJUSTED_STATIC,overall,90,take_profit,17,7102378.249898918,1.0565251244778888,17,17,0,1.0,0.296105194805195,,,0.296105194805195,,0,39.11764705882353,45.0,5.033788311688315,INSUFFICIENT_SAMPLE,0.29870129870129886,-0.029590068540424275,17,0.06182946351384042,15,0.08653174016274788,9,0.17671787542461515,0,
V2-R2B_ROOT_CAUSE_DIAGNOSTIC_AND_STOP_DECISION,TGS_STABLE_V2_ROOT_CAUSE_DIAGNOSTIC,9dae034999aa33b3f0d059adc059d3c8dbe659c2,POST_HOC_ASSOCIATION_DIAGNOSTIC_ONLY,v2-r2a-20260727-d3b8ed0-integrity1,U15_ADJUSTED_STATIC,overall,90,take_profit_gap,5,2430130.8935727933,0.3614978327669467,5,5,0,1.0,0.30738075091695016,,,0.30738075091695016,,0,32.2,31.0,1.5369037545847508,INSUFFICIENT_SAMPLE,0.30999943979710454,-0.027990162749601442,3,0.043250254634282004,3,0.08021458797548668,2,0.13674490407430917,0,
V2-R2B_ROOT_CAUSE_DIAGNOSTIC_AND_STOP_DECISION,TGS_STABLE_V2_ROOT_CAUSE_DIAGNOSTIC,9dae034999aa33b3f0d059adc059d3c8dbe659c2,POST_HOC_ASSOCIATION_DIAGNOSTIC_ONLY,v2-r2a-20260727-d3b8ed0-integrity1,U15_ADJUSTED_STATIC,overall,90,max_holding,94,7250116.135995284,1.0785020993736267,94,94,0,0.7659574468085106,0.10657541078441891,-0.031302798369982926,3.404660807789532,0.07430604268445253,11.142526280038467,5,60.0,60.0,6.984768012338537,SUFFICIENT,0.1482998226948731,-0.05140078801182314,94,0.020685464670127638,94,0.03940874343924613,94,0.05942474659131183,94,0.07645788199055162
V2-R2B_ROOT_CAUSE_DIAGNOSTIC_AND_STOP_DECISION,TGS_STABLE_V2_ROOT_CAUSE_DIAGNOSTIC,9dae034999aa33b3f0d059adc059d3c8dbe659c2,POST_HOC_ASSOCIATION_DIAGNOSTIC_ONLY,v2-r2a-20260727-d3b8ed0-integrity1,U15_ADJUSTED_STATIC,overall,90,data_end_or_haircut,0,0.0,0.0,0,0,0,,,,,,,0,,,0.0,INSUFFICIENT_SAMPLE,,,0,,0,,0,,0,
V2-R2B_ROOT_CAUSE_DIAGNOSTIC_AND_STOP_DECISION,TGS_STABLE_V2_ROOT_CAUSE_DIAGNOSTIC,9dae034999aa33b3f0d059adc059d3c8dbe659c2,POST_HOC_ASSOCIATION_DIAGNOSTIC_ONLY,v2-r2a-20260727-d3b8ed0-integrity1,U15_ADJUSTED_STATIC,overall,90,other,0,0.0,0.0,0,0,0,,,,,,,0,,,0.0,INSUFFICIENT_SAMPLE,,,0,,0,,0,,0,
V2-R2B_ROOT_CAUSE_DIAGNOSTIC_AND_STOP_DECISION,TGS_STABLE_V2_ROOT_CAUSE_DIAGNOSTIC,9dae034999aa33b3f0d059adc059d3c8dbe659c2,POST_HOC_ASSOCIATION_DIAGNOSTIC_ONLY,v2-r2a-20260727-d3b8ed0-integrity1,U15_ADJUSTED_STATIC,overall,100,stop_loss,54,-5586093.957457791,-1.0894171770262027,54,54,0,0.0,,-0.10269640359640346,,-0.10269640359640346,0.0,54,22.833333333333332,20.0,-5.545605794205787,SUFFICIENT,0.036706569571936014,-0.10089910089910077,43,-0.006272422317353234,26,-0.012409196994857105,7,-0.03754362169916013,0,
V2-R2B_ROOT_CAUSE_DIAGNOSTIC_AND_STOP_DECISION,TGS_STABLE_V2_ROOT_CAUSE_DIAGNOSTIC,9dae034999aa33b3f0d059adc059d3c8dbe659c2,POST_HOC_ASSOCIATION_DIAGNOSTIC_ONLY,v2-r2a-20260727-d3b8ed0-integrity1,U15_ADJUSTED_STATIC,overall,100,stop_gap,18,-2097739.8567325026,-0.40910766096331663,18,18,0,0.0,,-0.1119215056122645,,-0.1119215056122645,0.0,18,27.72222222222222,24.0,-2.0145871010207608,INSUFFICIENT_SAMPLE,0.048253156392852534,-0.11014268083124616,15,-0.003590856887927707,12,-0.01299932299049436,4,0.0094907741455936,0,
V2-R2B_ROOT_CAUSE_DIAGNOSTIC_AND_STOP_DECISION,TGS_STABLE_V2_ROOT_CAUSE_DIAGNOSTIC,9dae034999aa33b3f0d059adc059d3c8dbe659c2,POST_HOC_ASSOCIATION_DIAGNOSTIC_ONLY,v2-r2a-20260727-d3b8ed0-integrity1,U15_ADJUSTED_STATIC,overall,100,take_profit,16,6231901.546454398,1.2153645538273916,16,16,0,1.0,0.2961051948051949,,,0.2961051948051949,,0,29.1875,32.5,4.737683116883119,INSUFFICIENT_SAMPLE,0.2987012987012989,-0.03411046316117447,13,0.060352022771231646,10,0.08107268761503642,5,0.21427206727042933,0,
V2-R2B_ROOT_CAUSE_DIAGNOSTIC_AND_STOP_DECISION,TGS_STABLE_V2_ROOT_CAUSE_DIAGNOSTIC,9dae034999aa33b3f0d059adc059d3c8dbe659c2,POST_HOC_ASSOCIATION_DIAGNOSTIC_ONLY,v2-r2a-20260727-d3b8ed0-integrity1,U15_ADJUSTED_STATIC,overall,100,take_profit_gap,2,624046.6761038014,0.12170349682463702,2,2,0,1.0,0.302214043914358,,,0.302214043914358,,0,19.0,19.0,0.604428087828716,INSUFFICIENT_SAMPLE,0.3048223838596936,-0.016577431663688746,1,0.0410269896741855,1,0.13437369022430623,0,,0,
V2-R2B_ROOT_CAUSE_DIAGNOSTIC_AND_STOP_DECISION,TGS_STABLE_V2_ROOT_CAUSE_DIAGNOSTIC,9dae034999aa33b3f0d059adc059d3c8dbe659c2,POST_HOC_ASSOCIATION_DIAGNOSTIC_ONLY,v2-r2a-20260727-d3b8ed0-integrity1,U15_ADJUSTED_STATIC,overall,100,max_holding,96,5955484.160167823,1.1614567873374906,96,96,0,0.8229166666666666,0.0888500921063665,-0.037053522965255416,2.397885140089919,0.06655466027076679,11.143113298064916,2,60.0,60.0,6.389247385993611,SUFFICIENT,0.12515471081802132,-0.05232504396961248,96,0.007996677550721396,96,0.016492728145782717,96,0.03972213251594332,96,0.06869097352684696
V2-R2B_ROOT_CAUSE_DIAGNOSTIC_AND_STOP_DECISION,TGS_STABLE_V2_ROOT_CAUSE_DIAGNOSTIC,9dae034999aa33b3f0d059adc059d3c8dbe659c2,POST_HOC_ASSOCIATION_DIAGNOSTIC_ONLY,v2-r2a-20260727-d3b8ed0-integrity1,U15_ADJUSTED_STATIC,overall,100,data_end_or_haircut,0,0.0,0.0,0,0,0,,,,,,,0,,,0.0,INSUFFICIENT_SAMPLE,,,0,,0,,0,,0,
V2-R2B_ROOT_CAUSE_DIAGNOSTIC_AND_STOP_DECISION,TGS_STABLE_V2_ROOT_CAUSE_DIAGNOSTIC,9dae034999aa33b3f0d059adc059d3c8dbe659c2,POST_HOC_ASSOCIATION_DIAGNOSTIC_ONLY,v2-r2a-20260727-d3b8ed0-integrity1,U15_ADJUSTED_STATIC,overall,100,other,0,0.0,0.0,0,0,0,,,,,,,0,,,0.0,INSUFFICIENT_SAMPLE,,,0,,0,,0,,0,
V2-R2B_ROOT_CAUSE_DIAGNOSTIC_AND_STOP_DECISION,TGS_STABLE_V2_ROOT_CAUSE_DIAGNOSTIC,9dae034999aa33b3f0d059adc059d3c8dbe659c2,POST_HOC_ASSOCIATION_DIAGNOSTIC_ONLY,v2-r2a-20260727-d3b8ed0-integrity1,U15_ADJUSTED_STATIC,overall,120,stop_loss,9,-843963.3934019473,5.808804367459611,9,9,0,0.0,,-0.10269640359640352,,-0.10269640359640352,0.0,9,24.88888888888889,24.0,-0.9242676323676317,INSUFFICIENT_SAMPLE,0.06072467942299369,-0.10089910089910083,8,0.009409729137560358,5,0.005058157383751127,2,-0.026266125134386198,0,
V2-R2B_ROOT_CAUSE_DIAGNOSTIC_AND_STOP_DECISION,TGS_STABLE_V2_ROOT_CAUSE_DIAGNOSTIC,9dae034999aa33b3f0d059adc059d3c8dbe659c2,POST_HOC_ASSOCIATION_DIAGNOSTIC_ONLY,v2-r2a-20260727-d3b8ed0-integrity1,U15_ADJUSTED_STATIC,overall,120,stop_gap,3,-348024.0248388407,2.395368675074652,3,3,0,0.0,,-0.11508285170501402,,-0.11508285170501402,0.0,3,21.666666666666668,25.0,-0.34524855511504204,INSUFFICIENT_SAMPLE,0.06672493845095355,-0.11331035911288063,3,-0.023764462680983495,2,0.03915814321795896,0,,0,
V2-R2B_ROOT_CAUSE_DIAGNOSTIC_AND_STOP_DECISION,TGS_STABLE_V2_ROOT_CAUSE_DIAGNOSTIC,9dae034999aa33b3f0d059adc059d3c8dbe659c2,POST_HOC_ASSOCIATION_DIAGNOSTIC_ONLY,v2-r2a-20260727-d3b8ed0-integrity1,U15_ADJUSTED_STATIC,overall,120,take_profit,0,0.0,-0.0,0,0,0,,,,,,,0,,,0.0,INSUFFICIENT_SAMPLE,,,0,,0,,0,,0,
V2-R2B_ROOT_CAUSE_DIAGNOSTIC_AND_STOP_DECISION,TGS_STABLE_V2_ROOT_CAUSE_DIAGNOSTIC,9dae034999aa33b3f0d059adc059d3c8dbe659c2,POST_HOC_ASSOCIATION_DIAGNOSTIC_ONLY,v2-r2a-20260727-d3b8ed0-integrity1,U15_ADJUSTED_STATIC,overall,120,take_profit_gap,0,0.0,-0.0,0,0,0,,,,,,,0,,,0.0,INSUFFICIENT_SAMPLE,,,0,,0,,0,,0,
V2-R2B_ROOT_CAUSE_DIAGNOSTIC_AND_STOP_DECISION,TGS_STABLE_V2_ROOT_CAUSE_DIAGNOSTIC,9dae034999aa33b3f0d059adc059d3c8dbe659c2,POST_HOC_ASSOCIATION_DIAGNOSTIC_ONLY,v2-r2a-20260727-d3b8ed0-integrity1,U15_ADJUSTED_STATIC,overall,120,max_holding,11,1046697.038325473,-7.204173042534262,11,11,0,0.9090909090909091,0.11263527573411543,-0.05405040463927269,2.0838932934144094,0.09748203206380741,20.838932934144093,1,60.0,60.0,1.0723023527018816,INSUFFICIENT_SAMPLE,0.15425550029492885,-0.052520065030757054,11,0.016549733767778383,11,0.013372755782061147,11,0.06479802665845215,11,0.09968029296945335
V2-R2B_ROOT_CAUSE_DIAGNOSTIC_AND_STOP_DECISION,TGS_STABLE_V2_ROOT_CAUSE_DIAGNOSTIC,9dae034999aa33b3f0d059adc059d3c8dbe659c2,POST_HOC_ASSOCIATION_DIAGNOSTIC_ONLY,v2-r2a-20260727-d3b8ed0-integrity1,U15_ADJUSTED_STATIC,overall,120,data_end_or_haircut,0,0.0,-0.0,0,0,0,,,,,,,0,,,0.0,INSUFFICIENT_SAMPLE,,,0,,0,,0,,0,
V2-R2B_ROOT_CAUSE_DIAGNOSTIC_AND_STOP_DECISION,TGS_STABLE_V2_ROOT_CAUSE_DIAGNOSTIC,9dae034999aa33b3f0d059adc059d3c8dbe659c2,POST_HOC_ASSOCIATION_DIAGNOSTIC_ONLY,v2-r2a-20260727-d3b8ed0-integrity1,U15_ADJUSTED_STATIC,overall,120,other,0,0.0,-0.0,0,0,0,,,,,,,0,,,0.0,INSUFFICIENT_SAMPLE,,,0,,0,,0,,0,
V2-R2B_ROOT_CAUSE_DIAGNOSTIC_AND_STOP_DECISION,TGS_STABLE_V2_ROOT_CAUSE_DIAGNOSTIC,9dae034999aa33b3f0d059adc059d3c8dbe659c2,POST_HOC_ASSOCIATION_DIAGNOSTIC_ONLY,v2-r2a-20260727-d3b8ed0-integrity1,U15_ADJUSTED_STATIC,validation,ALL,stop_loss,23,-2217694.2682836135,-0.7749443078231509,23,23,0,0.0,,-0.10269640359640346,,-0.10269640359640346,0.0,23,23.347826086956523,21.0,-2.3620172827172796,INSUFFICIENT_SAMPLE,0.037526935990102706,-0.10089910089910076,19,-0.015205831208957027,13,-0.022112290004676603,3,-0.010536152956608,0,
V2-R2B_ROOT_CAUSE_DIAGNOSTIC_AND_STOP_DECISION,TGS_STABLE_V2_ROOT_CAUSE_DIAGNOSTIC,9dae034999aa33b3f0d059adc059d3c8dbe659c2,POST_HOC_ASSOCIATION_DIAGNOSTIC_ONLY,v2-r2a-20260727-d3b8ed0-integrity1,U15_ADJUSTED_STATIC,validation,ALL,stop_gap,2,-213991.12967318928,-0.07477640639493063,2,2,0,0.0,,-0.10572238771834447,,-0.10572238771834447,0.0,2,30.0,30.0,-0.21144477543668894,INSUFFICIENT_SAMPLE,0.028525210998894268,-0.10393114607935705,2,-0.03804834984619232,1,-0.019415718179026653,1,-0.044650522061005726,0,
V2-R2B_ROOT_CAUSE_DIAGNOSTIC_AND_STOP_DECISION,TGS_STABLE_V2_ROOT_CAUSE_DIAGNOSTIC,9dae034999aa33b3f0d059adc059d3c8dbe659c2,POST_HOC_ASSOCIATION_DIAGNOSTIC_ONLY,v2-r2a-20260727-d3b8ed0-integrity1,U15_ADJUSTED_STATIC,validation,ALL,take_profit,6,1633400.9046259504,0.5707706204303484,6,6,0,1.0,0.29610519480519504,,,0.29610519480519504,,0,32.166666666666664,34.5,1.7766311688311702,INSUFFICIENT_SAMPLE,0.2987012987012989,-0.020240801947058,6,0.0931067117804067,4,0.058593776639159656,2,0.20966239696897404,0,
V2-R2B_ROOT_CAUSE_DIAGNOSTIC_AND_STOP_DECISION,TGS_STABLE_V2_ROOT_CAUSE_DIAGNOSTIC,9dae034999aa33b3f0d059adc059d3c8dbe659c2,POST_HOC_ASSOCIATION_DIAGNOSTIC_ONLY,v2-r2a-20260727-d3b8ed0-integrity1,U15_ADJUSTED_STATIC,validation,ALL,take_profit_gap,2,520431.0752671184,0.18185784450111495,2,2,0,1.0,0.29869126338747465,,,0.29869126338747465,,0,30.5,30.5,0.5973825267749493,INSUFFICIENT_SAMPLE,0.301292547189306,-0.025547154549521445,2,0.08788744155148742,2,0.13940261759369932,0,,0,
V2-R2B_ROOT_CAUSE_DIAGNOSTIC_AND_STOP_DECISION,TGS_STABLE_V2_ROOT_CAUSE_DIAGNOSTIC,9dae034999aa33b3f0d059adc059d3c8dbe659c2,POST_HOC_ASSOCIATION_DIAGNOSTIC_ONLY,v2-r2a-20260727-d3b8ed0-integrity1,U15_ADJUSTED_STATIC,validation,ALL,max_holding,43,3139600.057010221,1.0970922492866184,43,43,0,0.9069767441860465,0.09133840709337168,-0.020429877606334967,4.4708249776811755,0.08094135735386407,43.590543532391465,1,60.0,60.0,3.480478366216155,SUFFICIENT,0.14582500131766893,-0.05230425847251568,43,0.012106684232771482,43,0.029922079757622098,43,0.04305025968358749,43,0.08310648722182046
V2-R2B_ROOT_CAUSE_DIAGNOSTIC_AND_STOP_DECISION,TGS_STABLE_V2_ROOT_CAUSE_DIAGNOSTIC,9dae034999aa33b3f0d059adc059d3c8dbe659c2,POST_HOC_ASSOCIATION_DIAGNOSTIC_ONLY,v2-r2a-20260727-d3b8ed0-integrity1,U15_ADJUSTED_STATIC,validation,ALL,data_end_or_haircut,0,0.0,0.0,0,0,0,,,,,,,0,,,0.0,INSUFFICIENT_SAMPLE,,,0,,0,,0,,0,
V2-R2B_ROOT_CAUSE_DIAGNOSTIC_AND_STOP_DECISION,TGS_STABLE_V2_ROOT_CAUSE_DIAGNOSTIC,9dae034999aa33b3f0d059adc059d3c8dbe659c2,POST_HOC_ASSOCIATION_DIAGNOSTIC_ONLY,v2-r2a-20260727-d3b8ed0-integrity1,U15_ADJUSTED_STATIC,validation,ALL,other,0,0.0,0.0,0,0,0,,,,,,,0,,,0.0,INSUFFICIENT_SAMPLE,,,0,,0,,0,,0,
V2-R2B_ROOT_CAUSE_DIAGNOSTIC_AND_STOP_DECISION,TGS_STABLE_V2_ROOT_CAUSE_DIAGNOSTIC,9dae034999aa33b3f0d059adc059d3c8dbe659c2,POST_HOC_ASSOCIATION_DIAGNOSTIC_ONLY,v2-r2a-20260727-d3b8ed0-integrity1,U15_ADJUSTED_STATIC,validation,90,stop_loss,7,-769103.7650042891,-0.90897349694777,7,7,0,0.0,,-0.10269640359640352,,-0.10269640359640352,0.0,7,28.0,23.0,-0.7188748251748246,INSUFFICIENT_SAMPLE,0.05538601646303646,-0.10089910089910079,6,-0.013268920469148812,5,-0.007326340349469174,2,0.026771373374601448,0,
V2-R2B_ROOT_CAUSE_DIAGNOSTIC_AND_STOP_DECISION,TGS_STABLE_V2_ROOT_CAUSE_DIAGNOSTIC,9dae034999aa33b3f0d059adc059d3c8dbe659c2,POST_HOC_ASSOCIATION_DIAGNOSTIC_ONLY,v2-r2a-20260727-d3b8ed0-integrity1,U15_ADJUSTED_STATIC,validation,90,stop_gap,1,-96937.67420052469,-0.11456682532758523,1,1,0,0.0,,-0.10805254804539077,,-0.10805254804539077,0.0,1,13.0,13.0,-0.10805254804539077,INSUFFICIENT_SAMPLE,0.0005384116823650142,-0.10626597372687074,1,-0.05936078369551501,0,,0,,0,
V2-R2B_ROOT_CAUSE_DIAGNOSTIC_AND_STOP_DECISION,TGS_STABLE_V2_ROOT_CAUSE_DIAGNOSTIC,9dae034999aa33b3f0d059adc059d3c8dbe659c2,POST_HOC_ASSOCIATION_DIAGNOSTIC_ONLY,v2-r2a-20260727-d3b8ed0-integrity1,U15_ADJUSTED_STATIC,validation,90,take_profit,2,554999.0868427611,0.6559315969119853,2,2,0,1.0,0.29610519480519504,,,0.29610519480519504,,0,30.5,30.5,0.5922103896103901,INSUFFICIENT_SAMPLE,0.2987012987012989,-0.004170929773894272,2,0.10215694961233035,1,0.018689744261276342,1,0.17834900644437668,0,
V2-R2B_ROOT_CAUSE_DIAGNOSTIC_AND_STOP_DECISION,TGS_STABLE_V2_ROOT_CAUSE_DIAGNOSTIC,9dae034999aa33b3f0d059adc059d3c8dbe659c2,POST_HOC_ASSOCIATION_DIAGNOSTIC_ONLY,v2-r2a-20260727-d3b8ed0-integrity1,U15_ADJUSTED_STATIC,validation,90,take_profit_gap,1,241732.51984229978,0.2856941597286629,1,1,0,1.0,0.29735824372560793,,,0.29735824372560793,,0,31.0,31.0,0.29735824372560793,INSUFFICIENT_SAMPLE,0.2999568574837177,-0.025472522866043512,1,0.13474789342878934,1,0.1444315449630924,0,,0,
V2-R2B_ROOT_CAUSE_DIAGNOSTIC_AND_STOP_DECISION,TGS_STABLE_V2_ROOT_CAUSE_DIAGNOSTIC,9dae034999aa33b3f0d059adc059d3c8dbe659c2,POST_HOC_ASSOCIATION_DIAGNOSTIC_ONLY,v2-r2a-20260727-d3b8ed0-integrity1,U15_ADJUSTED_STATIC,validation,90,max_holding,18,915433.2537051367,1.081914565634707,18,18,0,0.7777777777777778,0.07276686357680233,-0.020429877606334967,3.5617865647045543,0.05205647664721627,12.466252976465942,1,60.0,60.0,0.9370165796498928,INSUFFICIENT_SAMPLE,0.13792412801533413,-0.053970816767555635,18,0.01347578080597528,18,0.050285939949231084,18,0.03292755690018884,18,0.05416374998343309
V2-R2B_ROOT_CAUSE_DIAGNOSTIC_AND_STOP_DECISION,TGS_STABLE_V2_ROOT_CAUSE_DIAGNOSTIC,9dae034999aa33b3f0d059adc059d3c8dbe659c2,POST_HOC_ASSOCIATION_DIAGNOSTIC_ONLY,v2-r2a-20260727-d3b8ed0-integrity1,U15_ADJUSTED_STATIC,validation,90,data_end_or_haircut,0,0.0,0.0,0,0,0,,,,,,,0,,,0.0,INSUFFICIENT_SAMPLE,,,0,,0,,0,,0,
V2-R2B_ROOT_CAUSE_DIAGNOSTIC_AND_STOP_DECISION,TGS_STABLE_V2_ROOT_CAUSE_DIAGNOSTIC,9dae034999aa33b3f0d059adc059d3c8dbe659c2,POST_HOC_ASSOCIATION_DIAGNOSTIC_ONLY,v2-r2a-20260727-d3b8ed0-integrity1,U15_ADJUSTED_STATIC,validation,90,other,0,0.0,0.0,0,0,0,,,,,,,0,,,0.0,INSUFFICIENT_SAMPLE,,,0,,0,,0,,0,
V2-R2B_ROOT_CAUSE_DIAGNOSTIC_AND_STOP_DECISION,TGS_STABLE_V2_ROOT_CAUSE_DIAGNOSTIC,9dae034999aa33b3f0d059adc059d3c8dbe659c2,POST_HOC_ASSOCIATION_DIAGNOSTIC_ONLY,v2-r2a-20260727-d3b8ed0-integrity1,U15_ADJUSTED_STATIC,validation,100,stop_loss,13,-1188949.1352037142,-0.7537735693928607,13,13,0,0.0,,-0.10269640359640347,,-0.10269640359640347,0.0,13,22.615384615384617,21.0,-1.3350532467532452,INSUFFICIENT_SAMPLE,0.027011299668996864,-0.10089910089910077,10,-0.015196926647251151,7,-0.02767268654545263,1,-0.08515120561902689,0,
V2-R2B_ROOT_CAUSE_DIAGNOSTIC_AND_STOP_DECISION,TGS_STABLE_V2_ROOT_CAUSE_DIAGNOSTIC,9dae034999aa33b3f0d059adc059d3c8dbe659c2,POST_HOC_ASSOCIATION_DIAGNOSTIC_ONLY,v2-r2a-20260727-d3b8ed0-integrity1,U15_ADJUSTED_STATIC,validation,100,stop_gap,1,-117053.45547266459,-0.07420990379565821,1,1,0,0.0,,-0.10339222739129816,,-0.10339222739129816,0.0,1,47.0,47.0,-0.10339222739129816,INSUFFICIENT_SAMPLE,0.05651201031542352,-0.10159631843184336,1,-0.016735915996869632,1,-0.019415718179026653,1,-0.044650522061005726,0,
V2-R2B_ROOT_CAUSE_DIAGNOSTIC_AND_STOP_DECISION,TGS_STABLE_V2_ROOT_CAUSE_DIAGNOSTIC,9dae034999aa33b3f0d059adc059d3c8dbe659c2,POST_HOC_ASSOCIATION_DIAGNOSTIC_ONLY,v2-r2a-20260727-d3b8ed0-integrity1,U15_ADJUSTED_STATIC,validation,100,take_profit,4,1078401.8177831895,0.6836884466810322,4,4,0,1.0,0.29610519480519504,,,0.29610519480519504,,0,33.0,34.5,1.1844207792207802,INSUFFICIENT_SAMPLE,0.2987012987012989,-0.028275738033639863,4,0.08858159286444489,3,0.07189512076512077,1,0.2409757874935714,0,
V2-R2B_ROOT_CAUSE_DIAGNOSTIC_AND_STOP_DECISION,TGS_STABLE_V2_ROOT_CAUSE_DIAGNOSTIC,9dae034999aa33b3f0d059adc059d3c8dbe659c2,POST_HOC_ASSOCIATION_DIAGNOSTIC_ONLY,v2-r2a-20260727-d3b8ed0-integrity1,U15_ADJUSTED_STATIC,validation,100,take_profit_gap,1,278698.55542481865,0.176690153251346,1,1,0,1.0,0.30002428304934137,,,0.30002428304934137,,0,30.0,30.0,0.30002428304934137,INSUFFICIENT_SAMPLE,0.30262823689489426,-0.025621786232999377,1,0.0410269896741855,1,0.13437369022430623,0,,0,
V2-R2B_ROOT_CAUSE_DIAGNOSTIC_AND_STOP_DECISION,TGS_STABLE_V2_ROOT_CAUSE_DIAGNOSTIC,9dae034999aa33b3f0d059adc059d3c8dbe659c2,POST_HOC_ASSOCIATION_DIAGNOSTIC_ONLY,v2-r2a-20260727-d3b8ed0-integrity1,U15_ADJUSTED_STATIC,validation,100,max_holding,20,1526231.5156571802,0.967604873256141,20,20,0,1.0,0.08627963951839998,,,0.08627963951839998,,0,60.0,60.0,1.7255927903679997,INSUFFICIENT_SAMPLE,0.14014282333974762,-0.04968548812792694,20,0.010749174018389245,20,0.015776550888696488,20,0.045448495575872744,20,0.08845546198691182
V2-R2B_ROOT_CAUSE_DIAGNOSTIC_AND_STOP_DECISION,TGS_STABLE_V2_ROOT_CAUSE_DIAGNOSTIC,9dae034999aa33b3f0d059adc059d3c8dbe659c2,POST_HOC_ASSOCIATION_DIAGNOSTIC_ONLY,v2-r2a-20260727-d3b8ed0-integrity1,U15_ADJUSTED_STATIC,validation,100,data_end_or_haircut,0,0.0,0.0,0,0,0,,,,,,,0,,,0.0,INSUFFICIENT_SAMPLE,,,0,,0,,0,,0,
V2-R2B_ROOT_CAUSE_DIAGNOSTIC_AND_STOP_DECISION,TGS_STABLE_V2_ROOT_CAUSE_DIAGNOSTIC,9dae034999aa33b3f0d059adc059d3c8dbe659c2,POST_HOC_ASSOCIATION_DIAGNOSTIC_ONLY,v2-r2a-20260727-d3b8ed0-integrity1,U15_ADJUSTED_STATIC,validation,100,other,0,0.0,0.0,0,0,0,,,,,,,0,,,0.0,INSUFFICIENT_SAMPLE,,,0,,0,,0,,0,
V2-R2B_ROOT_CAUSE_DIAGNOSTIC_AND_STOP_DECISION,TGS_STABLE_V2_ROOT_CAUSE_DIAGNOSTIC,9dae034999aa33b3f0d059adc059d3c8dbe659c2,POST_HOC_ASSOCIATION_DIAGNOSTIC_ONLY,v2-r2a-20260727-d3b8ed0-integrity1,U15_ADJUSTED_STATIC,validation,120,stop_loss,3,-259641.36807561023,-0.5923909880588345,3,3,0,0.0,,-0.10269640359640353,,-0.10269640359640353,0.0,3,15.666666666666666,12.0,-0.3080892107892106,INSUFFICIENT_SAMPLE,0.041423505611382604,-0.10089910089910081,3,-0.019109334560926377,1,-0.05711926249528154,0,,0,
V2-R2B_ROOT_CAUSE_DIAGNOSTIC_AND_STOP_DECISION,TGS_STABLE_V2_ROOT_CAUSE_DIAGNOSTIC,9dae034999aa33b3f0d059adc059d3c8dbe659c2,POST_HOC_ASSOCIATION_DIAGNOSTIC_ONLY,v2-r2a-20260727-d3b8ed0-integrity1,U15_ADJUSTED_STATIC,validation,120,stop_gap,0,0.0,0.0,0,0,0,,,,,,,0,,,0.0,INSUFFICIENT_SAMPLE,,,0,,0,,0,,0,
V2-R2B_ROOT_CAUSE_DIAGNOSTIC_AND_STOP_DECISION,TGS_STABLE_V2_ROOT_CAUSE_DIAGNOSTIC,9dae034999aa33b3f0d059adc059d3c8dbe659c2,POST_HOC_ASSOCIATION_DIAGNOSTIC_ONLY,v2-r2a-20260727-d3b8ed0-integrity1,U15_ADJUSTED_STATIC,validation,120,take_profit,0,0.0,0.0,0,0,0,,,,,,,0,,,0.0,INSUFFICIENT_SAMPLE,,,0,,0,,0,,0,
V2-R2B_ROOT_CAUSE_DIAGNOSTIC_AND_STOP_DECISION,TGS_STABLE_V2_ROOT_CAUSE_DIAGNOSTIC,9dae034999aa33b3f0d059adc059d3c8dbe659c2,POST_HOC_ASSOCIATION_DIAGNOSTIC_ONLY,v2-r2a-20260727-d3b8ed0-integrity1,U15_ADJUSTED_STATIC,validation,120,take_profit_gap,0,0.0,0.0,0,0,0,,,,,,,0,,,0.0,INSUFFICIENT_SAMPLE,,,0,,0,,0,,0,
V2-R2B_ROOT_CAUSE_DIAGNOSTIC_AND_STOP_DECISION,TGS_STABLE_V2_ROOT_CAUSE_DIAGNOSTIC,9dae034999aa33b3f0d059adc059d3c8dbe659c2,POST_HOC_ASSOCIATION_DIAGNOSTIC_ONLY,v2-r2a-20260727-d3b8ed0-integrity1,U15_ADJUSTED_STATIC,validation,120,max_holding,5,697935.2876479037,1.5923909880588345,5,5,0,1.0,0.16357379923965257,,,0.16357379923965257,,0,60.0,60.0,0.8178689961982628,INSUFFICIENT_SAMPLE,0.1969968571177596,-0.05677972998872689,5,0.012607977426766758,5,0.013194298543532202,5,0.06989904613468163,5,0.16590444221964967
V2-R2B_ROOT_CAUSE_DIAGNOSTIC_AND_STOP_DECISION,TGS_STABLE_V2_ROOT_CAUSE_DIAGNOSTIC,9dae034999aa33b3f0d059adc059d3c8dbe659c2,POST_HOC_ASSOCIATION_DIAGNOSTIC_ONLY,v2-r2a-20260727-d3b8ed0-integrity1,U15_ADJUSTED_STATIC,validation,120,data_end_or_haircut,0,0.0,0.0,0,0,0,,,,,,,0,,,0.0,INSUFFICIENT_SAMPLE,,,0,,0,,0,,0,
V2-R2B_ROOT_CAUSE_DIAGNOSTIC_AND_STOP_DECISION,TGS_STABLE_V2_ROOT_CAUSE_DIAGNOSTIC,9dae034999aa33b3f0d059adc059d3c8dbe659c2,POST_HOC_ASSOCIATION_DIAGNOSTIC_ONLY,v2-r2a-20260727-d3b8ed0-integrity1,U15_ADJUSTED_STATIC,validation,120,other,0,0.0,0.0,0,0,0,,,,,,,0,,,0.0,INSUFFICIENT_SAMPLE,,,0,,0,,0,,0,
V2-R2B_ROOT_CAUSE_DIAGNOSTIC_AND_STOP_DECISION,TGS_STABLE_V2_ROOT_CAUSE_DIAGNOSTIC,9dae034999aa33b3f0d059adc059d3c8dbe659c2,POST_HOC_ASSOCIATION_DIAGNOSTIC_ONLY,v2-r2a-20260727-d3b8ed0-integrity1,U15_ADJUSTED_STATIC,final_holdout,ALL,stop_loss,18,-3412417.970411016,-0.3631955977270533,18,18,0,0.0,,-0.10269640359640347,,-0.10269640359640347,0.0,18,25.055555555555557,22.5,-1.8485352647352626,INSUFFICIENT_SAMPLE,0.08113425673928873,-0.10089910089910079,15,0.039398810165954895,11,-0.025030245748427472,4,-0.0374223107249953,0,
V2-R2B_ROOT_CAUSE_DIAGNOSTIC_AND_STOP_DECISION,TGS_STABLE_V2_ROOT_CAUSE_DIAGNOSTIC,9dae034999aa33b3f0d059adc059d3c8dbe659c2,POST_HOC_ASSOCIATION_DIAGNOSTIC_ONLY,v2-r2a-20260727-d3b8ed0-integrity1,U15_ADJUSTED_STATIC,final_holdout,ALL,stop_gap,16,-3435520.340203196,-0.3656544638678184,16,16,0,0.0,,-0.12213519762581929,,-0.12213519762581929,0.0,16,22.4375,14.0,-1.9541631620131086,INSUFFICIENT_SAMPLE,0.0660294359189886,-0.12037683091081,9,-0.018328469500443867,7,0.028744681297316506,4,0.0029729966321469514,0,
V2-R2B_ROOT_CAUSE_DIAGNOSTIC_AND_STOP_DECISION,TGS_STABLE_V2_ROOT_CAUSE_DIAGNOSTIC,9dae034999aa33b3f0d059adc059d3c8dbe659c2,POST_HOC_ASSOCIATION_DIAGNOSTIC_ONLY,v2-r2a-20260727-d3b8ed0-integrity1,U15_ADJUSTED_STATIC,final_holdout,ALL,take_profit,21,10148970.472179629,1.0801904775204072,21,21,0,1.0,0.2961051948051949,,,0.2961051948051949,,0,33.57142857142857,37.0,6.2182090909090935,INSUFFICIENT_SAMPLE,0.2987012987012988,-0.03548997742911073,18,0.055206613757795404,16,0.10072069069300182,9,0.18927997552811815,0,
V2-R2B_ROOT_CAUSE_DIAGNOSTIC_AND_STOP_DECISION,TGS_STABLE_V2_ROOT_CAUSE_DIAGNOSTIC,9dae034999aa33b3f0d059adc059d3c8dbe659c2,POST_HOC_ASSOCIATION_DIAGNOSTIC_ONLY,v2-r2a-20260727-d3b8ed0-integrity1,U15_ADJUSTED_STATIC,final_holdout,ALL,take_profit_gap,4,2188398.3737304937,0.23291890451398148,4,4,0,1.0,0.3098863777147857,,,0.3098863777147857,,0,32.5,32.5,1.2395455108591429,INSUFFICIENT_SAMPLE,0.3125100853754512,-0.028619572720490927,2,-0.0024985647629716667,2,0.04810610948168381,2,0.13674490407430917,0,
V2-R2B_ROOT_CAUSE_DIAGNOSTIC_AND_STOP_DECISION,TGS_STABLE_V2_ROOT_CAUSE_DIAGNOSTIC,9dae034999aa33b3f0d059adc059d3c8dbe659c2,POST_HOC_ASSOCIATION_DIAGNOSTIC_ONLY,v2-r2a-20260727-d3b8ed0-integrity1,U15_ADJUSTED_STATIC,final_holdout,ALL,max_holding,33,3906107.2734401305,0.41574067956048255,33,33,0,0.7878787878787878,0.10872448119697867,-0.03027345525383499,3.5914130146477294,0.07924007043468487,13.339534054405853,2,60.0,60.0,2.6149223243446005,SUFFICIENT,0.15908196830505447,-0.04505187186875527,33,0.023071051861025153,33,0.03414635436227634,33,0.056893159727555064,33,0.0814017926181285
V2-R2B_ROOT_CAUSE_DIAGNOSTIC_AND_STOP_DECISION,TGS_STABLE_V2_ROOT_CAUSE_DIAGNOSTIC,9dae034999aa33b3f0d059adc059d3c8dbe659c2,POST_HOC_ASSOCIATION_DIAGNOSTIC_ONLY,v2-r2a-20260727-d3b8ed0-integrity1,U15_ADJUSTED_STATIC,final_holdout,ALL,data_end_or_haircut,0,0.0,0.0,0,0,0,,,,,,,0,,,0.0,INSUFFICIENT_SAMPLE,,,0,,0,,0,,0,
V2-R2B_ROOT_CAUSE_DIAGNOSTIC_AND_STOP_DECISION,TGS_STABLE_V2_ROOT_CAUSE_DIAGNOSTIC,9dae034999aa33b3f0d059adc059d3c8dbe659c2,POST_HOC_ASSOCIATION_DIAGNOSTIC_ONLY,v2-r2a-20260727-d3b8ed0-integrity1,U15_ADJUSTED_STATIC,final_holdout,ALL,other,0,0.0,0.0,0,0,0,,,,,,,0,,,0.0,INSUFFICIENT_SAMPLE,,,0,,0,,0,,0,
V2-R2B_ROOT_CAUSE_DIAGNOSTIC_AND_STOP_DECISION,TGS_STABLE_V2_ROOT_CAUSE_DIAGNOSTIC,9dae034999aa33b3f0d059adc059d3c8dbe659c2,POST_HOC_ASSOCIATION_DIAGNOSTIC_ONLY,v2-r2a-20260727-d3b8ed0-integrity1,U15_ADJUSTED_STATIC,final_holdout,90,stop_loss,10,-1941185.903827147,-0.304412741717682,10,10,0,0.0,,-0.10269640359640349,,-0.10269640359640349,0.0,10,28.0,24.0,-1.0269640359640348,INSUFFICIENT_SAMPLE,0.0699007069938347,-0.10089910089910079,8,0.0367060278898729,7,-0.030205859125489898,3,-0.025748322866246842,0,
V2-R2B_ROOT_CAUSE_DIAGNOSTIC_AND_STOP_DECISION,TGS_STABLE_V2_ROOT_CAUSE_DIAGNOSTIC,9dae034999aa33b3f0d059adc059d3c8dbe659c2,POST_HOC_ASSOCIATION_DIAGNOSTIC_ONLY,v2-r2a-20260727-d3b8ed0-integrity1,U15_ADJUSTED_STATIC,final_holdout,90,stop_gap,13,-2814995.9432159904,-0.44144181724639003,13,13,0,0.0,,-0.12364732762232526,,-0.12364732762232526,0.0,13,24.615384615384617,16.0,-1.6074152590902284,INSUFFICIENT_SAMPLE,0.06159762828223233,-0.12189198970975507,8,-0.02275947344821301,6,0.027660338487790963,4,0.0029729966321469514,0,
V2-R2B_ROOT_CAUSE_DIAGNOSTIC_AND_STOP_DECISION,TGS_STABLE_V2_ROOT_CAUSE_DIAGNOSTIC,9dae034999aa33b3f0d059adc059d3c8dbe659c2,POST_HOC_ASSOCIATION_DIAGNOSTIC_ONLY,v2-r2a-20260727-d3b8ed0-integrity1,U15_ADJUSTED_STATIC,final_holdout,90,take_profit,13,6099853.265702451,0.956566320117573,13,13,0,1.0,0.296105194805195,,,0.296105194805195,,0,39.46153846153846,45.0,3.849367532467535,INSUFFICIENT_SAMPLE,0.2987012987012988,-0.033761141519780345,13,0.0623704705093106,12,0.1003336297125112,7,0.1797188743543899,0,
V2-R2B_ROOT_CAUSE_DIAGNOSTIC_AND_STOP_DECISION,TGS_STABLE_V2_ROOT_CAUSE_DIAGNOSTIC,9dae034999aa33b3f0d059adc059d3c8dbe659c2,POST_HOC_ASSOCIATION_DIAGNOSTIC_ONLY,v2-r2a-20260727-d3b8ed0-integrity1,U15_ADJUSTED_STATIC,final_holdout,90,take_profit_gap,4,2188398.3737304937,0.34318008780324205,4,4,0,1.0,0.3098863777147857,,,0.3098863777147857,,0,32.5,32.5,1.2395455108591429,INSUFFICIENT_SAMPLE,0.3125100853754512,-0.028619572720490927,2,-0.0024985647629716667,2,0.04810610948168381,2,0.13674490407430917,0,
V2-R2B_ROOT_CAUSE_DIAGNOSTIC_AND_STOP_DECISION,TGS_STABLE_V2_ROOT_CAUSE_DIAGNOSTIC,9dae034999aa33b3f0d059adc059d3c8dbe659c2,POST_HOC_ASSOCIATION_DIAGNOSTIC_ONLY,v2-r2a-20260727-d3b8ed0-integrity1,U15_ADJUSTED_STATIC,final_holdout,90,max_holding,18,2844752.3237732495,0.4461081510432568,18,18,0,0.8333333333333334,0.12926937505058478,-0.025818160631054427,5.006916522747862,0.10342145243697824,25.034582613739307,1,60.0,60.0,1.8615861438656083,INSUFFICIENT_SAMPLE,0.19060718796144396,-0.03980141437998912,18,0.03589079769962447,18,0.06005794775391567,18,0.08271168631227313,18,0.10563161002541906
V2-R2B_ROOT_CAUSE_DIAGNOSTIC_AND_STOP_DECISION,TGS_STABLE_V2_ROOT_CAUSE_DIAGNOSTIC,9dae034999aa33b3f0d059adc059d3c8dbe659c2,POST_HOC_ASSOCIATION_DIAGNOSTIC_ONLY,v2-r2a-20260727-d3b8ed0-integrity1,U15_ADJUSTED_STATIC,final_holdout,90,data_end_or_haircut,0,0.0,0.0,0,0,0,,,,,,,0,,,0.0,INSUFFICIENT_SAMPLE,,,0,,0,,0,,0,
V2-R2B_ROOT_CAUSE_DIAGNOSTIC_AND_STOP_DECISION,TGS_STABLE_V2_ROOT_CAUSE_DIAGNOSTIC,9dae034999aa33b3f0d059adc059d3c8dbe659c2,POST_HOC_ASSOCIATION_DIAGNOSTIC_ONLY,v2-r2a-20260727-d3b8ed0-integrity1,U15_ADJUSTED_STATIC,final_holdout,90,other,0,0.0,0.0,0,0,0,,,,,,,0,,,0.0,INSUFFICIENT_SAMPLE,,,0,,0,,0,,0,
V2-R2B_ROOT_CAUSE_DIAGNOSTIC_AND_STOP_DECISION,TGS_STABLE_V2_ROOT_CAUSE_DIAGNOSTIC,9dae034999aa33b3f0d059adc059d3c8dbe659c2,POST_HOC_ASSOCIATION_DIAGNOSTIC_ONLY,v2-r2a-20260727-d3b8ed0-integrity1,U15_ADJUSTED_STATIC,final_holdout,100,stop_loss,7,-1324423.681088414,-0.4295011828819571,7,7,0,0.0,,-0.10269640359640346,,-0.10269640359640346,0.0,7,20.571428571428573,15.0,-0.7188748251748243,INSUFFICIENT_SAMPLE,0.06996418107225133,-0.10089910089910079,6,0.01517650214310586,3,-0.02950981993622766,1,-0.07244427430124067,0,
V2-R2B_ROOT_CAUSE_DIAGNOSTIC_AND_STOP_DECISION,TGS_STABLE_V2_ROOT_CAUSE_DIAGNOSTIC,9dae034999aa33b3f0d059adc059d3c8dbe659c2,POST_HOC_ASSOCIATION_DIAGNOSTIC_ONLY,v2-r2a-20260727-d3b8ed0-integrity1,U15_ADJUSTED_STATIC,final_holdout,100,stop_gap,2,-463639.20266259776,-0.1503548968638078,2,2,0,0.0,,-0.11787988608152605,,-0.11787988608152605,0.0,2,7.0,7.0,-0.2357597721630521,INSUFFICIENT_SAMPLE,0.0677552252697301,-0.116112995960451,0,,0,,0,,0,
V2-R2B_ROOT_CAUSE_DIAGNOSTIC_AND_STOP_DECISION,TGS_STABLE_V2_ROOT_CAUSE_DIAGNOSTIC,9dae034999aa33b3f0d059adc059d3c8dbe659c2,POST_HOC_ASSOCIATION_DIAGNOSTIC_ONLY,v2-r2a-20260727-d3b8ed0-integrity1,U15_ADJUSTED_STATIC,final_holdout,100,take_profit,8,4049117.2064771797,1.3130999200953866,8,8,0,1.0,0.2961051948051948,,,0.2961051948051948,,0,24.0,19.5,2.3688415584415585,INSUFFICIENT_SAMPLE,0.2987012987012988,-0.03829933578177261,5,0.03658058620385589,4,0.10188187363447371,2,0.2227438296361669,0,
V2-R2B_ROOT_CAUSE_DIAGNOSTIC_AND_STOP_DECISION,TGS_STABLE_V2_ROOT_CAUSE_DIAGNOSTIC,9dae034999aa33b3f0d059adc059d3c8dbe659c2,POST_HOC_ASSOCIATION_DIAGNOSTIC_ONLY,v2-r2a-20260727-d3b8ed0-integrity1,U15_ADJUSTED_STATIC,final_holdout,100,take_profit_gap,0,0.0,0.0,0,0,0,,,,,,,0,,,0.0,INSUFFICIENT_SAMPLE,,,0,,0,,0,,0,
V2-R2B_ROOT_CAUSE_DIAGNOSTIC_AND_STOP_DECISION,TGS_STABLE_V2_ROOT_CAUSE_DIAGNOSTIC,9dae034999aa33b3f0d059adc059d3c8dbe659c2,POST_HOC_ASSOCIATION_DIAGNOSTIC_ONLY,v2-r2a-20260727-d3b8ed0-integrity1,U15_ADJUSTED_STATIC,final_holdout,100,max_holding,13,822577.885691789,0.26675615965037824,13,13,0,0.6923076923076923,0.0806643614632789,-0.03361492622092041,2.399659036380007,0.045501503714294504,5.3992328318550165,1,60.0,60.0,0.5915195482858285,INSUFFICIENT_SAMPLE,0.11554781394851421,-0.0540912069901282,13,0.008542688070977236,13,0.00446055539551728,13,0.009920648633409059,13,0.04759564741347403
V2-R2B_ROOT_CAUSE_DIAGNOSTIC_AND_STOP_DECISION,TGS_STABLE_V2_ROOT_CAUSE_DIAGNOSTIC,9dae034999aa33b3f0d059adc059d3c8dbe659c2,POST_HOC_ASSOCIATION_DIAGNOSTIC_ONLY,v2-r2a-20260727-d3b8ed0-integrity1,U15_ADJUSTED_STATIC,final_holdout,100,data_end_or_haircut,0,0.0,0.0,0,0,0,,,,,,,0,,,0.0,INSUFFICIENT_SAMPLE,,,0,,0,,0,,0,
V2-R2B_ROOT_CAUSE_DIAGNOSTIC_AND_STOP_DECISION,TGS_STABLE_V2_ROOT_CAUSE_DIAGNOSTIC,9dae034999aa33b3f0d059adc059d3c8dbe659c2,POST_HOC_ASSOCIATION_DIAGNOSTIC_ONLY,v2-r2a-20260727-d3b8ed0-integrity1,U15_ADJUSTED_STATIC,final_holdout,100,other,0,0.0,0.0,0,0,0,,,,,,,0,,,0.0,INSUFFICIENT_SAMPLE,,,0,,0,,0,,0,
V2-R2B_ROOT_CAUSE_DIAGNOSTIC_AND_STOP_DECISION,TGS_STABLE_V2_ROOT_CAUSE_DIAGNOSTIC,9dae034999aa33b3f0d059adc059d3c8dbe659c2,POST_HOC_ASSOCIATION_DIAGNOSTIC_ONLY,v2-r2a-20260727-d3b8ed0-integrity1,U15_ADJUSTED_STATIC,final_holdout,120,stop_loss,1,-146808.38549545498,2.261495146259142,1,1,0,0.0,,-0.10269640359640353,,-0.10269640359640353,0.0,1,27.0,27.0,-0.10269640359640353,INSUFFICIENT_SAMPLE,0.2716602838630908,-0.10089910089910081,1,0.20627491651170504,1,0.02463777045441007,0,,0,
V2-R2B_ROOT_CAUSE_DIAGNOSTIC_AND_STOP_DECISION,TGS_STABLE_V2_ROOT_CAUSE_DIAGNOSTIC,9dae034999aa33b3f0d059adc059d3c8dbe659c2,POST_HOC_ASSOCIATION_DIAGNOSTIC_ONLY,v2-r2a-20260727-d3b8ed0-integrity1,U15_ADJUSTED_STATIC,final_holdout,120,stop_gap,1,-156885.19432460776,2.416722343806491,1,1,0,0.0,,-0.11098813075982816,,-0.11098813075982816,0.0,1,25.0,25.0,-0.11098813075982816,INSUFFICIENT_SAMPLE,0.12019135649533719,-0.10920743642524211,1,0.017119562081709283,1,0.035250738154469774,0,,0,
V2-R2B_ROOT_CAUSE_DIAGNOSTIC_AND_STOP_DECISION,TGS_STABLE_V2_ROOT_CAUSE_DIAGNOSTIC,9dae034999aa33b3f0d059adc059d3c8dbe659c2,POST_HOC_ASSOCIATION_DIAGNOSTIC_ONLY,v2-r2a-20260727-d3b8ed0-integrity1,U15_ADJUSTED_STATIC,final_holdout,120,take_profit,0,0.0,-0.0,0,0,0,,,,,,,0,,,0.0,INSUFFICIENT_SAMPLE,,,0,,0,,0,,0,
V2-R2B_ROOT_CAUSE_DIAGNOSTIC_AND_STOP_DECISION,TGS_STABLE_V2_ROOT_CAUSE_DIAGNOSTIC,9dae034999aa33b3f0d059adc059d3c8dbe659c2,POST_HOC_ASSOCIATION_DIAGNOSTIC_ONLY,v2-r2a-20260727-d3b8ed0-integrity1,U15_ADJUSTED_STATIC,final_holdout,120,take_profit_gap,0,0.0,-0.0,0,0,0,,,,,,,0,,,0.0,INSUFFICIENT_SAMPLE,,,0,,0,,0,,0,
V2-R2B_ROOT_CAUSE_DIAGNOSTIC_AND_STOP_DECISION,TGS_STABLE_V2_ROOT_CAUSE_DIAGNOSTIC,9dae034999aa33b3f0d059adc059d3c8dbe659c2,POST_HOC_ASSOCIATION_DIAGNOSTIC_ONLY,v2-r2a-20260727-d3b8ed0-integrity1,U15_ADJUSTED_STATIC,final_holdout,120,max_holding,2,238777.06397509246,-3.678217490065633,2,2,0,1.0,0.08090831609658178,,,0.08090831609658178,,0,60.0,60.0,0.16181663219316356,INSUFFICIENT_SAMPLE,0.15832699471506106,-0.03355031097872663,2,0.002127703948942794,2,-0.0061002928785438,2,0.12984774257704157,2,0.08307337978276763
V2-R2B_ROOT_CAUSE_DIAGNOSTIC_AND_STOP_DECISION,TGS_STABLE_V2_ROOT_CAUSE_DIAGNOSTIC,9dae034999aa33b3f0d059adc059d3c8dbe659c2,POST_HOC_ASSOCIATION_DIAGNOSTIC_ONLY,v2-r2a-20260727-d3b8ed0-integrity1,U15_ADJUSTED_STATIC,final_holdout,120,data_end_or_haircut,0,0.0,-0.0,0,0,0,,,,,,,0,,,0.0,INSUFFICIENT_SAMPLE,,,0,,0,,0,,0,
V2-R2B_ROOT_CAUSE_DIAGNOSTIC_AND_STOP_DECISION,TGS_STABLE_V2_ROOT_CAUSE_DIAGNOSTIC,9dae034999aa33b3f0d059adc059d3c8dbe659c2,POST_HOC_ASSOCIATION_DIAGNOSTIC_ONLY,v2-r2a-20260727-d3b8ed0-integrity1,U15_ADJUSTED_STATIC,final_holdout,120,other,0,0.0,-0.0,0,0,0,,,,,,,0,,,0.0,INSUFFICIENT_SAMPLE,,,0,,0,,0,,0,
V2-R2B_ROOT_CAUSE_DIAGNOSTIC_AND_STOP_DECISION,TGS_STABLE_V2_ROOT_CAUSE_DIAGNOSTIC,9dae034999aa33b3f0d059adc059d3c8dbe659c2,POST_HOC_ASSOCIATION_DIAGNOSTIC_ONLY,v2-r2a-20260727-d3b8ed0-integrity1,U50_PIT_LITE,overall,ALL,stop_loss,204,-22891214.0822578,-3.805735760033306,204,204,0,0.0,,-0.1026964035964035,,-0.1026964035964035,0.0,204,23.53921568627451,20.5,-20.950066333666314,SUFFICIENT,0.04686304105365322,-0.10089910089910079,151,-0.008980494192890206,102,-0.0035441165749246495,40,-0.023132599830362983,0,
V2-R2B_ROOT_CAUSE_DIAGNOSTIC_AND_STOP_DECISION,TGS_STABLE_V2_ROOT_CAUSE_DIAGNOSTIC,9dae034999aa33b3f0d059adc059d3c8dbe659c2,POST_HOC_ASSOCIATION_DIAGNOSTIC_ONLY,v2-r2a-20260727-d3b8ed0-integrity1,U50_PIT_LITE,overall,ALL,stop_gap,74,-9888849.976882696,-1.6440521611213321,74,74,0,0.0,,-0.11572708398931034,,-0.11572708398931034,0.0,74,22.85135135135135,18.0,-8.563804215208965,SUFFICIENT,0.05034125136814406,-0.11395588179702257,50,-0.009941824432589307,36,0.0010748121919390316,14,-0.011210981809676581,0,
V2-R2B_ROOT_CAUSE_DIAGNOSTIC_AND_STOP_DECISION,TGS_STABLE_V2_ROOT_CAUSE_DIAGNOSTIC,9dae034999aa33b3f0d059adc059d3c8dbe659c2,POST_HOC_ASSOCIATION_DIAGNOSTIC_ONLY,v2-r2a-20260727-d3b8ed0-integrity1,U50_PIT_LITE,overall,ALL,take_profit,40,13576055.161708163,2.257061526900084,40,40,0,1.0,0.29610519480519504,,,0.29610519480519504,,0,33.675,38.0,11.8442077922078,SUFFICIENT,0.29870129870129886,-0.03462269876322584,36,0.05723142646814029,27,0.10523948128967654,16,0.15929225955616028,0,
V2-R2B_ROOT_CAUSE_DIAGNOSTIC_AND_STOP_DECISION,TGS_STABLE_V2_ROOT_CAUSE_DIAGNOSTIC,9dae034999aa33b3f0d059adc059d3c8dbe659c2,POST_HOC_ASSOCIATION_DIAGNOSTIC_ONLY,v2-r2a-20260727-d3b8ed0-integrity1,U50_PIT_LITE,overall,ALL,take_profit_gap,16,5719699.451385196,0.9509178788228143,16,16,0,1.0,0.31384176855400175,,,0.31384176855400175,,0,33.625,34.0,5.021468296864028,INSUFFICIENT_SAMPLE,0.31647339887835957,-0.026621589984898525,14,0.08213622361254701,12,0.12779625708586223,6,0.15382057741225105,0,
V2-R2B_ROOT_CAUSE_DIAGNOSTIC_AND_STOP_DECISION,TGS_STABLE_V2_ROOT_CAUSE_DIAGNOSTIC,9dae034999aa33b3f0d059adc059d3c8dbe659c2,POST_HOC_ASSOCIATION_DIAGNOSTIC_ONLY,v2-r2a-20260727-d3b8ed0-integrity1,U50_PIT_LITE,overall,ALL,max_holding,311,19499234.161171723,3.241808515431739,311,311,0,0.7170418006430869,0.1002313934683586,-0.03648310817054508,2.7473370141549838,0.06154690425863665,6.9620017517791055,5,60.0,60.0,19.141087224436,SUFFICIENT,0.13553676200800407,-0.04851538977301551,311,0.018874104534033872,311,0.040520167785457015,311,0.05519910643125835,311,0.06367318695936844
V2-R2B_ROOT_CAUSE_DIAGNOSTIC_AND_STOP_DECISION,TGS_STABLE_V2_ROOT_CAUSE_DIAGNOSTIC,9dae034999aa33b3f0d059adc059d3c8dbe659c2,POST_HOC_ASSOCIATION_DIAGNOSTIC_ONLY,v2-r2a-20260727-d3b8ed0-integrity1,U50_PIT_LITE,overall,ALL,data_end_or_haircut,0,0.0,0.0,0,0,0,,,,,,,0,,,0.0,INSUFFICIENT_SAMPLE,,,0,,0,,0,,0,
V2-R2B_ROOT_CAUSE_DIAGNOSTIC_AND_STOP_DECISION,TGS_STABLE_V2_ROOT_CAUSE_DIAGNOSTIC,9dae034999aa33b3f0d059adc059d3c8dbe659c2,POST_HOC_ASSOCIATION_DIAGNOSTIC_ONLY,v2-r2a-20260727-d3b8ed0-integrity1,U50_PIT_LITE,overall,ALL,other,0,0.0,0.0,0,0,0,,,,,,,0,,,0.0,INSUFFICIENT_SAMPLE,,,0,,0,,0,,0,
V2-R2B_ROOT_CAUSE_DIAGNOSTIC_AND_STOP_DECISION,TGS_STABLE_V2_ROOT_CAUSE_DIAGNOSTIC,9dae034999aa33b3f0d059adc059d3c8dbe659c2,POST_HOC_ASSOCIATION_DIAGNOSTIC_ONLY,v2-r2a-20260727-d3b8ed0-integrity1,U50_PIT_LITE,overall,90,stop_loss,79,-9061572.085592035,23.59975682854805,79,79,0,0.0,,-0.10269640359640347,,-0.10269640359640347,0.0,79,23.240506329113924,19.0,-8.113015884115875,SUFFICIENT,0.04366266927938208,-0.10089910089910077,55,-0.009660373303699727,39,0.0013376711208144528,16,-0.019844322930148192,0,
V2-R2B_ROOT_CAUSE_DIAGNOSTIC_AND_STOP_DECISION,TGS_STABLE_V2_ROOT_CAUSE_DIAGNOSTIC,9dae034999aa33b3f0d059adc059d3c8dbe659c2,POST_HOC_ASSOCIATION_DIAGNOSTIC_ONLY,v2-r2a-20260727-d3b8ed0-integrity1,U50_PIT_LITE,overall,90,stop_gap,34,-4681572.328213852,12.192582862832019,34,34,0,0.0,,-0.11579652956403849,,-0.11579652956403849,0.0,34,22.470588235294116,23.0,-3.9370820051773086,SUFFICIENT,0.04938989191799081,-0.11402546647151503,22,-0.00014303209920710466,18,-0.0018990435238794845,6,-0.03403838201065048,0,
V2-R2B_ROOT_CAUSE_DIAGNOSTIC_AND_STOP_DECISION,TGS_STABLE_V2_ROOT_CAUSE_DIAGNOSTIC,9dae034999aa33b3f0d059adc059d3c8dbe659c2,POST_HOC_ASSOCIATION_DIAGNOSTIC_ONLY,v2-r2a-20260727-d3b8ed0-integrity1,U50_PIT_LITE,overall,90,take_profit,12,3903553.2266360275,-10.166327216265316,12,12,0,1.0,0.296105194805195,,,0.296105194805195,,0,39.916666666666664,41.5,3.55326233766234,INSUFFICIENT_SAMPLE,0.29870129870129886,-0.0370762641984072,11,0.03844766802770858,10,0.09036032540918278,6,0.17338182867538077,0,
V2-R2B_ROOT_CAUSE_DIAGNOSTIC_AND_STOP_DECISION,TGS_STABLE_V2_ROOT_CAUSE_DIAGNOSTIC,9dae034999aa33b3f0d059adc059d3c8dbe659c2,POST_HOC_ASSOCIATION_DIAGNOSTIC_ONLY,v2-r2a-20260727-d3b8ed0-integrity1,U50_PIT_LITE,overall,90,take_profit_gap,5,1856065.9585273177,-4.833896907208548,5,5,0,1.0,0.31619559175965584,,,0.31619559175965584,,0,29.2,30.0,1.580977958798279,INSUFFICIENT_SAMPLE,0.3188319368013216,-0.030968439955974224,3,0.06274405801446752,3,0.12048134896904077,2,0.12508203810464125,0,
V2-R2B_ROOT_CAUSE_DIAGNOSTIC_AND_STOP_DECISION,TGS_STABLE_V2_ROOT_CAUSE_DIAGNOSTIC,9dae034999aa33b3f0d059adc059d3c8dbe659c2,POST_HOC_ASSOCIATION_DIAGNOSTIC_ONLY,v2-r2a-20260727-d3b8ed0-integrity1,U50_PIT_LITE,overall,90,max_holding,119,7599556.353394196,-19.792115567906205,119,119,0,0.7647058823529411,0.09769180652377321,-0.03687027762779655,2.649608649817251,0.06603013966458034,8.611228111906065,4,60.0,60.0,7.857586620085059,SUFFICIENT,0.13699351383913475,-0.04709785658658294,119,0.02553430110713126,119,0.05270538818945355,119,0.0553913769404085,119,0.0681654023037856
V2-R2B_ROOT_CAUSE_DIAGNOSTIC_AND_STOP_DECISION,TGS_STABLE_V2_ROOT_CAUSE_DIAGNOSTIC,9dae034999aa33b3f0d059adc059d3c8dbe659c2,POST_HOC_ASSOCIATION_DIAGNOSTIC_ONLY,v2-r2a-20260727-d3b8ed0-integrity1,U50_PIT_LITE,overall,90,data_end_or_haircut,0,0.0,-0.0,0,0,0,,,,,,,0,,,0.0,INSUFFICIENT_SAMPLE,,,0,,0,,0,,0,
V2-R2B_ROOT_CAUSE_DIAGNOSTIC_AND_STOP_DECISION,TGS_STABLE_V2_ROOT_CAUSE_DIAGNOSTIC,9dae034999aa33b3f0d059adc059d3c8dbe659c2,POST_HOC_ASSOCIATION_DIAGNOSTIC_ONLY,v2-r2a-20260727-d3b8ed0-integrity1,U50_PIT_LITE,overall,90,other,0,0.0,-0.0,0,0,0,,,,,,,0,,,0.0,INSUFFICIENT_SAMPLE,,,0,,0,,0,,0,
V2-R2B_ROOT_CAUSE_DIAGNOSTIC_AND_STOP_DECISION,TGS_STABLE_V2_ROOT_CAUSE_DIAGNOSTIC,9dae034999aa33b3f0d059adc059d3c8dbe659c2,POST_HOC_ASSOCIATION_DIAGNOSTIC_ONLY,v2-r2a-20260727-d3b8ed0-integrity1,U50_PIT_LITE,overall,100,stop_loss,110,-12255690.374231322,-1.9318002484403183,110,110,0,0.0,,-0.10269640359640354,,-0.10269640359640354,0.0,110,23.963636363636365,22.0,-11.29660439560439,SUFFICIENT,0.05009816276730854,-0.10089910089910077,87,-0.008143923541158895,56,-0.00460883370487057,21,-0.027495189168981145,0,
V2-R2B_ROOT_CAUSE_DIAGNOSTIC_AND_STOP_DECISION,TGS_STABLE_V2_ROOT_CAUSE_DIAGNOSTIC,9dae034999aa33b3f0d059adc059d3c8dbe659c2,POST_HOC_ASSOCIATION_DIAGNOSTIC_ONLY,v2-r2a-20260727-d3b8ed0-integrity1,U50_PIT_LITE,overall,100,stop_gap,32,-4178539.0676476876,-0.6586412158364977,32,32,0,0.0,,-0.11670098451566965,,-0.11670098451566965,0.0,32,24.46875,18.0,-3.734431504501429,SUFFICIENT,0.05218048670367856,-0.11493173305003668,22,-0.017132018198514606,15,-0.0008234901918188875,7,0.013596259988869899,0,
V2-R2B_ROOT_CAUSE_DIAGNOSTIC_AND_STOP_DECISION,TGS_STABLE_V2_ROOT_CAUSE_DIAGNOSTIC,9dae034999aa33b3f0d059adc059d3c8dbe659c2,POST_HOC_ASSOCIATION_DIAGNOSTIC_ONLY,v2-r2a-20260727-d3b8ed0-integrity1,U50_PIT_LITE,overall,100,take_profit,24,8182727.010310267,1.289800377518767,24,24,0,1.0,0.296105194805195,,,0.296105194805195,,0,32.333333333333336,33.0,7.10652467532468,INSUFFICIENT_SAMPLE,0.2987012987012989,-0.03297401055388197,22,0.0637946948219945,16,0.11170885333810927,9,0.14536031366223806,0,
V2-R2B_ROOT_CAUSE_DIAGNOSTIC_AND_STOP_DECISION,TGS_STABLE_V2_ROOT_CAUSE_DIAGNOSTIC,9dae034999aa33b3f0d059adc059d3c8dbe659c2,POST_HOC_ASSOCIATION_DIAGNOSTIC_ONLY,v2-r2a-20260727-d3b8ed0-integrity1,U50_PIT_LITE,overall,100,take_profit_gap,10,3369601.605475332,0.531132642865124,10,10,0,1.0,0.3097242850202008,,,0.3097242850202008,,0,37.8,36.5,3.097242850202008,INSUFFICIENT_SAMPLE,0.3123476680085498,-0.025142824410579422,10,0.08381180409412867,9,0.1302345597914694,4,0.16818984706605594,0,
V2-R2B_ROOT_CAUSE_DIAGNOSTIC_AND_STOP_DECISION,TGS_STABLE_V2_ROOT_CAUSE_DIAGNOSTIC,9dae034999aa33b3f0d059adc059d3c8dbe659c2,POST_HOC_ASSOCIATION_DIAGNOSTIC_ONLY,v2-r2a-20260727-d3b8ed0-integrity1,U50_PIT_LITE,overall,100,max_holding,176,11226081.796215048,1.769508443892925,176,176,0,0.6875,0.10403141422047434,-0.03417042391294296,3.0444870829088444,0.06084333980378143,6.697871582399457,5,60.0,60.0,10.708427805465531,SUFFICIENT,0.13326257464502822,-0.048196196600788534,176,0.01601955018759971,176,0.033971528654055956,176,0.055453881508299954,176,0.06296821326209236
V2-R2B_ROOT_CAUSE_DIAGNOSTIC_AND_STOP_DECISION,TGS_STABLE_V2_ROOT_CAUSE_DIAGNOSTIC,9dae034999aa33b3f0d059adc059d3c8dbe659c2,POST_HOC_ASSOCIATION_DIAGNOSTIC_ONLY,v2-r2a-20260727-d3b8ed0-integrity1,U50_PIT_LITE,overall,100,data_end_or_haircut,0,0.0,0.0,0,0,0,,,,,,,0,,,0.0,INSUFFICIENT_SAMPLE,,,0,,0,,0,,0,
V2-R2B_ROOT_CAUSE_DIAGNOSTIC_AND_STOP_DECISION,TGS_STABLE_V2_ROOT_CAUSE_DIAGNOSTIC,9dae034999aa33b3f0d059adc059d3c8dbe659c2,POST_HOC_ASSOCIATION_DIAGNOSTIC_ONLY,v2-r2a-20260727-d3b8ed0-integrity1,U50_PIT_LITE,overall,100,other,0,0.0,0.0,0,0,0,,,,,,,0,,,0.0,INSUFFICIENT_SAMPLE,,,0,,0,,0,,0,
V2-R2B_ROOT_CAUSE_DIAGNOSTIC_AND_STOP_DECISION,TGS_STABLE_V2_ROOT_CAUSE_DIAGNOSTIC,9dae034999aa33b3f0d059adc059d3c8dbe659c2,POST_HOC_ASSOCIATION_DIAGNOSTIC_ONLY,v2-r2a-20260727-d3b8ed0-integrity1,U50_PIT_LITE,overall,120,stop_loss,15,-1573951.6224344433,-28.767615500872154,15,15,0,0.0,,-0.10269640359640347,,-0.10269640359640347,0.0,15,22.0,16.0,-1.540446053946052,INSUFFICIENT_SAMPLE,0.039994106498008795,-0.10089910089910077,9,-0.012912527038012489,7,-0.022224910983046575,3,-0.010131951261181382,0,
V2-R2B_ROOT_CAUSE_DIAGNOSTIC_AND_STOP_DECISION,TGS_STABLE_V2_ROOT_CAUSE_DIAGNOSTIC,9dae034999aa33b3f0d059adc059d3c8dbe659c2,POST_HOC_ASSOCIATION_DIAGNOSTIC_ONLY,v2-r2a-20260727-d3b8ed0-integrity1,U50_PIT_LITE,overall,120,stop_gap,8,-1028738.5810211557,-18.80258295611119,8,8,0,0.0,,-0.11153633819127856,,-0.11153633819127856,0.0,8,18.0,15.5,-0.8922907055302285,INSUFFICIENT_SAMPLE,0.04702758768915741,-0.10975674191837335,6,-0.019506685846597944,3,0.028409458405639725,1,-0.04789727319365855,0,
V2-R2B_ROOT_CAUSE_DIAGNOSTIC_AND_STOP_DECISION,TGS_STABLE_V2_ROOT_CAUSE_DIAGNOSTIC,9dae034999aa33b3f0d059adc059d3c8dbe659c2,POST_HOC_ASSOCIATION_DIAGNOSTIC_ONLY,v2-r2a-20260727-d3b8ed0-integrity1,U50_PIT_LITE,overall,120,take_profit,4,1489774.9247618683,27.229091166158263,4,4,0,1.0,0.29610519480519504,,,0.29610519480519504,,0,23.0,15.0,1.1844207792207802,INSUFFICIENT_SAMPLE,0.29870129870129897,-0.037154131713744876,3,0.07797457282145896,1,0.15052108731969116,1,0.200142357886137,0,
V2-R2B_ROOT_CAUSE_DIAGNOSTIC_AND_STOP_DECISION,TGS_STABLE_V2_ROOT_CAUSE_DIAGNOSTIC,9dae034999aa33b3f0d059adc059d3c8dbe659c2,POST_HOC_ASSOCIATION_DIAGNOSTIC_ONLY,v2-r2a-20260727-d3b8ed0-integrity1,U50_PIT_LITE,overall,120,take_profit_gap,1,494031.88738254685,9.029578278530114,1,1,0,1.0,0.3432474878637415,,,0.3432474878637415,,0,14.0,14.0,0.3432474878637415,INSUFFICIENT_SAMPLE,0.3459380179616467,-0.019674995872711043,1,0.12355691559096882,0,,0,,0,
V2-R2B_ROOT_CAUSE_DIAGNOSTIC_AND_STOP_DECISION,TGS_STABLE_V2_ROOT_CAUSE_DIAGNOSTIC,9dae034999aa33b3f0d059adc059d3c8dbe659c2,POST_HOC_ASSOCIATION_DIAGNOSTIC_ONLY,v2-r2a-20260727-d3b8ed0-integrity1,U50_PIT_LITE,overall,120,max_holding,16,673596.0115624777,12.311529012294972,16,16,0,0.6875,0.07944047537301911,-0.05975448604356013,1.3294478897384907,0.035942049930338095,2.9247853574246796,2,60.0,60.0,0.5750727988854095,INSUFFICIENT_SAMPLE,0.14971823125670408,-0.06256941774160463,16,0.0007389903323977987,16,0.021927621476144403,16,0.050966568671996414,16,0.03801704600530265
V2-R2B_ROOT_CAUSE_DIAGNOSTIC_AND_STOP_DECISION,TGS_STABLE_V2_ROOT_CAUSE_DIAGNOSTIC,9dae034999aa33b3f0d059adc059d3c8dbe659c2,POST_HOC_ASSOCIATION_DIAGNOSTIC_ONLY,v2-r2a-20260727-d3b8ed0-integrity1,U50_PIT_LITE,overall,120,data_end_or_haircut,0,0.0,0.0,0,0,0,,,,,,,0,,,0.0,INSUFFICIENT_SAMPLE,,,0,,0,,0,,0,
V2-R2B_ROOT_CAUSE_DIAGNOSTIC_AND_STOP_DECISION,TGS_STABLE_V2_ROOT_CAUSE_DIAGNOSTIC,9dae034999aa33b3f0d059adc059d3c8dbe659c2,POST_HOC_ASSOCIATION_DIAGNOSTIC_ONLY,v2-r2a-20260727-d3b8ed0-integrity1,U50_PIT_LITE,overall,120,other,0,0.0,0.0,0,0,0,,,,,,,0,,,0.0,INSUFFICIENT_SAMPLE,,,0,,0,,0,,0,
V2-R2B_ROOT_CAUSE_DIAGNOSTIC_AND_STOP_DECISION,TGS_STABLE_V2_ROOT_CAUSE_DIAGNOSTIC,9dae034999aa33b3f0d059adc059d3c8dbe659c2,POST_HOC_ASSOCIATION_DIAGNOSTIC_ONLY,v2-r2a-20260727-d3b8ed0-integrity1,U50_PIT_LITE,validation,ALL,stop_loss,33,-3409301.960968452,-1.5316958388692195,33,33,0,0.0,,-0.10269640359640353,,-0.10269640359640353,0.0,33,25.87878787878788,26.0,-3.3889813186813162,SUFFICIENT,0.05595435642865472,-0.10089910089910079,26,-0.011282007350012498,19,0.019732189357769575,7,-0.012795579731120364,0,
V2-R2B_ROOT_CAUSE_DIAGNOSTIC_AND_STOP_DECISION,TGS_STABLE_V2_ROOT_CAUSE_DIAGNOSTIC,9dae034999aa33b3f0d059adc059d3c8dbe659c2,POST_HOC_ASSOCIATION_DIAGNOSTIC_ONLY,v2-r2a-20260727-d3b8ed0-integrity1,U50_PIT_LITE,validation,ALL,stop_gap,10,-1106244.4080585719,-0.49700201859337056,10,10,0,0.0,,-0.11337742152074544,,-0.11337742152074544,0.0,10,19.2,19.5,-1.1337742152074544,INSUFFICIENT_SAMPLE,0.031145493063280384,-0.11160151294512269,8,-0.016370908125063213,5,-0.05033434192531729,0,,0,
V2-R2B_ROOT_CAUSE_DIAGNOSTIC_AND_STOP_DECISION,TGS_STABLE_V2_ROOT_CAUSE_DIAGNOSTIC,9dae034999aa33b3f0d059adc059d3c8dbe659c2,POST_HOC_ASSOCIATION_DIAGNOSTIC_ONLY,v2-r2a-20260727-d3b8ed0-integrity1,U50_PIT_LITE,validation,ALL,take_profit,10,2835242.458381719,1.2737883371454173,10,10,0,1.0,0.29610519480519504,,,0.29610519480519504,,0,39.0,41.0,2.96105194805195,INSUFFICIENT_SAMPLE,0.29870129870129886,-0.021501006000954326,10,0.04125649895501362,8,0.08435364425657219,5,0.16514622953118613,0,
V2-R2B_ROOT_CAUSE_DIAGNOSTIC_AND_STOP_DECISION,TGS_STABLE_V2_ROOT_CAUSE_DIAGNOSTIC,9dae034999aa33b3f0d059adc059d3c8dbe659c2,POST_HOC_ASSOCIATION_DIAGNOSTIC_ONLY,v2-r2a-20260727-d3b8ed0-integrity1,U50_PIT_LITE,validation,ALL,take_profit_gap,0,0.0,0.0,0,0,0,,,,,,,0,,,0.0,INSUFFICIENT_SAMPLE,,,0,,0,,0,,0,
V2-R2B_ROOT_CAUSE_DIAGNOSTIC_AND_STOP_DECISION,TGS_STABLE_V2_ROOT_CAUSE_DIAGNOSTIC,9dae034999aa33b3f0d059adc059d3c8dbe659c2,POST_HOC_ASSOCIATION_DIAGNOSTIC_ONLY,v2-r2a-20260727-d3b8ed0-integrity1,U50_PIT_LITE,validation,ALL,max_holding,62,3906138.749685792,1.7549095203171727,62,62,0,0.6612903225806451,0.11131514666655211,-0.02933385905039426,3.794766534990083,0.06367596731081222,7.408829901647305,2,60.0,60.0,3.9479099732703578,SUFFICIENT,0.1383003468597646,-0.05099129769102681,62,0.015942402940295773,62,0.03196022484614541,62,0.053332670402589565,62,0.06580651453336443
V2-R2B_ROOT_CAUSE_DIAGNOSTIC_AND_STOP_DECISION,TGS_STABLE_V2_ROOT_CAUSE_DIAGNOSTIC,9dae034999aa33b3f0d059adc059d3c8dbe659c2,POST_HOC_ASSOCIATION_DIAGNOSTIC_ONLY,v2-r2a-20260727-d3b8ed0-integrity1,U50_PIT_LITE,validation,ALL,data_end_or_haircut,0,0.0,0.0,0,0,0,,,,,,,0,,,0.0,INSUFFICIENT_SAMPLE,,,0,,0,,0,,0,
V2-R2B_ROOT_CAUSE_DIAGNOSTIC_AND_STOP_DECISION,TGS_STABLE_V2_ROOT_CAUSE_DIAGNOSTIC,9dae034999aa33b3f0d059adc059d3c8dbe659c2,POST_HOC_ASSOCIATION_DIAGNOSTIC_ONLY,v2-r2a-20260727-d3b8ed0-integrity1,U50_PIT_LITE,validation,ALL,other,0,0.0,0.0,0,0,0,,,,,,,0,,,0.0,INSUFFICIENT_SAMPLE,,,0,,0,,0,,0,
V2-R2B_ROOT_CAUSE_DIAGNOSTIC_AND_STOP_DECISION,TGS_STABLE_V2_ROOT_CAUSE_DIAGNOSTIC,9dae034999aa33b3f0d059adc059d3c8dbe659c2,POST_HOC_ASSOCIATION_DIAGNOSTIC_ONLY,v2-r2a-20260727-d3b8ed0-integrity1,U50_PIT_LITE,validation,90,stop_loss,12,-1337471.684762909,7.270518466795325,12,12,0,0.0,,-0.10269640359640354,,-0.10269640359640354,0.0,12,24.0,25.5,-1.2323568431568426,INSUFFICIENT_SAMPLE,0.06041790946603046,-0.1008991008991008,8,0.0076252525122477155,7,0.03770335580458528,2,-0.012444383503713297,0,
V2-R2B_ROOT_CAUSE_DIAGNOSTIC_AND_STOP_DECISION,TGS_STABLE_V2_ROOT_CAUSE_DIAGNOSTIC,9dae034999aa33b3f0d059adc059d3c8dbe659c2,POST_HOC_ASSOCIATION_DIAGNOSTIC_ONLY,v2-r2a-20260727-d3b8ed0-integrity1,U50_PIT_LITE,validation,90,stop_gap,3,-359733.0650613241,1.9555149633757487,3,3,0,0.0,,-0.11315622463448001,,-0.11315622463448001,0.0,3,28.333333333333332,26.0,-0.33946867390344004,INSUFFICIENT_SAMPLE,0.058264749068730914,-0.11137987300060814,3,-0.010270814073705892,3,-0.045893559920121264,0,,0,
V2-R2B_ROOT_CAUSE_DIAGNOSTIC_AND_STOP_DECISION,TGS_STABLE_V2_ROOT_CAUSE_DIAGNOSTIC,9dae034999aa33b3f0d059adc059d3c8dbe659c2,POST_HOC_ASSOCIATION_DIAGNOSTIC_ONLY,v2-r2a-20260727-d3b8ed0-integrity1,U50_PIT_LITE,validation,90,take_profit,4,1081650.6581849176,-5.879871084036314,4,4,0,1.0,0.2961051948051951,,,0.2961051948051951,,0,47.25,46.5,1.1844207792207804,INSUFFICIENT_SAMPLE,0.2987012987012989,-0.01792790879871886,4,0.022580612461297223,4,0.05969637854468385,3,0.19577638117306817,0,
V2-R2B_ROOT_CAUSE_DIAGNOSTIC_AND_STOP_DECISION,TGS_STABLE_V2_ROOT_CAUSE_DIAGNOSTIC,9dae034999aa33b3f0d059adc059d3c8dbe659c2,POST_HOC_ASSOCIATION_DIAGNOSTIC_ONLY,v2-r2a-20260727-d3b8ed0-integrity1,U50_PIT_LITE,validation,90,take_profit_gap,0,0.0,-0.0,0,0,0,,,,,,,0,,,0.0,INSUFFICIENT_SAMPLE,,,0,,0,,0,,0,
V2-R2B_ROOT_CAUSE_DIAGNOSTIC_AND_STOP_DECISION,TGS_STABLE_V2_ROOT_CAUSE_DIAGNOSTIC,9dae034999aa33b3f0d059adc059d3c8dbe659c2,POST_HOC_ASSOCIATION_DIAGNOSTIC_ONLY,v2-r2a-20260727-d3b8ed0-integrity1,U50_PIT_LITE,validation,90,max_holding,18,431595.86488132266,-2.3461623461347596,18,18,0,0.5,0.07713754002693424,-0.02676562066781549,2.881963433027683,0.025185959679559375,2.8819634330276833,4,60.0,60.0,0.4533472742320688,INSUFFICIENT_SAMPLE,0.11002625001748702,-0.05861515233522398,18,0.010320379293893282,18,0.032971440816226195,18,0.022990635470634315,18,0.027239411262673444
V2-R2B_ROOT_CAUSE_DIAGNOSTIC_AND_STOP_DECISION,TGS_STABLE_V2_ROOT_CAUSE_DIAGNOSTIC,9dae034999aa33b3f0d059adc059d3c8dbe659c2,POST_HOC_ASSOCIATION_DIAGNOSTIC_ONLY,v2-r2a-20260727-d3b8ed0-integrity1,U50_PIT_LITE,validation,90,data_end_or_haircut,0,0.0,-0.0,0,0,0,,,,,,,0,,,0.0,INSUFFICIENT_SAMPLE,,,0,,0,,0,,0,
V2-R2B_ROOT_CAUSE_DIAGNOSTIC_AND_STOP_DECISION,TGS_STABLE_V2_ROOT_CAUSE_DIAGNOSTIC,9dae034999aa33b3f0d059adc059d3c8dbe659c2,POST_HOC_ASSOCIATION_DIAGNOSTIC_ONLY,v2-r2a-20260727-d3b8ed0-integrity1,U50_PIT_LITE,validation,90,other,0,0.0,-0.0,0,0,0,,,,,,,0,,,0.0,INSUFFICIENT_SAMPLE,,,0,,0,,0,,0,
V2-R2B_ROOT_CAUSE_DIAGNOSTIC_AND_STOP_DECISION,TGS_STABLE_V2_ROOT_CAUSE_DIAGNOSTIC,9dae034999aa33b3f0d059adc059d3c8dbe659c2,POST_HOC_ASSOCIATION_DIAGNOSTIC_ONLY,v2-r2a-20260727-d3b8ed0-integrity1,U50_PIT_LITE,validation,100,stop_loss,17,-1706277.2542239304,-0.6224463719813261,17,17,0,0.0,,-0.10269640359640352,,-0.10269640359640352,0.0,17,25.0,22.0,-1.7458388611388598,INSUFFICIENT_SAMPLE,0.05711829307473241,-0.10089910089910081,14,-0.021410721280398917,9,0.027709509853790035,3,-0.0055592703477359935,0,
V2-R2B_ROOT_CAUSE_DIAGNOSTIC_AND_STOP_DECISION,TGS_STABLE_V2_ROOT_CAUSE_DIAGNOSTIC,9dae034999aa33b3f0d059adc059d3c8dbe659c2,POST_HOC_ASSOCIATION_DIAGNOSTIC_ONLY,v2-r2a-20260727-d3b8ed0-integrity1,U50_PIT_LITE,validation,100,stop_gap,5,-544191.2377012678,-0.1985198248014194,5,5,0,0.0,,-0.11588284510140881,,-0.11588284510140881,0.0,5,13.0,13.0,-0.579414225507044,INSUFFICIENT_SAMPLE,0.023055776517927784,-0.11411195489925238,3,-0.014380660242618118,1,-0.07678800505200944,0,,0,
V2-R2B_ROOT_CAUSE_DIAGNOSTIC_AND_STOP_DECISION,TGS_STABLE_V2_ROOT_CAUSE_DIAGNOSTIC,9dae034999aa33b3f0d059adc059d3c8dbe659c2,POST_HOC_ASSOCIATION_DIAGNOSTIC_ONLY,v2-r2a-20260727-d3b8ed0-integrity1,U50_PIT_LITE,validation,100,take_profit,6,1753591.800196801,0.6397066193472515,6,6,0,1.0,0.296105194805195,,,0.296105194805195,,0,33.5,30.5,1.77663116883117,INSUFFICIENT_SAMPLE,0.29870129870129886,-0.023883070802444634,6,0.05370708995082455,4,0.10901090996846052,2,0.11920100206836304,0,
V2-R2B_ROOT_CAUSE_DIAGNOSTIC_AND_STOP_DECISION,TGS_STABLE_V2_ROOT_CAUSE_DIAGNOSTIC,9dae034999aa33b3f0d059adc059d3c8dbe659c2,POST_HOC_ASSOCIATION_DIAGNOSTIC_ONLY,v2-r2a-20260727-d3b8ed0-integrity1,U50_PIT_LITE,validation,100,take_profit_gap,0,0.0,0.0,0,0,0,,,,,,,0,,,0.0,INSUFFICIENT_SAMPLE,,,0,,0,,0,,0,
V2-R2B_ROOT_CAUSE_DIAGNOSTIC_AND_STOP_DECISION,TGS_STABLE_V2_ROOT_CAUSE_DIAGNOSTIC,9dae034999aa33b3f0d059adc059d3c8dbe659c2,POST_HOC_ASSOCIATION_DIAGNOSTIC_ONLY,v2-r2a-20260727-d3b8ed0-integrity1,U50_PIT_LITE,validation,100,max_holding,41,3238120.485619641,1.1812595774354941,41,41,0,0.7317073170731707,0.1197955792031713,-0.03181038312883158,3.765926952781454,0.07912080882141442,10.270709871222147,2,60.0,60.0,3.2439531616779913,SUFFICIENT,0.14707908431364144,-0.04715898526250522,41,0.018906357123549683,41,0.032962955027815294,41,0.06397931486586267,41,0.08128229212336907
V2-R2B_ROOT_CAUSE_DIAGNOSTIC_AND_STOP_DECISION,TGS_STABLE_V2_ROOT_CAUSE_DIAGNOSTIC,9dae034999aa33b3f0d059adc059d3c8dbe659c2,POST_HOC_ASSOCIATION_DIAGNOSTIC_ONLY,v2-r2a-20260727-d3b8ed0-integrity1,U50_PIT_LITE,validation,100,data_end_or_haircut,0,0.0,0.0,0,0,0,,,,,,,0,,,0.0,INSUFFICIENT_SAMPLE,,,0,,0,,0,,0,
V2-R2B_ROOT_CAUSE_DIAGNOSTIC_AND_STOP_DECISION,TGS_STABLE_V2_ROOT_CAUSE_DIAGNOSTIC,9dae034999aa33b3f0d059adc059d3c8dbe659c2,POST_HOC_ASSOCIATION_DIAGNOSTIC_ONLY,v2-r2a-20260727-d3b8ed0-integrity1,U50_PIT_LITE,validation,100,other,0,0.0,0.0,0,0,0,,,,,,,0,,,0.0,INSUFFICIENT_SAMPLE,,,0,,0,,0,,0,
V2-R2B_ROOT_CAUSE_DIAGNOSTIC_AND_STOP_DECISION,TGS_STABLE_V2_ROOT_CAUSE_DIAGNOSTIC,9dae034999aa33b3f0d059adc059d3c8dbe659c2,POST_HOC_ASSOCIATION_DIAGNOSTIC_ONLY,v2-r2a-20260727-d3b8ed0-integrity1,U50_PIT_LITE,validation,120,stop_loss,4,-365553.0219816118,1.1028879739835822,4,4,0,0.0,,-0.10269640359640347,,-0.10269640359640347,0.0,4,35.25,33.5,-0.4107856143856139,INSUFFICIENT_SAMPLE,0.0376169665706973,-0.10089910089910076,4,-0.013646028318180459,3,-0.04613249383952844,2,-0.024001240033603988,0,
V2-R2B_ROOT_CAUSE_DIAGNOSTIC_AND_STOP_DECISION,TGS_STABLE_V2_ROOT_CAUSE_DIAGNOSTIC,9dae034999aa33b3f0d059adc059d3c8dbe659c2,POST_HOC_ASSOCIATION_DIAGNOSTIC_ONLY,v2-r2a-20260727-d3b8ed0-integrity1,U50_PIT_LITE,validation,120,stop_gap,2,-202320.1052959799,0.6104077865816484,2,2,0,0.0,,-0.10744565789848509,,-0.10744565789848509,0.0,2,21.0,21.0,-0.21489131579697018,INSUFFICIENT_SAMPLE,0.010690900418486082,-0.10565786797657023,2,-0.028506421025766837,1,-0.037203024814213226,0,,0,
V2-R2B_ROOT_CAUSE_DIAGNOSTIC_AND_STOP_DECISION,TGS_STABLE_V2_ROOT_CAUSE_DIAGNOSTIC,9dae034999aa33b3f0d059adc059d3c8dbe659c2,POST_HOC_ASSOCIATION_DIAGNOSTIC_ONLY,v2-r2a-20260727-d3b8ed0-integrity1,U50_PIT_LITE,validation,120,take_profit,0,0.0,-0.0,0,0,0,,,,,,,0,,,0.0,INSUFFICIENT_SAMPLE,,,0,,0,,0,,0,
V2-R2B_ROOT_CAUSE_DIAGNOSTIC_AND_STOP_DECISION,TGS_STABLE_V2_ROOT_CAUSE_DIAGNOSTIC,9dae034999aa33b3f0d059adc059d3c8dbe659c2,POST_HOC_ASSOCIATION_DIAGNOSTIC_ONLY,v2-r2a-20260727-d3b8ed0-integrity1,U50_PIT_LITE,validation,120,take_profit_gap,0,0.0,-0.0,0,0,0,,,,,,,0,,,0.0,INSUFFICIENT_SAMPLE,,,0,,0,,0,,0,
V2-R2B_ROOT_CAUSE_DIAGNOSTIC_AND_STOP_DECISION,TGS_STABLE_V2_ROOT_CAUSE_DIAGNOSTIC,9dae034999aa33b3f0d059adc059d3c8dbe659c2,POST_HOC_ASSOCIATION_DIAGNOSTIC_ONLY,v2-r2a-20260727-d3b8ed0-integrity1,U50_PIT_LITE,validation,120,max_holding,3,236422.39918482758,-0.7132957605652305,3,3,0,0.6666666666666666,0.13790788849554514,-0.025206239630792604,5.471180569396525,0.08353651245343256,10.94236113879305,1,60.0,60.0,0.2506095373602977,INSUFFICIENT_SAMPLE,0.187968849377113,-0.05762310634897242,3,0.009167170980907358,3,0.012188949876172361,3,0.08988073899625526,3,0.08570684042744703
V2-R2B_ROOT_CAUSE_DIAGNOSTIC_AND_STOP_DECISION,TGS_STABLE_V2_ROOT_CAUSE_DIAGNOSTIC,9dae034999aa33b3f0d059adc059d3c8dbe659c2,POST_HOC_ASSOCIATION_DIAGNOSTIC_ONLY,v2-r2a-20260727-d3b8ed0-integrity1,U50_PIT_LITE,validation,120,data_end_or_haircut,0,0.0,-0.0,0,0,0,,,,,,,0,,,0.0,INSUFFICIENT_SAMPLE,,,0,,0,,0,,0,
V2-R2B_ROOT_CAUSE_DIAGNOSTIC_AND_STOP_DECISION,TGS_STABLE_V2_ROOT_CAUSE_DIAGNOSTIC,9dae034999aa33b3f0d059adc059d3c8dbe659c2,POST_HOC_ASSOCIATION_DIAGNOSTIC_ONLY,v2-r2a-20260727-d3b8ed0-integrity1,U50_PIT_LITE,validation,120,other,0,0.0,-0.0,0,0,0,,,,,,,0,,,0.0,INSUFFICIENT_SAMPLE,,,0,,0,,0,,0,
V2-R2B_ROOT_CAUSE_DIAGNOSTIC_AND_STOP_DECISION,TGS_STABLE_V2_ROOT_CAUSE_DIAGNOSTIC,9dae034999aa33b3f0d059adc059d3c8dbe659c2,POST_HOC_ASSOCIATION_DIAGNOSTIC_ONLY,v2-r2a-20260727-d3b8ed0-integrity1,U50_PIT_LITE,final_holdout,ALL,stop_loss,53,-7722853.653071335,-3.4483865818852606,53,53,0,0.0,,-0.10269640359640349,,-0.10269640359640349,0.0,53,19.81132075471698,15.0,-5.442909390609385,SUFFICIENT,0.05204517639207372,-0.1008991008991008,34,-0.008286083606658844,21,-0.0187733222621745,9,0.00821934675133488,0,
V2-R2B_ROOT_CAUSE_DIAGNOSTIC_AND_STOP_DECISION,TGS_STABLE_V2_ROOT_CAUSE_DIAGNOSTIC,9dae034999aa33b3f0d059adc059d3c8dbe659c2,POST_HOC_ASSOCIATION_DIAGNOSTIC_ONLY,v2-r2a-20260727-d3b8ed0-integrity1,U50_PIT_LITE,final_holdout,ALL,stop_gap,30,-4982019.274739064,-2.2245570341568714,30,30,0,0.0,,-0.12078216533058901,,-0.12078216533058901,0.0,30,17.1,11.0,-3.6234649599176705,SUFFICIENT,0.04922107256079084,-0.11902108848647347,15,-0.010930350191762205,10,0.012565830817652602,4,0.0021500414506403775,0,
V2-R2B_ROOT_CAUSE_DIAGNOSTIC_AND_STOP_DECISION,TGS_STABLE_V2_ROOT_CAUSE_DIAGNOSTIC,9dae034999aa33b3f0d059adc059d3c8dbe659c2,POST_HOC_ASSOCIATION_DIAGNOSTIC_ONLY,v2-r2a-20260727-d3b8ed0-integrity1,U50_PIT_LITE,final_holdout,ALL,take_profit,17,6940333.858656921,3.098978075607905,17,17,0,1.0,0.29610519480519504,,,0.29610519480519504,,0,30.41176470588235,34.0,5.0337883116883155,INSUFFICIENT_SAMPLE,0.29870129870129897,-0.03404679916353071,15,0.09563253964361801,9,0.1021213934761594,7,0.1445923029854098,0,
V2-R2B_ROOT_CAUSE_DIAGNOSTIC_AND_STOP_DECISION,TGS_STABLE_V2_ROOT_CAUSE_DIAGNOSTIC,9dae034999aa33b3f0d059adc059d3c8dbe659c2,POST_HOC_ASSOCIATION_DIAGNOSTIC_ONLY,v2-r2a-20260727-d3b8ed0-integrity1,U50_PIT_LITE,final_holdout,ALL,take_profit_gap,8,3433687.603310833,1.5332003932165497,8,8,0,1.0,0.3206415420228243,,,0.3206415420228243,,0,23.875,26.0,2.5651323361825944,INSUFFICIENT_SAMPLE,0.32328679232067326,-0.021031676289408607,6,0.09267010175718847,5,0.13764360587019175,1,0.19631405056299722,0,
V2-R2B_ROOT_CAUSE_DIAGNOSTIC_AND_STOP_DECISION,TGS_STABLE_V2_ROOT_CAUSE_DIAGNOSTIC,9dae034999aa33b3f0d059adc059d3c8dbe659c2,POST_HOC_ASSOCIATION_DIAGNOSTIC_ONLY,v2-r2a-20260727-d3b8ed0-integrity1,U50_PIT_LITE,final_holdout,ALL,max_holding,50,4570407.115908185,2.040765147217677,50,50,0,0.76,0.10511490906070566,-0.04323692493916651,2.4311374874277076,0.06951046890073632,7.698602043521073,3,60.0,60.0,3.475523445036816,SUFFICIENT,0.15561861256416937,-0.05022525713629821,50,0.02927149921306684,50,0.0457483607125157,50,0.062305324611544165,50,0.07165270265334037
V2-R2B_ROOT_CAUSE_DIAGNOSTIC_AND_STOP_DECISION,TGS_STABLE_V2_ROOT_CAUSE_DIAGNOSTIC,9dae034999aa33b3f0d059adc059d3c8dbe659c2,POST_HOC_ASSOCIATION_DIAGNOSTIC_ONLY,v2-r2a-20260727-d3b8ed0-integrity1,U50_PIT_LITE,final_holdout,ALL,data_end_or_haircut,0,0.0,0.0,0,0,0,,,,,,,0,,,0.0,INSUFFICIENT_SAMPLE,,,0,,0,,0,,0,
V2-R2B_ROOT_CAUSE_DIAGNOSTIC_AND_STOP_DECISION,TGS_STABLE_V2_ROOT_CAUSE_DIAGNOSTIC,9dae034999aa33b3f0d059adc059d3c8dbe659c2,POST_HOC_ASSOCIATION_DIAGNOSTIC_ONLY,v2-r2a-20260727-d3b8ed0-integrity1,U50_PIT_LITE,final_holdout,ALL,other,0,0.0,0.0,0,0,0,,,,,,,0,,,0.0,INSUFFICIENT_SAMPLE,,,0,,0,,0,,0,
V2-R2B_ROOT_CAUSE_DIAGNOSTIC_AND_STOP_DECISION,TGS_STABLE_V2_ROOT_CAUSE_DIAGNOSTIC,9dae034999aa33b3f0d059adc059d3c8dbe659c2,POST_HOC_ASSOCIATION_DIAGNOSTIC_ONLY,v2-r2a-20260727-d3b8ed0-integrity1,U50_PIT_LITE,final_holdout,90,stop_loss,20,-3036126.580401591,1.5851530036921677,20,20,0,0.0,,-0.10269640359640349,,-0.10269640359640349,0.0,20,22.7,13.0,-2.0539280719280697,INSUFFICIENT_SAMPLE,0.050324097639627155,-0.10089910089910079,12,-0.010456063362466341,9,-0.024270793404652755,6,0.0029663288021669807,0,
V2-R2B_ROOT_CAUSE_DIAGNOSTIC_AND_STOP_DECISION,TGS_STABLE_V2_ROOT_CAUSE_DIAGNOSTIC,9dae034999aa33b3f0d059adc059d3c8dbe659c2,POST_HOC_ASSOCIATION_DIAGNOSTIC_ONLY,v2-r2a-20260727-d3b8ed0-integrity1,U50_PIT_LITE,final_holdout,90,stop_gap,17,-2820460.8513101875,1.4725545433811087,17,17,0,0.0,,-0.12026736404159137,,-0.12026736404159137,0.0,17,16.58823529411765,10.0,-2.0445451887070534,INSUFFICIENT_SAMPLE,0.045405534157616445,-0.1185052560484322,8,0.011485885692591707,6,0.0017965792903241184,2,-0.006347851644813829,0,
V2-R2B_ROOT_CAUSE_DIAGNOSTIC_AND_STOP_DECISION,TGS_STABLE_V2_ROOT_CAUSE_DIAGNOSTIC,9dae034999aa33b3f0d059adc059d3c8dbe659c2,POST_HOC_ASSOCIATION_DIAGNOSTIC_ONLY,v2-r2a-20260727-d3b8ed0-integrity1,U50_PIT_LITE,final_holdout,90,take_profit,3,1225466.4678705693,-0.639812537793507,3,3,0,1.0,0.296105194805195,,,0.296105194805195,,0,36.0,44.0,0.888315584415585,INSUFFICIENT_SAMPLE,0.29870129870129886,-0.045029618439740814,3,0.10391158852274684,2,0.10241367610806729,2,0.15516233235593002,0,
V2-R2B_ROOT_CAUSE_DIAGNOSTIC_AND_STOP_DECISION,TGS_STABLE_V2_ROOT_CAUSE_DIAGNOSTIC,9dae034999aa33b3f0d059adc059d3c8dbe659c2,POST_HOC_ASSOCIATION_DIAGNOSTIC_ONLY,v2-r2a-20260727-d3b8ed0-integrity1,U50_PIT_LITE,final_holdout,90,take_profit_gap,3,1307523.2176273956,-0.6826541321426612,3,3,0,1.0,0.32033814269442634,,,0.32033814269442634,,0,14.333333333333334,7.0,0.9610144280832791,INSUFFICIENT_SAMPLE,0.3229827852822054,-0.016122285808288523,1,0.10768451338772134,1,0.14226877562551832,0,,0,
V2-R2B_ROOT_CAUSE_DIAGNOSTIC_AND_STOP_DECISION,TGS_STABLE_V2_ROOT_CAUSE_DIAGNOSTIC,9dae034999aa33b3f0d059adc059d3c8dbe659c2,POST_HOC_ASSOCIATION_DIAGNOSTIC_ONLY,v2-r2a-20260727-d3b8ed0-integrity1,U50_PIT_LITE,final_holdout,90,max_holding,14,1408245.3648791476,-0.7352408771371078,14,14,0,0.8571428571428571,0.09697943589256573,-0.062048627091806696,1.5629586090450587,0.07426114118051252,9.377751654270352,1,60.0,60.0,1.0396559765271753,INSUFFICIENT_SAMPLE,0.15602835260428852,-0.05500762652477192,14,0.05050529623733357,14,0.04349602617184511,14,0.06721036511557552,14,0.07641289054871944
V2-R2B_ROOT_CAUSE_DIAGNOSTIC_AND_STOP_DECISION,TGS_STABLE_V2_ROOT_CAUSE_DIAGNOSTIC,9dae034999aa33b3f0d059adc059d3c8dbe659c2,POST_HOC_ASSOCIATION_DIAGNOSTIC_ONLY,v2-r2a-20260727-d3b8ed0-integrity1,U50_PIT_LITE,final_holdout,90,data_end_or_haircut,0,0.0,-0.0,0,0,0,,,,,,,0,,,0.0,INSUFFICIENT_SAMPLE,,,0,,0,,0,,0,
V2-R2B_ROOT_CAUSE_DIAGNOSTIC_AND_STOP_DECISION,TGS_STABLE_V2_ROOT_CAUSE_DIAGNOSTIC,9dae034999aa33b3f0d059adc059d3c8dbe659c2,POST_HOC_ASSOCIATION_DIAGNOSTIC_ONLY,v2-r2a-20260727-d3b8ed0-integrity1,U50_PIT_LITE,final_holdout,90,other,0,0.0,-0.0,0,0,0,,,,,,,0,,,0.0,INSUFFICIENT_SAMPLE,,,0,,0,,0,,0,
V2-R2B_ROOT_CAUSE_DIAGNOSTIC_AND_STOP_DECISION,TGS_STABLE_V2_ROOT_CAUSE_DIAGNOSTIC,9dae034999aa33b3f0d059adc059d3c8dbe659c2,POST_HOC_ASSOCIATION_DIAGNOSTIC_ONLY,v2-r2a-20260727-d3b8ed0-integrity1,U50_PIT_LITE,final_holdout,100,stop_loss,30,-4263730.534328262,-1.226201186812489,30,30,0,0.0,,-0.10269640359640349,,-0.10269640359640349,0.0,30,19.1,16.5,-3.0808921078921045,SUFFICIENT,0.0507259062937154,-0.10089910089910079,21,-0.0074998737023498725,12,-0.014650218905315806,3,0.01872538264967068,0,
V2-R2B_ROOT_CAUSE_DIAGNOSTIC_AND_STOP_DECISION,TGS_STABLE_V2_ROOT_CAUSE_DIAGNOSTIC,9dae034999aa33b3f0d059adc059d3c8dbe659c2,POST_HOC_ASSOCIATION_DIAGNOSTIC_ONLY,v2-r2a-20260727-d3b8ed0-integrity1,U50_PIT_LITE,final_holdout,100,stop_gap,10,-1657066.4624964087,-0.4765537705961965,10,10,0,0.0,,-0.12355502198414378,,-0.12355502198414378,0.0,10,19.1,10.0,-1.2355502198414379,INSUFFICIENT_SAMPLE,0.05060501709765168,-0.12179949918301065,5,-0.04783100114536518,3,0.02654269809337051,2,0.010647934546094584,0,
V2-R2B_ROOT_CAUSE_DIAGNOSTIC_AND_STOP_DECISION,TGS_STABLE_V2_ROOT_CAUSE_DIAGNOSTIC,9dae034999aa33b3f0d059adc059d3c8dbe659c2,POST_HOC_ASSOCIATION_DIAGNOSTIC_ONLY,v2-r2a-20260727-d3b8ed0-integrity1,U50_PIT_LITE,final_holdout,100,take_profit,12,4778206.080994876,1.3741585966040988,12,12,0,1.0,0.296105194805195,,,0.296105194805195,,0,31.583333333333332,37.0,3.55326233766234,INSUFFICIENT_SAMPLE,0.29870129870129886,-0.03100943773655258,10,0.08856786235902182,7,0.10203788415275714,5,0.14036429123720173,0,
V2-R2B_ROOT_CAUSE_DIAGNOSTIC_AND_STOP_DECISION,TGS_STABLE_V2_ROOT_CAUSE_DIAGNOSTIC,9dae034999aa33b3f0d059adc059d3c8dbe659c2,POST_HOC_ASSOCIATION_DIAGNOSTIC_ONLY,v2-r2a-20260727-d3b8ed0-integrity1,U50_PIT_LITE,final_holdout,100,take_profit_gap,4,1632132.498300891,0.46938304152635374,4,4,0,1.0,0.31521760505889346,,,0.31521760505889346,,0,33.5,34.0,1.2608704202355738,INSUFFICIENT_SAMPLE,0.31785199118928076,-0.02505288925442306,4,0.08119479539111016,4,0.1364873134313601,1,0.19631405056299722,0,
V2-R2B_ROOT_CAUSE_DIAGNOSTIC_AND_STOP_DECISION,TGS_STABLE_V2_ROOT_CAUSE_DIAGNOSTIC,9dae034999aa33b3f0d059adc059d3c8dbe659c2,POST_HOC_ASSOCIATION_DIAGNOSTIC_ONLY,v2-r2a-20260727-d3b8ed0-integrity1,U50_PIT_LITE,final_holdout,100,max_holding,33,2987645.1795249796,0.8592133192782333,33,33,0,0.696969696969697,0.11722593692332595,-0.03947458450863848,2.9696560048066534,0.06974093042879129,6.830208811055303,4,60.0,60.0,2.3014507041501124,SUFFICIENT,0.15468236238801425,-0.04805619602301337,33,0.020504808100318777,33,0.04729381229404779,33,0.06087420647146596,33,0.07188362579675903
V2-R2B_ROOT_CAUSE_DIAGNOSTIC_AND_STOP_DECISION,TGS_STABLE_V2_ROOT_CAUSE_DIAGNOSTIC,9dae034999aa33b3f0d059adc059d3c8dbe659c2,POST_HOC_ASSOCIATION_DIAGNOSTIC_ONLY,v2-r2a-20260727-d3b8ed0-integrity1,U50_PIT_LITE,final_holdout,100,data_end_or_haircut,0,0.0,0.0,0,0,0,,,,,,,0,,,0.0,INSUFFICIENT_SAMPLE,,,0,,0,,0,,0,
V2-R2B_ROOT_CAUSE_DIAGNOSTIC_AND_STOP_DECISION,TGS_STABLE_V2_ROOT_CAUSE_DIAGNOSTIC,9dae034999aa33b3f0d059adc059d3c8dbe659c2,POST_HOC_ASSOCIATION_DIAGNOSTIC_ONLY,v2-r2a-20260727-d3b8ed0-integrity1,U50_PIT_LITE,final_holdout,100,other,0,0.0,0.0,0,0,0,,,,,,,0,,,0.0,INSUFFICIENT_SAMPLE,,,0,,0,,0,,0,
V2-R2B_ROOT_CAUSE_DIAGNOSTIC_AND_STOP_DECISION,TGS_STABLE_V2_ROOT_CAUSE_DIAGNOSTIC,9dae034999aa33b3f0d059adc059d3c8dbe659c2,POST_HOC_ASSOCIATION_DIAGNOSTIC_ONLY,v2-r2a-20260727-d3b8ed0-integrity1,U50_PIT_LITE,final_holdout,120,stop_loss,3,-422996.5383414823,-0.624145290162415,3,3,0,0.0,,-0.10269640359640349,,-0.10269640359640349,0.0,3,7.666666666666667,6.0,-0.3080892107892105,INSUFFICIENT_SAMPLE,0.07671173572530081,-0.10089910089910081,1,0.0012432654725427206,0,,0,,0,
V2-R2B_ROOT_CAUSE_DIAGNOSTIC_AND_STOP_DECISION,TGS_STABLE_V2_ROOT_CAUSE_DIAGNOSTIC,9dae034999aa33b3f0d059adc059d3c8dbe659c2,POST_HOC_ASSOCIATION_DIAGNOSTIC_ONLY,v2-r2a-20260727-d3b8ed0-integrity1,U50_PIT_LITE,final_holdout,120,stop_gap,3,-504491.96093246725,-0.7443944637830653,3,3,0,0.0,,-0.11445651712305975,,-0.11445651712305975,0.0,3,13.333333333333334,12.0,-0.34336955136917924,INSUFFICIENT_SAMPLE,0.0662293083892429,-0.11268276998025017,2,-0.00834366634517042,1,0.035250738154469774,0,,0,
V2-R2B_ROOT_CAUSE_DIAGNOSTIC_AND_STOP_DECISION,TGS_STABLE_V2_ROOT_CAUSE_DIAGNOSTIC,9dae034999aa33b3f0d059adc059d3c8dbe659c2,POST_HOC_ASSOCIATION_DIAGNOSTIC_ONLY,v2-r2a-20260727-d3b8ed0-integrity1,U50_PIT_LITE,final_holdout,120,take_profit,2,936661.3097914768,1.382074537243033,2,2,0,1.0,0.29610519480519504,,,0.29610519480519504,,0,15.0,15.0,0.5922103896103901,INSUFFICIENT_SAMPLE,0.298701298701299,-0.03579673881108436,2,0.11853735274790578,0,,0,,0,
V2-R2B_ROOT_CAUSE_DIAGNOSTIC_AND_STOP_DECISION,TGS_STABLE_V2_ROOT_CAUSE_DIAGNOSTIC,9dae034999aa33b3f0d059adc059d3c8dbe659c2,POST_HOC_ASSOCIATION_DIAGNOSTIC_ONLY,v2-r2a-20260727-d3b8ed0-integrity1,U50_PIT_LITE,final_holdout,120,take_profit_gap,1,494031.88738254685,0.7289602815873122,1,1,0,1.0,0.3432474878637415,,,0.3432474878637415,,0,14.0,14.0,0.3432474878637415,INSUFFICIENT_SAMPLE,0.3459380179616467,-0.019674995872711043,1,0.12355691559096882,0,,0,,0,
V2-R2B_ROOT_CAUSE_DIAGNOSTIC_AND_STOP_DECISION,TGS_STABLE_V2_ROOT_CAUSE_DIAGNOSTIC,9dae034999aa33b3f0d059adc059d3c8dbe659c2,POST_HOC_ASSOCIATION_DIAGNOSTIC_ONLY,v2-r2a-20260727-d3b8ed0-integrity1,U50_PIT_LITE,final_holdout,120,max_holding,3,174516.57150405805,0.2575049351151351,3,3,0,1.0,0.044805588119842886,,,0.044805588119842886,,0,60.0,60.0,0.13441676435952865,INSUFFICIENT_SAMPLE,0.1640052443146529,-0.05176720556955409,3,0.0266140486733842,3,0.039259287838792255,3,0.05515743513359117,3,0.046898337897299504
V2-R2B_ROOT_CAUSE_DIAGNOSTIC_AND_STOP_DECISION,TGS_STABLE_V2_ROOT_CAUSE_DIAGNOSTIC,9dae034999aa33b3f0d059adc059d3c8dbe659c2,POST_HOC_ASSOCIATION_DIAGNOSTIC_ONLY,v2-r2a-20260727-d3b8ed0-integrity1,U50_PIT_LITE,final_holdout,120,data_end_or_haircut,0,0.0,0.0,0,0,0,,,,,,,0,,,0.0,INSUFFICIENT_SAMPLE,,,0,,0,,0,,0,
V2-R2B_ROOT_CAUSE_DIAGNOSTIC_AND_STOP_DECISION,TGS_STABLE_V2_ROOT_CAUSE_DIAGNOSTIC,9dae034999aa33b3f0d059adc059d3c8dbe659c2,POST_HOC_ASSOCIATION_DIAGNOSTIC_ONLY,v2-r2a-20260727-d3b8ed0-integrity1,U50_PIT_LITE,final_holdout,120,other,0,0.0,0.0,0,0,0,,,,,,,0,,,0.0,INSUFFICIENT_SAMPLE,,,0,,0,,0,,0,
V2-R2B_ROOT_CAUSE_DIAGNOSTIC_AND_STOP_DECISION,TGS_STABLE_V2_ROOT_CAUSE_DIAGNOSTIC,9dae034999aa33b3f0d059adc059d3c8dbe659c2,POST_HOC_ASSOCIATION_DIAGNOSTIC_ONLY,v2-r2a-20260727-d3b8ed0-integrity1,U100_PIT_LITE,overall,ALL,stop_loss,235,-26704707.204030324,-3.072719116467993,235,235,0,0.0,,-0.1026964035964035,,-0.1026964035964035,0.0,235,23.680851063829788,22.0,-24.133654845154823,SUFFICIENT,0.04844186421407553,-0.10089910089910077,178,-0.008335273114961017,120,-0.0036878520926496173,38,-0.02201934140886374,0,
V2-R2B_ROOT_CAUSE_DIAGNOSTIC_AND_STOP_DECISION,TGS_STABLE_V2_ROOT_CAUSE_DIAGNOSTIC,9dae034999aa33b3f0d059adc059d3c8dbe659c2,POST_HOC_ASSOCIATION_DIAGNOSTIC_ONLY,v2-r2a-20260727-d3b8ed0-integrity1,U100_PIT_LITE,overall,ALL,stop_gap,80,-10547645.612091476,-1.213641926810261,80,80,0,0.0,,-0.11700125335730438,,-0.11700125335730438,0.0,80,20.225,13.0,-9.36010026858435,SUFFICIENT,0.05105838216948331,-0.11523260333136379,51,-0.005373273190597565,30,0.005258553179239156,12,0.008150906453696816,0,
V2-R2B_ROOT_CAUSE_DIAGNOSTIC_AND_STOP_DECISION,TGS_STABLE_V2_ROOT_CAUSE_DIAGNOSTIC,9dae034999aa33b3f0d059adc059d3c8dbe659c2,POST_HOC_ASSOCIATION_DIAGNOSTIC_ONLY,v2-r2a-20260727-d3b8ed0-integrity1,U100_PIT_LITE,overall,ALL,take_profit,49,16953127.124879744,1.9506747406939626,49,49,0,1.0,0.296105194805195,,,0.296105194805195,,0,36.857142857142854,39.0,14.509154545454555,SUFFICIENT,0.2987012987012989,-0.027583354348499164,45,0.06371438535201385,36,0.10325410760917232,24,0.17487165493737114,0,
V2-R2B_ROOT_CAUSE_DIAGNOSTIC_AND_STOP_DECISION,TGS_STABLE_V2_ROOT_CAUSE_DIAGNOSTIC,9dae034999aa33b3f0d059adc059d3c8dbe659c2,POST_HOC_ASSOCIATION_DIAGNOSTIC_ONLY,v2-r2a-20260727-d3b8ed0-integrity1,U100_PIT_LITE,overall,ALL,take_profit_gap,21,7429067.770794984,0.854809542843924,21,21,0,1.0,0.3138471257182901,,,0.3138471257182901,,0,37.0,39.0,6.590789640084092,INSUFFICIENT_SAMPLE,0.31647876677306946,-0.029326785588507705,19,0.076475743770473,16,0.10774794108272094,10,0.14842256094006936,0,
V2-R2B_ROOT_CAUSE_DIAGNOSTIC_AND_STOP_DECISION,TGS_STABLE_V2_ROOT_CAUSE_DIAGNOSTIC,9dae034999aa33b3f0d059adc059d3c8dbe659c2,POST_HOC_ASSOCIATION_DIAGNOSTIC_ONLY,v2-r2a-20260727-d3b8ed0-integrity1,U100_PIT_LITE,overall,ALL,max_holding,317,21561062.03234867,2.4808767597403674,317,317,0,0.7413249211356467,0.1004281655005547,-0.03649605353848831,2.7517541148564004,0.06500928234219026,7.886124597454318,5,60.0,60.0,20.607942502474312,SUFFICIENT,0.1377045305412876,-0.048848931590201844,317,0.01668873175370368,317,0.03739523321218486,317,0.056971663222780425,317,0.06714250020009024
V2-R2B_ROOT_CAUSE_DIAGNOSTIC_AND_STOP_DECISION,TGS_STABLE_V2_ROOT_CAUSE_DIAGNOSTIC,9dae034999aa33b3f0d059adc059d3c8dbe659c2,POST_HOC_ASSOCIATION_DIAGNOSTIC_ONLY,v2-r2a-20260727-d3b8ed0-integrity1,U100_PIT_LITE,overall,ALL,data_end_or_haircut,0,0.0,0.0,0,0,0,,,,,,,0,,,0.0,INSUFFICIENT_SAMPLE,,,0,,0,,0,,0,
V2-R2B_ROOT_CAUSE_DIAGNOSTIC_AND_STOP_DECISION,TGS_STABLE_V2_ROOT_CAUSE_DIAGNOSTIC,9dae034999aa33b3f0d059adc059d3c8dbe659c2,POST_HOC_ASSOCIATION_DIAGNOSTIC_ONLY,v2-r2a-20260727-d3b8ed0-integrity1,U100_PIT_LITE,overall,ALL,other,0,0.0,0.0,0,0,0,,,,,,,0,,,0.0,INSUFFICIENT_SAMPLE,,,0,,0,,0,,0,
V2-R2B_ROOT_CAUSE_DIAGNOSTIC_AND_STOP_DECISION,TGS_STABLE_V2_ROOT_CAUSE_DIAGNOSTIC,9dae034999aa33b3f0d059adc059d3c8dbe659c2,POST_HOC_ASSOCIATION_DIAGNOSTIC_ONLY,v2-r2a-20260727-d3b8ed0-integrity1,U100_PIT_LITE,overall,90,stop_loss,88,-9773367.847240139,-2.9909067594987677,88,88,0,0.0,,-0.10269640359640347,,-0.10269640359640347,0.0,88,22.011363636363637,18.0,-9.037283516483505,SUFFICIENT,0.04790428252523973,-0.10089910089910079,58,-0.0014795031003453343,39,0.0068256406177000595,15,-0.028104597011212342,0,
V2-R2B_ROOT_CAUSE_DIAGNOSTIC_AND_STOP_DECISION,TGS_STABLE_V2_ROOT_CAUSE_DIAGNOSTIC,9dae034999aa33b3f0d059adc059d3c8dbe659c2,POST_HOC_ASSOCIATION_DIAGNOSTIC_ONLY,v2-r2a-20260727-d3b8ed0-integrity1,U100_PIT_LITE,overall,90,stop_gap,28,-3407150.4237180986,-1.0426773444125708,28,28,0,0.0,,-0.11632625310936598,,-0.11632625310936598,0.0,28,16.142857142857142,11.0,-3.2571350870622475,INSUFFICIENT_SAMPLE,0.03948723021749901,-0.11455625105522538,16,-0.017722803955342516,8,-0.014740232584830731,3,-0.011056456542942442,0,
V2-R2B_ROOT_CAUSE_DIAGNOSTIC_AND_STOP_DECISION,TGS_STABLE_V2_ROOT_CAUSE_DIAGNOSTIC,9dae034999aa33b3f0d059adc059d3c8dbe659c2,POST_HOC_ASSOCIATION_DIAGNOSTIC_ONLY,v2-r2a-20260727-d3b8ed0-integrity1,U100_PIT_LITE,overall,90,take_profit,13,3895648.0626955885,1.192170427375732,13,13,0,1.0,0.296105194805195,,,0.296105194805195,,0,39.76923076923077,48.0,3.849367532467535,INSUFFICIENT_SAMPLE,0.2987012987012988,-0.024801737636209433,12,0.0662487035700378,11,0.10078943081459588,7,0.16630306067320008,0,
V2-R2B_ROOT_CAUSE_DIAGNOSTIC_AND_STOP_DECISION,TGS_STABLE_V2_ROOT_CAUSE_DIAGNOSTIC,9dae034999aa33b3f0d059adc059d3c8dbe659c2,POST_HOC_ASSOCIATION_DIAGNOSTIC_ONLY,v2-r2a-20260727-d3b8ed0-integrity1,U100_PIT_LITE,overall,90,take_profit_gap,8,2827314.3356005335,0.8652323016741178,8,8,0,1.0,0.30836637327448274,,,0.30836637327448274,,0,35.5,38.0,2.466930986195862,INSUFFICIENT_SAMPLE,0.31098703636016667,-0.026992470796618984,6,0.057039309172386234,6,0.11854532486347764,3,0.15387605775725666,0,
V2-R2B_ROOT_CAUSE_DIAGNOSTIC_AND_STOP_DECISION,TGS_STABLE_V2_ROOT_CAUSE_DIAGNOSTIC,9dae034999aa33b3f0d059adc059d3c8dbe659c2,POST_HOC_ASSOCIATION_DIAGNOSTIC_ONLY,v2-r2a-20260727-d3b8ed0-integrity1,U100_PIT_LITE,overall,90,max_holding,116,9725249.797322612,2.9761813748614885,116,116,0,0.8189655172413793,0.10412647785596138,-0.03672875026830048,2.8350128195303705,0.07862682448863813,12.825057993113582,3,60.0,60.0,9.120711640682023,SUFFICIENT,0.15223560221439159,-0.04568600083828398,116,0.025585899343439113,116,0.05256559223129589,116,0.06837341762109435,116,0.08078731833799578
V2-R2B_ROOT_CAUSE_DIAGNOSTIC_AND_STOP_DECISION,TGS_STABLE_V2_ROOT_CAUSE_DIAGNOSTIC,9dae034999aa33b3f0d059adc059d3c8dbe659c2,POST_HOC_ASSOCIATION_DIAGNOSTIC_ONLY,v2-r2a-20260727-d3b8ed0-integrity1,U100_PIT_LITE,overall,90,data_end_or_haircut,0,0.0,0.0,0,0,0,,,,,,,0,,,0.0,INSUFFICIENT_SAMPLE,,,0,,0,,0,,0,
V2-R2B_ROOT_CAUSE_DIAGNOSTIC_AND_STOP_DECISION,TGS_STABLE_V2_ROOT_CAUSE_DIAGNOSTIC,9dae034999aa33b3f0d059adc059d3c8dbe659c2,POST_HOC_ASSOCIATION_DIAGNOSTIC_ONLY,v2-r2a-20260727-d3b8ed0-integrity1,U100_PIT_LITE,overall,90,other,0,0.0,0.0,0,0,0,,,,,,,0,,,0.0,INSUFFICIENT_SAMPLE,,,0,,0,,0,,0,
V2-R2B_ROOT_CAUSE_DIAGNOSTIC_AND_STOP_DECISION,TGS_STABLE_V2_ROOT_CAUSE_DIAGNOSTIC,9dae034999aa33b3f0d059adc059d3c8dbe659c2,POST_HOC_ASSOCIATION_DIAGNOSTIC_ONLY,v2-r2a-20260727-d3b8ed0-integrity1,U100_PIT_LITE,overall,100,stop_loss,124,-14333412.01350695,-3.1208201706101524,124,124,0,0.0,,-0.10269640359640352,,-0.10269640359640352,0.0,124,24.919354838709676,23.5,-12.734354045954037,SUFFICIENT,0.05222657825433899,-0.10089910089910076,103,-0.009546751903148241,69,-0.008023271042815291,19,-0.01818556660661325,0,
V2-R2B_ROOT_CAUSE_DIAGNOSTIC_AND_STOP_DECISION,TGS_STABLE_V2_ROOT_CAUSE_DIAGNOSTIC,9dae034999aa33b3f0d059adc059d3c8dbe659c2,POST_HOC_ASSOCIATION_DIAGNOSTIC_ONLY,v2-r2a-20260727-d3b8ed0-integrity1,U100_PIT_LITE,overall,100,stop_gap,40,-5648850.373874983,-1.22992670349078,40,40,0,0.0,,-0.11932461973418648,,-0.11932461973418648,0.0,40,23.8,18.5,-4.7729847893674595,SUFFICIENT,0.061252459997247086,-0.11756062342040388,28,6.989774630911105e-05,18,0.014227666635781629,8,0.01745693168752792,0,
V2-R2B_ROOT_CAUSE_DIAGNOSTIC_AND_STOP_DECISION,TGS_STABLE_V2_ROOT_CAUSE_DIAGNOSTIC,9dae034999aa33b3f0d059adc059d3c8dbe659c2,POST_HOC_ASSOCIATION_DIAGNOSTIC_ONLY,v2-r2a-20260727-d3b8ed0-integrity1,U100_PIT_LITE,overall,100,take_profit,30,10512240.243589066,2.2888347421798354,30,30,0,1.0,0.29610519480519504,,,0.29610519480519504,,0,36.9,40.0,8.883155844155851,SUFFICIENT,0.29870129870129897,-0.02508284860696079,28,0.06382306236388778,22,0.10829350814921947,15,0.17331877870002263,0,
V2-R2B_ROOT_CAUSE_DIAGNOSTIC_AND_STOP_DECISION,TGS_STABLE_V2_ROOT_CAUSE_DIAGNOSTIC,9dae034999aa33b3f0d059adc059d3c8dbe659c2,POST_HOC_ASSOCIATION_DIAGNOSTIC_ONLY,v2-r2a-20260727-d3b8ed0-integrity1,U100_PIT_LITE,overall,100,take_profit_gap,10,3501456.9729030374,0.7623737835249569,10,10,0,1.0,0.3208078665797765,,,0.3208078665797765,,0,40.7,43.0,3.208078665797765,INSUFFICIENT_SAMPLE,0.3234534500263792,-0.028326708125104728,10,0.0942143375855657,8,0.09902902712161665,6,0.14174897264021039,0,
V2-R2B_ROOT_CAUSE_DIAGNOSTIC_AND_STOP_DECISION,TGS_STABLE_V2_ROOT_CAUSE_DIAGNOSTIC,9dae034999aa33b3f0d059adc059d3c8dbe659c2,POST_HOC_ASSOCIATION_DIAGNOSTIC_ONLY,v2-r2a-20260727-d3b8ed0-integrity1,U100_PIT_LITE,overall,100,max_holding,178,10561400.140520468,2.299538348396141,178,178,0,0.6966292134831461,0.09794565693274064,-0.0359011568582412,2.728203364573668,0.05734044376019558,6.264763281613607,4,60.0,60.0,10.206598989314813,SUFFICIENT,0.126675019238972,-0.049381245734457305,178,0.01178783204431581,178,0.02974581576288212,178,0.05014489308688696,178,0.05945830090370208
V2-R2B_ROOT_CAUSE_DIAGNOSTIC_AND_STOP_DECISION,TGS_STABLE_V2_ROOT_CAUSE_DIAGNOSTIC,9dae034999aa33b3f0d059adc059d3c8dbe659c2,POST_HOC_ASSOCIATION_DIAGNOSTIC_ONLY,v2-r2a-20260727-d3b8ed0-integrity1,U100_PIT_LITE,overall,100,data_end_or_haircut,0,0.0,0.0,0,0,0,,,,,,,0,,,0.0,INSUFFICIENT_SAMPLE,,,0,,0,,0,,0,
V2-R2B_ROOT_CAUSE_DIAGNOSTIC_AND_STOP_DECISION,TGS_STABLE_V2_ROOT_CAUSE_DIAGNOSTIC,9dae034999aa33b3f0d059adc059d3c8dbe659c2,POST_HOC_ASSOCIATION_DIAGNOSTIC_ONLY,v2-r2a-20260727-d3b8ed0-integrity1,U100_PIT_LITE,overall,100,other,0,0.0,0.0,0,0,0,,,,,,,0,,,0.0,INSUFFICIENT_SAMPLE,,,0,,0,,0,,0,
V2-R2B_ROOT_CAUSE_DIAGNOSTIC_AND_STOP_DECISION,TGS_STABLE_V2_ROOT_CAUSE_DIAGNOSTIC,9dae034999aa33b3f0d059adc059d3c8dbe659c2,POST_HOC_ASSOCIATION_DIAGNOSTIC_ONLY,v2-r2a-20260727-d3b8ed0-integrity1,U100_PIT_LITE,overall,120,stop_loss,23,-2597927.3432832314,-3.128618590953589,23,23,0,0.0,,-0.10269640359640346,,-0.10269640359640346,0.0,23,23.391304347826086,21.0,-2.3620172827172796,INSUFFICIENT_SAMPLE,0.03009415324124429,-0.10089910089910079,17,-0.02438541109522135,12,-0.012928044437833444,4,-0.017410063210746313,0,
V2-R2B_ROOT_CAUSE_DIAGNOSTIC_AND_STOP_DECISION,TGS_STABLE_V2_ROOT_CAUSE_DIAGNOSTIC,9dae034999aa33b3f0d059adc059d3c8dbe659c2,POST_HOC_ASSOCIATION_DIAGNOSTIC_ONLY,v2-r2a-20260727-d3b8ed0-integrity1,U100_PIT_LITE,overall,120,stop_gap,12,-1491644.8144983952,-1.796350352062334,12,12,0,0.0,,-0.11083169934622028,,-0.11083169934622028,0.0,12,17.833333333333332,17.0,-1.3299803921546434,INSUFFICIENT_SAMPLE,0.04407747729823408,-0.10905069167888633,7,0.0010815419526213343,4,0.004895114152937807,1,-0.008675206427034232,0,
V2-R2B_ROOT_CAUSE_DIAGNOSTIC_AND_STOP_DECISION,TGS_STABLE_V2_ROOT_CAUSE_DIAGNOSTIC,9dae034999aa33b3f0d059adc059d3c8dbe659c2,POST_HOC_ASSOCIATION_DIAGNOSTIC_ONLY,v2-r2a-20260727-d3b8ed0-integrity1,U100_PIT_LITE,overall,120,take_profit,6,2545238.818595089,3.065167125193614,6,6,0,1.0,0.29610519480519504,,,0.29610519480519504,,0,30.333333333333332,23.5,1.7766311688311702,INSUFFICIENT_SAMPLE,0.29870129870129897,-0.046112719266152104,5,0.05702343036226239,3,0.0753356518956072,2,0.21650830664208398,0,
V2-R2B_ROOT_CAUSE_DIAGNOSTIC_AND_STOP_DECISION,TGS_STABLE_V2_ROOT_CAUSE_DIAGNOSTIC,9dae034999aa33b3f0d059adc059d3c8dbe659c2,POST_HOC_ASSOCIATION_DIAGNOSTIC_ONLY,v2-r2a-20260727-d3b8ed0-integrity1,U100_PIT_LITE,overall,120,take_profit_gap,3,1100296.4622914137,1.3250593694952626,3,3,0,1.0,0.3052599960301554,,,0.3052599960301554,,0,28.666666666666668,29.0,0.9157799880904662,INSUFFICIENT_SAMPLE,0.3078744370297779,-0.038885216578220895,3,0.05621996691633754,2,0.11023144558486797,1,0.17210360028766125,0,
V2-R2B_ROOT_CAUSE_DIAGNOSTIC_AND_STOP_DECISION,TGS_STABLE_V2_ROOT_CAUSE_DIAGNOSTIC,9dae034999aa33b3f0d059adc059d3c8dbe659c2,POST_HOC_ASSOCIATION_DIAGNOSTIC_ONLY,v2-r2a-20260727-d3b8ed0-integrity1,U100_PIT_LITE,overall,120,max_holding,23,1274412.0945055892,1.5347424483270475,23,23,0,0.6956521739130435,0.0977088772908865,-0.04038716631095823,2.4193050965394223,0.05567964662945548,5.529840220661537,3,60.0,60.0,1.2806318724774761,INSUFFICIENT_SAMPLE,0.14977621305137956,-0.06068145548346275,23,0.009744762530300669,23,0.020083696679967872,23,0.05230042730906837,23,0.05779417718965763
V2-R2B_ROOT_CAUSE_DIAGNOSTIC_AND_STOP_DECISION,TGS_STABLE_V2_ROOT_CAUSE_DIAGNOSTIC,9dae034999aa33b3f0d059adc059d3c8dbe659c2,POST_HOC_ASSOCIATION_DIAGNOSTIC_ONLY,v2-r2a-20260727-d3b8ed0-integrity1,U100_PIT_LITE,overall,120,data_end_or_haircut,0,0.0,0.0,0,0,0,,,,,,,0,,,0.0,INSUFFICIENT_SAMPLE,,,0,,0,,0,,0,
V2-R2B_ROOT_CAUSE_DIAGNOSTIC_AND_STOP_DECISION,TGS_STABLE_V2_ROOT_CAUSE_DIAGNOSTIC,9dae034999aa33b3f0d059adc059d3c8dbe659c2,POST_HOC_ASSOCIATION_DIAGNOSTIC_ONLY,v2-r2a-20260727-d3b8ed0-integrity1,U100_PIT_LITE,overall,120,other,0,0.0,0.0,0,0,0,,,,,,,0,,,0.0,INSUFFICIENT_SAMPLE,,,0,,0,,0,,0,
V2-R2B_ROOT_CAUSE_DIAGNOSTIC_AND_STOP_DECISION,TGS_STABLE_V2_ROOT_CAUSE_DIAGNOSTIC,9dae034999aa33b3f0d059adc059d3c8dbe659c2,POST_HOC_ASSOCIATION_DIAGNOSTIC_ONLY,v2-r2a-20260727-d3b8ed0-integrity1,U100_PIT_LITE,validation,ALL,stop_loss,49,-4942846.429268217,-2.0782875792015503,49,49,0,0.0,,-0.10269640359640349,,-0.10269640359640349,0.0,49,27.448979591836736,26.0,-5.032123776223771,SUFFICIENT,0.056799321252923085,-0.10089910089910077,42,-0.012825818162461075,30,0.014684228236450155,10,-0.0249655712642023,0,
V2-R2B_ROOT_CAUSE_DIAGNOSTIC_AND_STOP_DECISION,TGS_STABLE_V2_ROOT_CAUSE_DIAGNOSTIC,9dae034999aa33b3f0d059adc059d3c8dbe659c2,POST_HOC_ASSOCIATION_DIAGNOSTIC_ONLY,v2-r2a-20260727-d3b8ed0-integrity1,U100_PIT_LITE,validation,ALL,stop_gap,6,-648824.7668960276,-0.27280727277581857,6,6,0,0.0,,-0.10977622985174108,,-0.10977622985174108,0.0,6,12.5,10.0,-0.6586573791104465,INSUFFICIENT_SAMPLE,0.029232534297117103,-0.10799310807478256,3,-0.004763337573907307,2,-0.054323631692673235,0,,0,
V2-R2B_ROOT_CAUSE_DIAGNOSTIC_AND_STOP_DECISION,TGS_STABLE_V2_ROOT_CAUSE_DIAGNOSTIC,9dae034999aa33b3f0d059adc059d3c8dbe659c2,POST_HOC_ASSOCIATION_DIAGNOSTIC_ONLY,v2-r2a-20260727-d3b8ed0-integrity1,U100_PIT_LITE,validation,ALL,take_profit,9,2710292.4453768684,1.1395796340904054,9,9,0,1.0,0.29610519480519504,,,0.29610519480519504,,0,36.22222222222222,36.0,2.6649467532467552,INSUFFICIENT_SAMPLE,0.29870129870129886,-0.013120686256596188,9,0.06863324548682849,7,0.09656813579080836,4,0.1873238942818896,0,
V2-R2B_ROOT_CAUSE_DIAGNOSTIC_AND_STOP_DECISION,TGS_STABLE_V2_ROOT_CAUSE_DIAGNOSTIC,9dae034999aa33b3f0d059adc059d3c8dbe659c2,POST_HOC_ASSOCIATION_DIAGNOSTIC_ONLY,v2-r2a-20260727-d3b8ed0-integrity1,U100_PIT_LITE,validation,ALL,take_profit_gap,1,188162.15215355586,0.07911535777866815,1,1,0,1.0,0.300343762131974,,,0.300343762131974,,0,29.0,29.0,0.300343762131974,INSUFFICIENT_SAMPLE,0.30294835589540914,-0.07937688906719864,1,0.06730875961645211,1,0.15508450923036365,0,,0,
V2-R2B_ROOT_CAUSE_DIAGNOSTIC_AND_STOP_DECISION,TGS_STABLE_V2_ROOT_CAUSE_DIAGNOSTIC,9dae034999aa33b3f0d059adc059d3c8dbe659c2,POST_HOC_ASSOCIATION_DIAGNOSTIC_ONLY,v2-r2a-20260727-d3b8ed0-integrity1,U100_PIT_LITE,validation,ALL,max_holding,60,5071543.1010552,2.1323998601082956,60,60,0,0.75,0.12383161696843532,-0.03273437979612733,3.78292235074163,0.08469011777729465,11.34876705222489,3,60.0,60.0,5.081407066637679,SUFFICIENT,0.15305690220632587,-0.05216293703619258,60,0.017027924935745842,60,0.03384863246757328,60,0.06215347185761925,60,0.086862756427393
V2-R2B_ROOT_CAUSE_DIAGNOSTIC_AND_STOP_DECISION,TGS_STABLE_V2_ROOT_CAUSE_DIAGNOSTIC,9dae034999aa33b3f0d059adc059d3c8dbe659c2,POST_HOC_ASSOCIATION_DIAGNOSTIC_ONLY,v2-r2a-20260727-d3b8ed0-integrity1,U100_PIT_LITE,validation,ALL,data_end_or_haircut,0,0.0,0.0,0,0,0,,,,,,,0,,,0.0,INSUFFICIENT_SAMPLE,,,0,,0,,0,,0,
V2-R2B_ROOT_CAUSE_DIAGNOSTIC_AND_STOP_DECISION,TGS_STABLE_V2_ROOT_CAUSE_DIAGNOSTIC,9dae034999aa33b3f0d059adc059d3c8dbe659c2,POST_HOC_ASSOCIATION_DIAGNOSTIC_ONLY,v2-r2a-20260727-d3b8ed0-integrity1,U100_PIT_LITE,validation,ALL,other,0,0.0,0.0,0,0,0,,,,,,,0,,,0.0,INSUFFICIENT_SAMPLE,,,0,,0,,0,,0,
V2-R2B_ROOT_CAUSE_DIAGNOSTIC_AND_STOP_DECISION,TGS_STABLE_V2_ROOT_CAUSE_DIAGNOSTIC,9dae034999aa33b3f0d059adc059d3c8dbe659c2,POST_HOC_ASSOCIATION_DIAGNOSTIC_ONLY,v2-r2a-20260727-d3b8ed0-integrity1,U100_PIT_LITE,validation,90,stop_loss,16,-1655198.190754463,-1.9639415066465595,16,16,0,0.0,,-0.10269640359640347,,-0.10269640359640347,0.0,16,31.8125,34.0,-1.6431424575424556,INSUFFICIENT_SAMPLE,0.06402973114286038,-0.10089910089910076,13,-0.00556099189665225,11,0.02524123969961586,6,-0.03189657917805092,0,
V2-R2B_ROOT_CAUSE_DIAGNOSTIC_AND_STOP_DECISION,TGS_STABLE_V2_ROOT_CAUSE_DIAGNOSTIC,9dae034999aa33b3f0d059adc059d3c8dbe659c2,POST_HOC_ASSOCIATION_DIAGNOSTIC_ONLY,v2-r2a-20260727-d3b8ed0-integrity1,U100_PIT_LITE,validation,90,stop_gap,2,-192233.44247647846,-0.22809065328486366,2,2,0,0.0,,-0.10730609582575884,,-0.10730609582575884,0.0,2,22.0,22.0,-0.21461219165151768,INSUFFICIENT_SAMPLE,0.0640112857376317,-0.10551802636045332,2,0.02574620007419276,2,-0.054323631692673235,0,,0,
V2-R2B_ROOT_CAUSE_DIAGNOSTIC_AND_STOP_DECISION,TGS_STABLE_V2_ROOT_CAUSE_DIAGNOSTIC,9dae034999aa33b3f0d059adc059d3c8dbe659c2,POST_HOC_ASSOCIATION_DIAGNOSTIC_ONLY,v2-r2a-20260727-d3b8ed0-integrity1,U100_PIT_LITE,validation,90,take_profit,4,1107750.3540479948,1.3143784904245388,4,4,0,1.0,0.2961051948051949,,,0.2961051948051949,,0,39.75,39.0,1.1844207792207797,INSUFFICIENT_SAMPLE,0.2987012987012988,-0.02124680302520454,4,0.06815116509930158,4,0.09332778789675628,2,0.20449006853741392,0,
V2-R2B_ROOT_CAUSE_DIAGNOSTIC_AND_STOP_DECISION,TGS_STABLE_V2_ROOT_CAUSE_DIAGNOSTIC,9dae034999aa33b3f0d059adc059d3c8dbe659c2,POST_HOC_ASSOCIATION_DIAGNOSTIC_ONLY,v2-r2a-20260727-d3b8ed0-integrity1,U100_PIT_LITE,validation,90,take_profit_gap,0,0.0,0.0,0,0,0,,,,,,,0,,,0.0,INSUFFICIENT_SAMPLE,,,0,,0,,0,,0,
V2-R2B_ROOT_CAUSE_DIAGNOSTIC_AND_STOP_DECISION,TGS_STABLE_V2_ROOT_CAUSE_DIAGNOSTIC,9dae034999aa33b3f0d059adc059d3c8dbe659c2,POST_HOC_ASSOCIATION_DIAGNOSTIC_ONLY,v2-r2a-20260727-d3b8ed0-integrity1,U100_PIT_LITE,validation,90,max_holding,23,1582475.316150332,1.8776536695068846,23,23,0,0.7391304347826086,0.10464416342679639,-0.033300036626092856,3.142463913832471,0.06865871993473834,8.903647755858668,3,60.0,60.0,1.5791505584989816,INSUFFICIENT_SAMPLE,0.14366854708907706,-0.05087079117876198,23,0.022025378479459245,23,0.04476115609326806,23,0.06362481280699704,23,0.0707992476307522
V2-R2B_ROOT_CAUSE_DIAGNOSTIC_AND_STOP_DECISION,TGS_STABLE_V2_ROOT_CAUSE_DIAGNOSTIC,9dae034999aa33b3f0d059adc059d3c8dbe659c2,POST_HOC_ASSOCIATION_DIAGNOSTIC_ONLY,v2-r2a-20260727-d3b8ed0-integrity1,U100_PIT_LITE,validation,90,data_end_or_haircut,0,0.0,0.0,0,0,0,,,,,,,0,,,0.0,INSUFFICIENT_SAMPLE,,,0,,0,,0,,0,
V2-R2B_ROOT_CAUSE_DIAGNOSTIC_AND_STOP_DECISION,TGS_STABLE_V2_ROOT_CAUSE_DIAGNOSTIC,9dae034999aa33b3f0d059adc059d3c8dbe659c2,POST_HOC_ASSOCIATION_DIAGNOSTIC_ONLY,v2-r2a-20260727-d3b8ed0-integrity1,U100_PIT_LITE,validation,90,other,0,0.0,0.0,0,0,0,,,,,,,0,,,0.0,INSUFFICIENT_SAMPLE,,,0,,0,,0,,0,
V2-R2B_ROOT_CAUSE_DIAGNOSTIC_AND_STOP_DECISION,TGS_STABLE_V2_ROOT_CAUSE_DIAGNOSTIC,9dae034999aa33b3f0d059adc059d3c8dbe659c2,POST_HOC_ASSOCIATION_DIAGNOSTIC_ONLY,v2-r2a-20260727-d3b8ed0-integrity1,U100_PIT_LITE,validation,100,stop_loss,25,-2489757.760085391,-1.435444153375114,25,25,0,0.0,,-0.10269640359640352,,-0.10269640359640352,0.0,25,22.64,23.0,-2.567410089910088,INSUFFICIENT_SAMPLE,0.05614581011656206,-0.10089910089910079,22,-0.01701272632175419,13,0.013534647385725117,1,0.059569941392344505,0,
V2-R2B_ROOT_CAUSE_DIAGNOSTIC_AND_STOP_DECISION,TGS_STABLE_V2_ROOT_CAUSE_DIAGNOSTIC,9dae034999aa33b3f0d059adc059d3c8dbe659c2,POST_HOC_ASSOCIATION_DIAGNOSTIC_ONLY,v2-r2a-20260727-d3b8ed0-integrity1,U100_PIT_LITE,validation,100,stop_gap,4,-456591.3244195491,-0.2632430181068552,4,4,0,0.0,,-0.11101129686473221,,-0.11101129686473221,0.0,4,7.75,7.5,-0.44404518745892885,INSUFFICIENT_SAMPLE,0.011843158576859802,-0.10923064893194717,1,-0.06578241287010744,0,,0,,0,
V2-R2B_ROOT_CAUSE_DIAGNOSTIC_AND_STOP_DECISION,TGS_STABLE_V2_ROOT_CAUSE_DIAGNOSTIC,9dae034999aa33b3f0d059adc059d3c8dbe659c2,POST_HOC_ASSOCIATION_DIAGNOSTIC_ONLY,v2-r2a-20260727-d3b8ed0-integrity1,U100_PIT_LITE,validation,100,take_profit,5,1602542.0913288735,0.9239291116645278,5,5,0,1.0,0.2961051948051951,,,0.2961051948051951,,0,33.4,36.0,1.4805259740259755,INSUFFICIENT_SAMPLE,0.29870129870129886,-0.006619792841709504,5,0.06901890979685002,3,0.10088859964954448,2,0.1701577200263653,0,
V2-R2B_ROOT_CAUSE_DIAGNOSTIC_AND_STOP_DECISION,TGS_STABLE_V2_ROOT_CAUSE_DIAGNOSTIC,9dae034999aa33b3f0d059adc059d3c8dbe659c2,POST_HOC_ASSOCIATION_DIAGNOSTIC_ONLY,v2-r2a-20260727-d3b8ed0-integrity1,U100_PIT_LITE,validation,100,take_profit_gap,0,0.0,0.0,0,0,0,,,,,,,0,,,0.0,INSUFFICIENT_SAMPLE,,,0,,0,,0,,0,
V2-R2B_ROOT_CAUSE_DIAGNOSTIC_AND_STOP_DECISION,TGS_STABLE_V2_ROOT_CAUSE_DIAGNOSTIC,9dae034999aa33b3f0d059adc059d3c8dbe659c2,POST_HOC_ASSOCIATION_DIAGNOSTIC_ONLY,v2-r2a-20260727-d3b8ed0-integrity1,U100_PIT_LITE,validation,100,max_holding,32,3078292.9738610713,1.7747580598174417,32,32,0,0.75,0.13931394571805888,-0.03325115469432002,4.189747604219487,0.09617267061496416,12.569242812658462,2,60.0,60.0,3.0775254596788533,SUFFICIENT,0.15546317492255796,-0.05258323287833548,32,0.016750743092956304,32,0.026670168604749345,32,0.059154404881290354,32,0.09836830886438405
V2-R2B_ROOT_CAUSE_DIAGNOSTIC_AND_STOP_DECISION,TGS_STABLE_V2_ROOT_CAUSE_DIAGNOSTIC,9dae034999aa33b3f0d059adc059d3c8dbe659c2,POST_HOC_ASSOCIATION_DIAGNOSTIC_ONLY,v2-r2a-20260727-d3b8ed0-integrity1,U100_PIT_LITE,validation,100,data_end_or_haircut,0,0.0,0.0,0,0,0,,,,,,,0,,,0.0,INSUFFICIENT_SAMPLE,,,0,,0,,0,,0,
V2-R2B_ROOT_CAUSE_DIAGNOSTIC_AND_STOP_DECISION,TGS_STABLE_V2_ROOT_CAUSE_DIAGNOSTIC,9dae034999aa33b3f0d059adc059d3c8dbe659c2,POST_HOC_ASSOCIATION_DIAGNOSTIC_ONLY,v2-r2a-20260727-d3b8ed0-integrity1,U100_PIT_LITE,validation,100,other,0,0.0,0.0,0,0,0,,,,,,,0,,,0.0,INSUFFICIENT_SAMPLE,,,0,,0,,0,,0,
V2-R2B_ROOT_CAUSE_DIAGNOSTIC_AND_STOP_DECISION,TGS_STABLE_V2_ROOT_CAUSE_DIAGNOSTIC,9dae034999aa33b3f0d059adc059d3c8dbe659c2,POST_HOC_ASSOCIATION_DIAGNOSTIC_ONLY,v2-r2a-20260727-d3b8ed0-integrity1,U100_PIT_LITE,validation,120,stop_loss,8,-797890.4784283626,4.010436696742488,8,8,0,0.0,,-0.1026964035964035,,-0.1026964035964035,0.0,8,33.75,40.0,-0.821571228771228,INSUFFICIENT_SAMPLE,0.04438072377417668,-0.10089910089910077,7,-0.013158784155470529,6,-0.00217953426944939,3,-0.039282059655353994,0,
V2-R2B_ROOT_CAUSE_DIAGNOSTIC_AND_STOP_DECISION,TGS_STABLE_V2_ROOT_CAUSE_DIAGNOSTIC,9dae034999aa33b3f0d059adc059d3c8dbe659c2,POST_HOC_ASSOCIATION_DIAGNOSTIC_ONLY,v2-r2a-20260727-d3b8ed0-integrity1,U100_PIT_LITE,validation,120,stop_gap,0,0.0,-0.0,0,0,0,,,,,,,0,,,0.0,INSUFFICIENT_SAMPLE,,,0,,0,,0,,0,
V2-R2B_ROOT_CAUSE_DIAGNOSTIC_AND_STOP_DECISION,TGS_STABLE_V2_ROOT_CAUSE_DIAGNOSTIC,9dae034999aa33b3f0d059adc059d3c8dbe659c2,POST_HOC_ASSOCIATION_DIAGNOSTIC_ONLY,v2-r2a-20260727-d3b8ed0-integrity1,U100_PIT_LITE,validation,120,take_profit,0,0.0,-0.0,0,0,0,,,,,,,0,,,0.0,INSUFFICIENT_SAMPLE,,,0,,0,,0,,0,
V2-R2B_ROOT_CAUSE_DIAGNOSTIC_AND_STOP_DECISION,TGS_STABLE_V2_ROOT_CAUSE_DIAGNOSTIC,9dae034999aa33b3f0d059adc059d3c8dbe659c2,POST_HOC_ASSOCIATION_DIAGNOSTIC_ONLY,v2-r2a-20260727-d3b8ed0-integrity1,U100_PIT_LITE,validation,120,take_profit_gap,1,188162.15215355586,-0.9457593746713895,1,1,0,1.0,0.300343762131974,,,0.300343762131974,,0,29.0,29.0,0.300343762131974,INSUFFICIENT_SAMPLE,0.30294835589540914,-0.07937688906719864,1,0.06730875961645211,1,0.15508450923036365,0,,0,
V2-R2B_ROOT_CAUSE_DIAGNOSTIC_AND_STOP_DECISION,TGS_STABLE_V2_ROOT_CAUSE_DIAGNOSTIC,9dae034999aa33b3f0d059adc059d3c8dbe659c2,POST_HOC_ASSOCIATION_DIAGNOSTIC_ONLY,v2-r2a-20260727-d3b8ed0-integrity1,U100_PIT_LITE,validation,120,max_holding,5,410774.81104379566,-2.0646773220710988,5,5,0,0.8,0.11248432202265907,-0.025206239630792604,4.462558623192857,0.08494620969196873,17.850234492771428,1,60.0,60.0,0.42473104845984366,INSUFFICIENT_SAMPLE,0.18084319036178517,-0.05541691459065876,5,-0.004186397571482781,5,0.029593192511450473,5,0.07457933213898638,5,0.08711936129519779
V2-R2B_ROOT_CAUSE_DIAGNOSTIC_AND_STOP_DECISION,TGS_STABLE_V2_ROOT_CAUSE_DIAGNOSTIC,9dae034999aa33b3f0d059adc059d3c8dbe659c2,POST_HOC_ASSOCIATION_DIAGNOSTIC_ONLY,v2-r2a-20260727-d3b8ed0-integrity1,U100_PIT_LITE,validation,120,data_end_or_haircut,0,0.0,-0.0,0,0,0,,,,,,,0,,,0.0,INSUFFICIENT_SAMPLE,,,0,,0,,0,,0,
V2-R2B_ROOT_CAUSE_DIAGNOSTIC_AND_STOP_DECISION,TGS_STABLE_V2_ROOT_CAUSE_DIAGNOSTIC,9dae034999aa33b3f0d059adc059d3c8dbe659c2,POST_HOC_ASSOCIATION_DIAGNOSTIC_ONLY,v2-r2a-20260727-d3b8ed0-integrity1,U100_PIT_LITE,validation,120,other,0,0.0,-0.0,0,0,0,,,,,,,0,,,0.0,INSUFFICIENT_SAMPLE,,,0,,0,,0,,0,
V2-R2B_ROOT_CAUSE_DIAGNOSTIC_AND_STOP_DECISION,TGS_STABLE_V2_ROOT_CAUSE_DIAGNOSTIC,9dae034999aa33b3f0d059adc059d3c8dbe659c2,POST_HOC_ASSOCIATION_DIAGNOSTIC_ONLY,v2-r2a-20260727-d3b8ed0-integrity1,U100_PIT_LITE,final_holdout,ALL,stop_loss,52,-7700824.077308777,-1.6753968660476835,52,52,0,0.0,,-0.10269640359640352,,-0.10269640359640352,0.0,52,19.153846153846153,17.0,-5.340212987012983,SUFFICIENT,0.05068481700731732,-0.10089910089910079,36,-0.0012921093121118067,22,-0.023184539490371133,4,0.016537337346180403,0,
V2-R2B_ROOT_CAUSE_DIAGNOSTIC_AND_STOP_DECISION,TGS_STABLE_V2_ROOT_CAUSE_DIAGNOSTIC,9dae034999aa33b3f0d059adc059d3c8dbe659c2,POST_HOC_ASSOCIATION_DIAGNOSTIC_ONLY,v2-r2a-20260727-d3b8ed0-integrity1,U100_PIT_LITE,final_holdout,ALL,stop_gap,21,-3662245.766668209,-0.7967608425508369,21,21,0,0.0,,-0.12690234677014134,,-0.12690234677014134,0.0,21,18.095238095238095,12.0,-2.664949282172968,INSUFFICIENT_SAMPLE,0.07753244019007112,-0.12515352867396057,11,0.013523585278058425,7,0.04252275306619559,3,0.01889641126564434,0,
V2-R2B_ROOT_CAUSE_DIAGNOSTIC_AND_STOP_DECISION,TGS_STABLE_V2_ROOT_CAUSE_DIAGNOSTIC,9dae034999aa33b3f0d059adc059d3c8dbe659c2,POST_HOC_ASSOCIATION_DIAGNOSTIC_ONLY,v2-r2a-20260727-d3b8ed0-integrity1,U100_PIT_LITE,final_holdout,ALL,take_profit,19,8127227.832132183,1.7681655759065587,19,19,0,1.0,0.296105194805195,,,0.296105194805195,,0,34.73684210526316,34.0,5.6259987012987045,INSUFFICIENT_SAMPLE,0.2987012987012989,-0.03560415058911823,18,0.07421468788603065,12,0.10368773679269394,9,0.14744181327274258,0,
V2-R2B_ROOT_CAUSE_DIAGNOSTIC_AND_STOP_DECISION,TGS_STABLE_V2_ROOT_CAUSE_DIAGNOSTIC,9dae034999aa33b3f0d059adc059d3c8dbe659c2,POST_HOC_ASSOCIATION_DIAGNOSTIC_ONLY,v2-r2a-20260727-d3b8ed0-integrity1,U100_PIT_LITE,final_holdout,ALL,take_profit_gap,9,3791121.2302503325,0.8247990817870966,9,9,0,1.0,0.3087024683421705,,,0.3087024683421705,,0,24.77777777777778,20.0,2.778322215079535,INSUFFICIENT_SAMPLE,0.3113238046276211,-0.018098358229846328,7,0.10245718562139576,4,0.12178965993137653,2,0.2313969544367801,0,
V2-R2B_ROOT_CAUSE_DIAGNOSTIC_AND_STOP_DECISION,TGS_STABLE_V2_ROOT_CAUSE_DIAGNOSTIC,9dae034999aa33b3f0d059adc059d3c8dbe659c2,POST_HOC_ASSOCIATION_DIAGNOSTIC_ONLY,v2-r2a-20260727-d3b8ed0-integrity1,U100_PIT_LITE,final_holdout,ALL,max_holding,53,4041138.641367168,0.8791930509048651,53,53,0,0.7169811320754716,0.09708725519084842,-0.04708583897428216,2.0619204692068154,0.05628354929505673,5.223531855323932,5,60.0,60.0,2.983028112638007,SUFFICIENT,0.15392698283931266,-0.04592542787331043,53,0.032388576117907145,53,0.05349976087195806,53,0.06680969594482385,53,0.0583992894747167
V2-R2B_ROOT_CAUSE_DIAGNOSTIC_AND_STOP_DECISION,TGS_STABLE_V2_ROOT_CAUSE_DIAGNOSTIC,9dae034999aa33b3f0d059adc059d3c8dbe659c2,POST_HOC_ASSOCIATION_DIAGNOSTIC_ONLY,v2-r2a-20260727-d3b8ed0-integrity1,U100_PIT_LITE,final_holdout,ALL,data_end_or_haircut,0,0.0,0.0,0,0,0,,,,,,,0,,,0.0,INSUFFICIENT_SAMPLE,,,0,,0,,0,,0,
V2-R2B_ROOT_CAUSE_DIAGNOSTIC_AND_STOP_DECISION,TGS_STABLE_V2_ROOT_CAUSE_DIAGNOSTIC,9dae034999aa33b3f0d059adc059d3c8dbe659c2,POST_HOC_ASSOCIATION_DIAGNOSTIC_ONLY,v2-r2a-20260727-d3b8ed0-integrity1,U100_PIT_LITE,final_holdout,ALL,other,0,0.0,0.0,0,0,0,,,,,,,0,,,0.0,INSUFFICIENT_SAMPLE,,,0,,0,,0,,0,
V2-R2B_ROOT_CAUSE_DIAGNOSTIC_AND_STOP_DECISION,TGS_STABLE_V2_ROOT_CAUSE_DIAGNOSTIC,9dae034999aa33b3f0d059adc059d3c8dbe659c2,POST_HOC_ASSOCIATION_DIAGNOSTIC_ONLY,v2-r2a-20260727-d3b8ed0-integrity1,U100_PIT_LITE,final_holdout,90,stop_loss,16,-2296650.5231323633,-1.2606091775921793,16,16,0,0.0,,-0.10269640359640352,,-0.10269640359640352,0.0,16,14.0,13.0,-1.6431424575424562,INSUFFICIENT_SAMPLE,0.054417743261122295,-0.1008991008991008,9,0.017798612994022165,5,-0.02412277725209111,0,,0,
V2-R2B_ROOT_CAUSE_DIAGNOSTIC_AND_STOP_DECISION,TGS_STABLE_V2_ROOT_CAUSE_DIAGNOSTIC,9dae034999aa33b3f0d059adc059d3c8dbe659c2,POST_HOC_ASSOCIATION_DIAGNOSTIC_ONLY,v2-r2a-20260727-d3b8ed0-integrity1,U100_PIT_LITE,final_holdout,90,stop_gap,6,-1034610.2537379162,-0.5678875248786918,6,6,0,0.0,,-0.12888827552780058,,-0.12888827552780058,0.0,6,12.5,2.0,-0.7733296531668035,INSUFFICIENT_SAMPLE,0.050270064614149845,-0.12714343525487506,2,0.027669051999767547,1,0.1319122587600947,1,-0.027768220600704274,0,
V2-R2B_ROOT_CAUSE_DIAGNOSTIC_AND_STOP_DECISION,TGS_STABLE_V2_ROOT_CAUSE_DIAGNOSTIC,9dae034999aa33b3f0d059adc059d3c8dbe659c2,POST_HOC_ASSOCIATION_DIAGNOSTIC_ONLY,v2-r2a-20260727-d3b8ed0-integrity1,U100_PIT_LITE,final_holdout,90,take_profit,2,801063.6081866617,0.4396960382713882,2,2,0,1.0,0.2961051948051949,,,0.2961051948051949,,0,36.0,36.0,0.5922103896103899,INSUFFICIENT_SAMPLE,0.2987012987012989,-0.04063314337250906,2,0.11887954308691495,1,0.008158114209957157,1,0.017963055925094062,0,
V2-R2B_ROOT_CAUSE_DIAGNOSTIC_AND_STOP_DECISION,TGS_STABLE_V2_ROOT_CAUSE_DIAGNOSTIC,9dae034999aa33b3f0d059adc059d3c8dbe659c2,POST_HOC_ASSOCIATION_DIAGNOSTIC_ONLY,v2-r2a-20260727-d3b8ed0-integrity1,U100_PIT_LITE,final_holdout,90,take_profit_gap,3,1281857.5941437227,0.7035991898932361,3,3,0,1.0,0.3118777800693782,,,0.3118777800693782,,0,16.666666666666668,7.0,0.9356333402081347,INSUFFICIENT_SAMPLE,0.31450547651693556,-0.009832539521613523,1,0.029008132455421665,1,0.14175408318424898,0,,0,
V2-R2B_ROOT_CAUSE_DIAGNOSTIC_AND_STOP_DECISION,TGS_STABLE_V2_ROOT_CAUSE_DIAGNOSTIC,9dae034999aa33b3f0d059adc059d3c8dbe659c2,POST_HOC_ASSOCIATION_DIAGNOSTIC_ONLY,v2-r2a-20260727-d3b8ed0-integrity1,U100_PIT_LITE,final_holdout,90,max_holding,23,3070197.263628809,1.685201474306247,23,23,0,0.9130434782608695,0.11364691546284324,-0.04005233556847576,2.8374603840154586,0.10028176319925029,29.793334032162313,1,60.0,60.0,2.3064805535827566,INSUFFICIENT_SAMPLE,0.18512307603981287,-0.0378867763305706,23,0.04559017218495754,23,0.0735912556843805,23,0.0957272491722615,23,0.10248563197757349
V2-R2B_ROOT_CAUSE_DIAGNOSTIC_AND_STOP_DECISION,TGS_STABLE_V2_ROOT_CAUSE_DIAGNOSTIC,9dae034999aa33b3f0d059adc059d3c8dbe659c2,POST_HOC_ASSOCIATION_DIAGNOSTIC_ONLY,v2-r2a-20260727-d3b8ed0-integrity1,U100_PIT_LITE,final_holdout,90,data_end_or_haircut,0,0.0,0.0,0,0,0,,,,,,,0,,,0.0,INSUFFICIENT_SAMPLE,,,0,,0,,0,,0,
V2-R2B_ROOT_CAUSE_DIAGNOSTIC_AND_STOP_DECISION,TGS_STABLE_V2_ROOT_CAUSE_DIAGNOSTIC,9dae034999aa33b3f0d059adc059d3c8dbe659c2,POST_HOC_ASSOCIATION_DIAGNOSTIC_ONLY,v2-r2a-20260727-d3b8ed0-integrity1,U100_PIT_LITE,final_holdout,90,other,0,0.0,0.0,0,0,0,,,,,,,0,,,0.0,INSUFFICIENT_SAMPLE,,,0,,0,,0,,0,
V2-R2B_ROOT_CAUSE_DIAGNOSTIC_AND_STOP_DECISION,TGS_STABLE_V2_ROOT_CAUSE_DIAGNOSTIC,9dae034999aa33b3f0d059adc059d3c8dbe659c2,POST_HOC_ASSOCIATION_DIAGNOSTIC_ONLY,v2-r2a-20260727-d3b8ed0-integrity1,U100_PIT_LITE,final_holdout,100,stop_loss,31,-4750965.850284279,-4.017065926803769,31,31,0,0.0,,-0.1026964035964035,,-0.1026964035964035,0.0,31,22.322580645161292,22.0,-3.1835885114885087,SUFFICIENT,0.05181852816557488,-0.10089910089910076,24,-0.002762242043484293,16,-0.021859246588062965,3,0.005981141087214962,0,
V2-R2B_ROOT_CAUSE_DIAGNOSTIC_AND_STOP_DECISION,TGS_STABLE_V2_ROOT_CAUSE_DIAGNOSTIC,9dae034999aa33b3f0d059adc059d3c8dbe659c2,POST_HOC_ASSOCIATION_DIAGNOSTIC_ONLY,v2-r2a-20260727-d3b8ed0-integrity1,U100_PIT_LITE,final_holdout,100,stop_gap,12,-2194930.402006106,-1.8558710812616857,12,12,0,0.0,,-0.129695330466861,,-0.129695330466861,0.0,12,21.666666666666668,14.5,-1.556343965602332,INSUFFICIENT_SAMPLE,0.08772128718535323,-0.12795210672821067,7,-0.006160511031399442,5,0.02609925490976093,2,0.04222872719881865,0,
V2-R2B_ROOT_CAUSE_DIAGNOSTIC_AND_STOP_DECISION,TGS_STABLE_V2_ROOT_CAUSE_DIAGNOSTIC,9dae034999aa33b3f0d059adc059d3c8dbe659c2,POST_HOC_ASSOCIATION_DIAGNOSTIC_ONLY,v2-r2a-20260727-d3b8ed0-integrity1,U100_PIT_LITE,final_holdout,100,take_profit,13,5386938.041575362,4.554797053597129,13,13,0,1.0,0.296105194805195,,,0.296105194805195,,0,36.0,46.0,3.849367532467535,INSUFFICIENT_SAMPLE,0.2987012987012988,-0.030427639083394332,12,0.06748642974433128,9,0.1289565398816933,7,0.153734144018794,0,
V2-R2B_ROOT_CAUSE_DIAGNOSTIC_AND_STOP_DECISION,TGS_STABLE_V2_ROOT_CAUSE_DIAGNOSTIC,9dae034999aa33b3f0d059adc059d3c8dbe659c2,POST_HOC_ASSOCIATION_DIAGNOSTIC_ONLY,v2-r2a-20260727-d3b8ed0-integrity1,U100_PIT_LITE,final_holdout,100,take_profit_gap,5,1975386.975342444,1.6702413700627368,5,5,0,1.0,0.30720955971063446,,,0.30720955971063446,,0,31.8,35.0,1.5360477985531722,INSUFFICIENT_SAMPLE,0.309827905694117,-0.023857590647264428,5,0.11985282933773012,3,0.11513485218041904,2,0.2313969544367801,0,
V2-R2B_ROOT_CAUSE_DIAGNOSTIC_AND_STOP_DECISION,TGS_STABLE_V2_ROOT_CAUSE_DIAGNOSTIC,9dae034999aa33b3f0d059adc059d3c8dbe659c2,POST_HOC_ASSOCIATION_DIAGNOSTIC_ONLY,v2-r2a-20260727-d3b8ed0-integrity1,U100_PIT_LITE,final_holdout,100,max_holding,23,766266.7491762191,0.647898584405589,23,23,0,0.5217391304347826,0.08939901291762127,-0.04992429465434105,1.7906915568179749,0.02276612668755234,1.953481698346882,4,60.0,60.0,0.5236209138137038,INSUFFICIENT_SAMPLE,0.12840004358963394,-0.0551398717534683,23,0.014207486905854345,23,0.03526711462697701,23,0.04911896780815657,23,0.024814731335491946
V2-R2B_ROOT_CAUSE_DIAGNOSTIC_AND_STOP_DECISION,TGS_STABLE_V2_ROOT_CAUSE_DIAGNOSTIC,9dae034999aa33b3f0d059adc059d3c8dbe659c2,POST_HOC_ASSOCIATION_DIAGNOSTIC_ONLY,v2-r2a-20260727-d3b8ed0-integrity1,U100_PIT_LITE,final_holdout,100,data_end_or_haircut,0,0.0,0.0,0,0,0,,,,,,,0,,,0.0,INSUFFICIENT_SAMPLE,,,0,,0,,0,,0,
V2-R2B_ROOT_CAUSE_DIAGNOSTIC_AND_STOP_DECISION,TGS_STABLE_V2_ROOT_CAUSE_DIAGNOSTIC,9dae034999aa33b3f0d059adc059d3c8dbe659c2,POST_HOC_ASSOCIATION_DIAGNOSTIC_ONLY,v2-r2a-20260727-d3b8ed0-integrity1,U100_PIT_LITE,final_holdout,100,other,0,0.0,0.0,0,0,0,,,,,,,0,,,0.0,INSUFFICIENT_SAMPLE,,,0,,0,,0,,0,
V2-R2B_ROOT_CAUSE_DIAGNOSTIC_AND_STOP_DECISION,TGS_STABLE_V2_ROOT_CAUSE_DIAGNOSTIC,9dae034999aa33b3f0d059adc059d3c8dbe659c2,POST_HOC_ASSOCIATION_DIAGNOSTIC_ONLY,v2-r2a-20260727-d3b8ed0-integrity1,U100_PIT_LITE,final_holdout,120,stop_loss,5,-653207.7038921339,-0.4103412316297915,5,5,0,0.0,,-0.10269640359640346,,-0.10269640359640346,0.0,5,16.0,12.0,-0.5134820179820173,INSUFFICIENT_SAMPLE,0.03171044381394448,-0.10089910089910077,3,-0.04680321437953383,1,-0.0396980371187019,1,0.048205926123076726,0,
V2-R2B_ROOT_CAUSE_DIAGNOSTIC_AND_STOP_DECISION,TGS_STABLE_V2_ROOT_CAUSE_DIAGNOSTIC,9dae034999aa33b3f0d059adc059d3c8dbe659c2,POST_HOC_ASSOCIATION_DIAGNOSTIC_ONLY,v2-r2a-20260727-d3b8ed0-integrity1,U100_PIT_LITE,final_holdout,120,stop_gap,3,-432705.1109241867,-0.27182280167726985,3,3,0,0.0,,-0.11175855446794418,,-0.11175855446794418,0.0,3,15.0,17.0,-0.3352756634038325,INSUFFICIENT_SAMPLE,0.09130180336078524,-0.10997940329513112,2,0.06827245563945183,1,0.035250738154469774,0,,0,
V2-R2B_ROOT_CAUSE_DIAGNOSTIC_AND_STOP_DECISION,TGS_STABLE_V2_ROOT_CAUSE_DIAGNOSTIC,9dae034999aa33b3f0d059adc059d3c8dbe659c2,POST_HOC_ASSOCIATION_DIAGNOSTIC_ONLY,v2-r2a-20260727-d3b8ed0-integrity1,U100_PIT_LITE,final_holdout,120,take_profit,4,1939226.1823701598,1.2182104640546518,4,4,0,1.0,0.29610519480519504,,,0.29610519480519504,,0,30.0,23.5,1.1844207792207802,INSUFFICIENT_SAMPLE,0.29870129870129897,-0.049913316591025464,4,0.07206703471068665,2,0.037742934183565224,1,0.23287425539803097,0,
V2-R2B_ROOT_CAUSE_DIAGNOSTIC_AND_STOP_DECISION,TGS_STABLE_V2_ROOT_CAUSE_DIAGNOSTIC,9dae034999aa33b3f0d059adc059d3c8dbe659c2,POST_HOC_ASSOCIATION_DIAGNOSTIC_ONLY,v2-r2a-20260727-d3b8ed0-integrity1,U100_PIT_LITE,final_holdout,120,take_profit_gap,1,533876.6607641657,0.33537817329929115,1,1,0,1.0,0.3066410763182281,,,0.3066410763182281,,0,14.0,14.0,0.3066410763182281,INSUFFICIENT_SAMPLE,0.30925828362719865,-0.014099652267454243,1,0.08892802020569812,0,,0,,0,
V2-R2B_ROOT_CAUSE_DIAGNOSTIC_AND_STOP_DECISION,TGS_STABLE_V2_ROOT_CAUSE_DIAGNOSTIC,9dae034999aa33b3f0d059adc059d3c8dbe659c2,POST_HOC_ASSOCIATION_DIAGNOSTIC_ONLY,v2-r2a-20260727-d3b8ed0-integrity1,U100_PIT_LITE,final_holdout,120,max_holding,7,204674.62856213964,0.12857539595311848,7,7,0,0.7142857142857143,0.04598846350421524,-0.03850783613976466,1.1942624700411508,0.021846663605935266,2.985656175102877,1,60.0,60.0,0.15292664524154687,INSUFFICIENT_SAMPLE,0.13529976271518487,-0.042062110193222514,7,0.04874976788005788,7,0.047392115578936314,7,0.02992155636086415,7,0.023893426565640023
V2-R2B_ROOT_CAUSE_DIAGNOSTIC_AND_STOP_DECISION,TGS_STABLE_V2_ROOT_CAUSE_DIAGNOSTIC,9dae034999aa33b3f0d059adc059d3c8dbe659c2,POST_HOC_ASSOCIATION_DIAGNOSTIC_ONLY,v2-r2a-20260727-d3b8ed0-integrity1,U100_PIT_LITE,final_holdout,120,data_end_or_haircut,0,0.0,0.0,0,0,0,,,,,,,0,,,0.0,INSUFFICIENT_SAMPLE,,,0,,0,,0,,0,
V2-R2B_ROOT_CAUSE_DIAGNOSTIC_AND_STOP_DECISION,TGS_STABLE_V2_ROOT_CAUSE_DIAGNOSTIC,9dae034999aa33b3f0d059adc059d3c8dbe659c2,POST_HOC_ASSOCIATION_DIAGNOSTIC_ONLY,v2-r2a-20260727-d3b8ed0-integrity1,U100_PIT_LITE,final_holdout,120,other,0,0.0,0.0,0,0,0,,,,,,,0,,,0.0,INSUFFICIENT_SAMPLE,,,0,,0,,0,,0,
